customer_id,customer_name,customer_type,city,email,payment_terms_days,created_at,updated_at,is_synthetic,contact_name,_source_row_id,_source_system,_extract_at
SYN-CU-0032,Horizon Institute of Technology — Islamabad Campus 2,Private university,Islamabad, PROCUREMENT.32@EXAMPLE.COM ,30,2026-01-01T12:00:00Z,2026-01-01T12:00:00Z,true,Hamza Siddiqui,customers:00032,CRM,2026-09-29T23:00:00Z
SYN-CU-0032,Horizon Institute of Technology — Islamabad Campus 2,Private university,Islamabad, PROCUREMENT.32@EXAMPLE.COM ,30,2026-01-01T12:00:00Z,2026-01-01T12:00:00Z,true,Hamza Siddiqui,customers:DUP:00031,CRM,2026-09-29T23:00:00Z
SYN-CU-0027,Riverview Institute of Technology — Quetta,Private university,Quetta,procurement.27@example.com,60,2026-01-01T12:00:00Z,2026-01-01T12:00:00Z,true,Hassan Raza,customers:00027,CRM,2026-09-29T23:00:00Z
SYN-CU-0019,Frontier Medical and Health Sciences College — Peshawar,Medical college,Peshawar,procurement.19@example.com,60,2026-01-01T12:00:00Z,2026-01-01T12:00:00Z,true,Hassan Raza,customers:00019,CRM,2026-09-29T23:00:00Z
SYN-CU-0007,Indus Valley University of Engineering and Sciences,Public university,Quetta,procurement.7@example.com,60,2026-01-01T12:00:00Z,2026-01-01T12:00:00Z,true,Mariam Iqbal,customers:00007,CRM,2026-09-29T23:00:00Z
SYN-CU-0050,Beacon University of Engineering and Sciences — Peshawar Campus 3,Public university,Peshawar,procurement.50@example.com,30,2026-01-01T12:00:00Z,2026-01-01T12:00:00Z,true,Bilal Khan,customers:00050,CRM,2026-09-29T23:00:00Z
SYN-CU-0039,Summit University of Engineering and Sciences — Quetta Campus 2,Public university,Quetta,procurement.39@example.com,45,2026-01-01T12:00:00Z,2026-01-01T12:00:00Z,true,Hassan Raza,customers:00039,CRM,2026-09-29T23:00:00Z
SYN-CU-0047,Horizon Technical Training Centre — Quetta Campus 3,Training institute,Quetta, PROCUREMENT.47@EXAMPLE.COM ,30,2026-01-01T12:00:00Z,2026-01-01T12:00:00Z,YES,Mariam Iqbal,customers:00047,CRM,2026-09-29T23:00:00Z
SYN-CU-0009,Summit Medical and Health Sciences College,Medical college,Karachi,procurement.9@example.com,45,2026-01-01T12:00:00Z,2026-01-01T12:00:00Z,YES,Hamza Siddiqui,customers:00009,CRM,2026-09-29T23:00:00Z
SYN-CU-0002,Horizon University of Engineering and Sciences,Public university,Quetta, PROCUREMENT.2@EXAMPLE.COM ,60,2026-01-01T12:00:00Z,2026-01-01T12:00:00Z,true,Hamza Siddiqui,customers:00002,CRM,2026-09-29T23:00:00Z
SYN-CU-0010,Northgate Medical and Health Sciences College,Medical college,Quetta,procurement.10@example.com,45,2026-01-01T12:00:00Z,2026-01-01T12:00:00Z,true,Sara Ahmed,customers:00010,CRM,2026-09-29T23:00:00Z
SYN-CU-0005,Beacon Institute of Technology,Private university,Islamabad,procurement.5@example.com,45,2026-01-01T12:00:00Z,2026-01-01T12:00:00Z,true,Hassan Raza,customers:00005,CRM,2026-09-29T23:00:00Z
SYN-CU-0055,  Northgate Institute of Technology — Lahore Campus 3  ,Private university,Lahore,procurement.55@example.com,30,2026-01-01T12:00:00Z,2026-01-01T12:00:00Z,true,Ayesha Malik,customers:00055,CRM,2026-09-29T23:00:00Z
SYN-CU-0031,Crescent Institute of Technology — Peshawar Campus 2,Private university,PEW,procurement.31@example.com,45,2026-01-01T12:00:00Z,2026-01-01T12:00:00Z,true,Ayesha Malik,customers:00031,CRM,2026-09-29T23:00:00Z
SYN-CU-0036,Alpine Institute of Technology — Islamabad Campus 2,Private university,Islamabad,procurement.36@example.com,60,2026-01-01T12:00:00Z,2026-01-01T12:00:00Z,true,Ayesha Malik,customers:00036,CRM,2026-09-29T23:00:00Z
SYN-CU-0045,Seaview Medical and Health Sciences College — Peshawar Campus 2,Medical college,Peshawar,procurement.45@example.com,60,2026-01-01T12:00:00Z,2026-01-01T12:00:00Z,true,Sara Ahmed,customers:00045,CRM,2026-09-29T23:00:00Z
SYN-CU-0056,Eastbridge University of Engineering and Sciences — Karachi Campus 3,Public university,Karachi,procurement.56@example.com,45,2026-01-01T12:00:00Z,2026-01-01T12:00:00Z,true,Bilal Khan,customers:00056,CRM,2026-09-29T23:00:00Z
SYN-CU-0048,Meridian University of Engineering and Sciences — Lahore Campus 3,Public university,Lahore,procurement.48example.com,30,2026-01-01T12:00:00Z,2026-01-01T12:00:00Z,true,Hassan Raza,customers:00048,CRM,2026-09-29T23:00:00Z
SYN-CU-0016,  Crescent Technical Training Centre — Islamabad  ,Training institute,Islamabad,procurement.16@example.com,30,2026-01-01T12:00:00Z,2026-01-01T12:00:00Z,true,Bilal Khan,customers:00016,CRM,2026-09-29T23:00:00Z
SYN-CU-0040,Northgate Medical and Health Sciences College — Quetta Campus 2,Medical college,UET,procurement.40@example.com,90,2026-01-01T12:00:00Z,2026-01-01T12:00:00Z,true,NULL,customers:00040,CRM,2026-09-29T23:00:00Z
SYN-CU-0023,Coastal Medical and Health Sciences College — Quetta,Medical college,Quetta,procurement.23@example.com,30,2026-01-01T12:00:00Z,2026-01-01T12:00:00Z,true,NULL,customers:00023,CRM,2026-09-29T23:00:00Z
SYN-CU-0057,Riverview Technical Training Centre — Karachi Campus 3,Training institute,Karachi,procurement.57@example.com,45,2026-01-01T12:00:00Z,2026-01-01T12:00:00Z,true,NULL,customers:00057,CRM,2026-09-29T23:00:00Z
SYN-CU-0043,Oakridge Medical and Health Sciences College — Islamabad Campus 2,Medical college,Islamabad,procurement.43@example.com,30,2026-01-01T12:00:00Z,2026-01-01T12:00:00Z,true,Ayesha Malik,customers:00043,CRM,2026-09-29T23:00:00Z
SYN-CU-0044,Pioneer Institute of Technology — Peshawar Campus 2,Private university,Peshawar,procurement.44@example.com,45,2026-01-01T12:00:00Z,2026-01-01T12:00:00Z,true,Ayesha Malik,customers:00044,CRM,2026-09-29T23:00:00Z
SYN-CU-0029,  Pioneer Institute of Technology — Karachi  ,Private university,Karachi,procurement.29@example.com,60,2026-01-01T12:00:00Z,2026-01-01T12:00:00Z,true,Hamza Siddiqui,customers:00029,CRM,2026-09-29T23:00:00Z
SYN-CU-0001,Crescent University of Engineering and Sciences,Public university,Islamabad,procurement.1@example.com,30,2026-01-01T12:00:00Z,2026-01-01T12:00:00Z,true,Ayesha Malik,customers:DUP:00000,CRM,2026-09-29T23:00:00Z
SYN-CU-0017,Horizon Institute of Technology — Quetta,Private university,Quetta, PROCUREMENT.17@EXAMPLE.COM ,90,2026-01-01T12:00:00Z,2026-01-01T12:00:00Z,true,Hassan Raza,customers:00017,CRM,2026-09-29T23:00:00Z
SYN-CU-0011,Eastbridge Medical and Health Sciences College,Medical college,Islamabad,procurement.11@example.com,30,2026-01-01T12:00:00Z,2026-01-01T12:00:00Z,true,Ayesha Malik,customers:00011,CRM,2026-09-29T23:00:00Z
SYN-CU-0004,Frontier Medical and Health Sciences College,Medical college,LHR,procurement.4@example.com,45,2026-01-01T12:00:00Z,2026-01-01T12:00:00Z,true,Bilal Khan,customers:00004,CRM,2026-09-29T23:00:00Z
SYN-CU-0051,Alpine Technical Training Centre — Peshawar Campus 3,Training institute,Peshawar,procurement.51@example.com,90,2026-01-01T12:00:00Z,2026-01-01T12:00:00Z,true,Sara Ahmed,customers:00051,CRM,2026-09-29T23:00:00Z
SYN-CU-0030,Seaview Technical Training Centre — Lahore,Training institute,Lahore,procurement.30@example.com,60,2026-01-01T12:00:00Z,2026-01-01T12:00:00Z,true,Bilal Khan,customers:00030,CRM,2026-09-29T23:00:00Z
SYN-CU-0028,Oakridge University of Engineering and Sciences — Peshawar,Public university,Peshawar,procurement.28example.com,90,2026-01-01T12:00:00Z,2026-01-01T12:00:00Z,YES,Hamza Siddiqui,customers:00028,CRM,2026-09-29T23:00:00Z
SYN-CU-0053,Coastal Medical and Health Sciences College — Lahore Campus 3,Medical college,Lahore,procurement.53@example.com,30,2026-01-01T12:00:00Z,2026-01-01T12:00:00Z,true,Hamza Siddiqui,customers:00053,CRM,2026-09-29T23:00:00Z
SYN-CU-0025,Northgate Medical and Health Sciences College — Karachi,Medical college,Karachi,procurement.25@example.com,90,2026-01-01T12:00:00Z,2026-01-01T12:00:00Z,true,Hamza Siddiqui,customers:00025,CRM,2026-09-29T23:00:00Z
SYN-CU-0035,Beacon University of Engineering and Sciences — Peshawar Campus 2,Public university,Peshawar,procurement.35@example.com,60,2026-01-01T12:00:00Z,2026-01-01T12:00:00Z,true,Bilal Khan,customers:00035,CRM,2026-09-29T23:00:00Z
SYN-CU-0013,Oakridge Technical Training Centre,Training institute,UET,procurement.13@example.com,45,2026-01-01T12:00:00Z,2026-01-01T12:00:00Z,true,Hamza Siddiqui,customers:00013,CRM,2026-09-29T23:00:00Z
SYN-CU-0049,Frontier University of Engineering and Sciences — Peshawar Campus 3,Public university,PEW,procurement.49@example.com,60,2026-01-01T12:00:00Z,2026-01-01T12:00:00Z,true,Ayesha Malik,customers:00049,CRM,2026-09-29T23:00:00Z
SYN-CU-0026,Eastbridge Technical Training Centre — Quetta,Training institute,Quetta,procurement.26@example.com,90,2026-01-01T12:00:00Z,2026-01-01T12:00:00Z,true,Sara Ahmed,customers:00026,CRM,2026-09-29T23:00:00Z
SYN-CU-0052,Indus Valley Institute of Technology — Islamabad Campus 3,Private university,Islamabad,procurement.52@example.com,90,2026-01-01T12:00:00Z,2026-01-01T12:00:00Z,true,Mariam Iqbal,customers:00052,CRM,2026-09-29T23:00:00Z
SYN-CU-0034,Frontier University of Engineering and Sciences — Lahore Campus 2,Public university,Lahore,procurement.34@example.com,45,2026-01-01T12:00:00Z,2026-01-01T12:00:00Z,true,Hassan Raza,customers:00034,CRM,2026-09-29T23:00:00Z
SYN-CU-0054,Summit University of Engineering and Sciences — Quetta Campus 3,Public university,Quetta,procurement.54@example.com,90,2026-01-01T12:00:00Z,2026-01-01T12:00:00Z,true,Bilal Khan,customers:00054,CRM,2026-09-29T23:00:00Z
SYN-CU-0012,Riverview University of Engineering and Sciences,Public university,Islamabad,procurement.12@example.com,90,2026-01-01T12:00:00Z,2026-01-01T12:00:00Z,true,Hassan Raza,customers:00012,CRM,2026-09-29T23:00:00Z
SYN-CU-0059,Pioneer University of Engineering and Sciences — Peshawar Campus 3,Public university,Peshawar,procurement.59@example.com,90,2026-01-01T12:00:00Z,2026-01-01T12:00:00Z,true,Mariam Iqbal,customers:00059,CRM,2026-09-29T23:00:00Z
SYN-CU-0041,Eastbridge Institute of Technology — Quetta Campus 2,Private university,Quetta,procurement.41@example.com,60,2026-01-01T12:00:00Z,2026-01-01T12:00:00Z,true,Ayesha Malik,customers:00041,CRM,2026-09-29T23:00:00Z
SYN-CU-0037,Indus Valley Medical and Health Sciences College — Karachi Campus 2,Medical college,Karachi,procurement.37@example.com,60,2026-01-01T12:00:00Z,2026-01-01T12:00:00Z,true,Mariam Iqbal,customers:00037,CRM,2026-09-29T23:00:00Z
SYN-CU-0033,Meridian Technical Training Centre — Karachi Campus 2,Training institute,Karachi,procurement.33@example.com,45,2026-01-01T12:00:00Z,2026-01-01T12:00:00Z,true,Mariam Iqbal,customers:00033,CRM,2026-09-29T23:00:00Z
SYN-CU-0038,Coastal Technical Training Centre — Islamabad Campus 2,Training institute,Islamabad,procurement.38@example.com,60,2026-01-01T12:00:00Z,2026-01-01T12:00:00Z,true,Hassan Raza,customers:00038,CRM,2026-09-29T23:00:00Z
SYN-CU-0021,Alpine University of Engineering and Sciences — Quetta,Public university,Quetta,procurement.21@example.com,90,2026-01-01T12:00:00Z,2026-01-01T12:00:00Z,true,Ayesha Malik,customers:00021,CRM,2026-09-29T23:00:00Z
SYN-CU-0042,  Riverview Medical and Health Sciences College — Peshawar Campus 2  ,Medical college,Peshawar,procurement.42@example.com,45,2026-01-01T12:00:00Z,2026-01-01T12:00:00Z,true,Hamza Siddiqui,customers:00042,CRM,2026-09-29T23:00:00Z
SYN-CU-0003,  Meridian Technical Training Centre  ,Training institute,Karachi,procurement.3@example.com,30,2026-01-01T12:00:00Z,2026-01-01T12:00:00Z,true,Hassan Raza,customers:00003,CRM,2026-09-29T23:00:00Z
SYN-CU-0060,Seaview University of Engineering and Sciences — Quetta Campus 3,Public university,Quetta,procurement.60@example.com,90,2026-01-01T12:00:00Z,2026-01-01T12:00:00Z,true,Mariam Iqbal,customers:00060,CRM,2026-09-29T23:00:00Z
SYN-CU-0001,Crescent University of Engineering and Sciences,Public university,Islamabad,procurement.1@example.com,30,2026-01-01T12:00:00Z,2026-01-01T12:00:00Z,true,Ayesha Malik,customers:00001,CRM,2026-09-29T23:00:00Z
SYN-CU-0058,Oakridge University of Engineering and Sciences — Peshawar Campus 3,Public university,PEW,procurement.58@example.com,30,2026-01-01T12:00:00Z,2026-01-01T12:00:00Z,true,Mariam Iqbal,customers:00058,CRM,2026-09-29T23:00:00Z
SYN-CU-0022,Indus Valley University of Engineering and Sciences — Karachi,Public university,KHI,procurement.22@example.com,30,2026-01-01T12:00:00Z,2026-01-01T12:00:00Z,true,Mariam Iqbal,customers:00022,CRM,2026-09-29T23:00:00Z
SYN-CU-0006,Alpine Institute of Technology,Private university,Islamabad,procurement.6@example.com,30,2026-01-01T12:00:00Z,2026-01-01T12:00:00Z,true,NULL,customers:00006,CRM,2026-09-29T23:00:00Z
SYN-CU-0014,Pioneer University of Engineering and Sciences,Public university,Peshawar,procurement.14@example.com,90,2026-01-01T12:00:00Z,2026-01-01T12:00:00Z,true,Ayesha Malik,customers:00014,CRM,2026-09-29T23:00:00Z
SYN-CU-0015,Seaview Technical Training Centre,Training institute,Karachi,procurement.15@example.com,45,2026-01-01T12:00:00Z,2026-01-01T12:00:00Z,true,Mariam Iqbal,customers:00015,CRM,2026-09-29T23:00:00Z
SYN-CU-0024,Summit University of Engineering and Sciences — Islamabad,Public university,Islamabad,procurement.24@example.com,30,2026-01-01T12:00:00Z,2026-01-01T12:00:00Z,true,Hassan Raza,customers:00024,CRM,2026-09-29T23:00:00Z
SYN-CU-0008,Coastal University of Engineering and Sciences,Public university,Peshawar,procurement.8example.com,45,2026-01-01T12:00:00Z,2026-01-01T12:00:00Z,true,Ayesha Malik,customers:00008,CRM,2026-09-29T23:00:00Z
SYN-CU-0018,Meridian University of Engineering and Sciences — Peshawar,Public university,Peshawar,procurement.18@example.com,60,2026-01-01T12:00:00Z,2026-01-01T12:00:00Z,true,Hamza Siddiqui,customers:00018,CRM,2026-09-29T23:00:00Z
SYN-CU-0020,Beacon University of Engineering and Sciences — Peshawar,Public university,Peshawar,procurement.20@example.com,90,2026-01-01T12:00:00Z,2026-01-01T12:00:00Z,true,Hamza Siddiqui,customers:00020,CRM,2026-09-29T23:00:00Z
SYN-CU-0046,Crescent Medical and Health Sciences College — Karachi Campus 3,Medical college,Karachi,procurement.46@example.com,45,2026-01-01T12:00:00Z,2026-01-01T12:00:00Z,true,Bilal Khan,customers:00046,CRM,2026-09-29T23:00:00Z
