fx_rate_id,rate_date,currency,pkr_per_unit,rate_basis,is_synthetic,_source_row_id,_source_system,_extract_at
FX-01-GBP,2026-01-01,GBP,366,"Illustrative monthly practice rate, not market rate",true,fx_rates:00003,Finance,2026-09-29T23:00:00Z
FX-01-EUR,2026-01-01,EUR,311,"Illustrative monthly practice rate, not market rate",true,fx_rates:DUP:00000,Finance,2026-09-29T23:00:00Z
FX-08-USD,2026-08-01,USD,282.0,"Illustrative monthly practice rate, not market rate",true,fx_rates:00023,Finance,2026-09-29T23:00:00Z
FX-02-USD,2026-02-01,USD,279.0,"Illustrative monthly practice rate, not market rate",true,fx_rates:00005,Finance,2026-09-29T23:00:00Z
FX-07-USD,2026-07-01,USD,281.5,"Illustrative monthly practice rate, not market rate",true,fx_rates:00020,Finance,2026-09-29T23:00:00Z
FX-04-GBP,2026-04-01,GBP,369,"Illustrative monthly practice rate, not market rate",true,fx_rates:00012,Finance,2026-09-29T23:00:00Z
FX-07-GBP,01-Jul-2026,GBP,372,"Illustrative monthly practice rate, not market rate",true,fx_rates:00021,Finance,2026-09-29T23:00:00Z
FX-08-EUR,2026-08-01,EUR,318,"Illustrative monthly practice rate, not market rate",true,fx_rates:00022,Finance,2026-09-29T23:00:00Z
FX-03-GBP,2026-03-01,GBP,368,"Illustrative monthly practice rate, not market rate",YES,fx_rates:00009,Finance,2026-09-29T23:00:00Z
FX-04-USD,2026-04-01,USD,280.0,"Illustrative monthly practice rate, not market rate",true,fx_rates:00011,Finance,2026-09-29T23:00:00Z
FX-06-USD,2026-06-01,USD,281.0,"Illustrative monthly practice rate, not market rate",true,fx_rates:00017,Finance,2026-09-29T23:00:00Z
FX-04-EUR,2026-04-01,EUR,314,"Illustrative monthly practice rate, not market rate",true,fx_rates:00010,Finance,2026-09-29T23:00:00Z
FX-06-EUR,2026-06-01,EUR,316,"Illustrative monthly practice rate, not market rate",true,fx_rates:00016,Finance,2026-09-29T23:00:00Z
FX-07-EUR,2026-07-01,EUR,317,"Illustrative monthly practice rate, not market rate",true,fx_rates:00019,Finance,2026-09-29T23:00:00Z
FX-08-GBP,01/08/2026,GBP,373,"Illustrative monthly practice rate, not market rate",true,fx_rates:00024,Finance,2026-09-29T23:00:00Z
FX-03-USD,2026-03-01,USD,279.5,"Illustrative monthly practice rate, not market rate",true,fx_rates:00008,Finance,2026-09-29T23:00:00Z
FX-09-EUR,2026-09-01,EUR,319,"Illustrative monthly practice rate, not market rate",true,fx_rates:00025,Finance,2026-09-29T23:00:00Z
FX-06-GBP,2026-06-01,GBP,371,"Illustrative monthly practice rate, not market rate",true,fx_rates:00018,Finance,2026-09-29T23:00:00Z
FX-05-EUR,01/05/2026,EUR,315,"Illustrative monthly practice rate, not market rate",true,fx_rates:00013,Finance,2026-09-29T23:00:00Z
FX-09-GBP,2026-09-01,GBP,374,"Illustrative monthly practice rate, not market rate",true,fx_rates:00027,Finance,2026-09-29T23:00:00Z
FX-01-USD,01/01/2026,USD,278.5,"Illustrative monthly practice rate, not market rate",true,fx_rates:00002,Finance,2026-09-29T23:00:00Z
FX-05-USD,2026-05-01,USD,280.5,"Illustrative monthly practice rate, not market rate",true,fx_rates:00014,Finance,2026-09-29T23:00:00Z
FX-02-GBP,2026-02-01,GBP,367,"Illustrative monthly practice rate, not market rate",true,fx_rates:00006,Finance,2026-09-29T23:00:00Z
FX-01-EUR,2026-01-01,EUR,311,"Illustrative monthly practice rate, not market rate",true,fx_rates:00001,Finance,2026-09-29T23:00:00Z
FX-09-USD,2026-09-01,USD,282.5,"Illustrative monthly practice rate, not market rate",true,fx_rates:00026,Finance,2026-09-29T23:00:00Z
FX-05-GBP,2026-05-01,GBP,370,"Illustrative monthly practice rate, not market rate",true,fx_rates:00015,Finance,2026-09-29T23:00:00Z
FX-03-EUR,2026-03-01,EUR,313,"Illustrative monthly practice rate, not market rate",true,fx_rates:00007,Finance,2026-09-29T23:00:00Z
FX-02-EUR,01-Feb-2026,EUR,312,"Illustrative monthly practice rate, not market rate",true,fx_rates:00004,Finance,2026-09-29T23:00:00Z
