receipt_id,purchase_line_id,branch_id,receipt_date,quantity_received,is_synthetic,_source_row_id,_source_system,_extract_at
SYN-GR-0074,SYN-PL-0074,SYN-BR-0002,2026-04-22,2,true,goods_receipts:00074,Operations,2026-09-29T23:00:00Z
SYN-GR-0134,SYN-PL-0134,SYN-BR-0004,10/07/2026,1,true,goods_receipts:00134,Operations,2026-09-29T23:00:00Z
SYN-GR-0092,SYN-PL-0092,SYN-BR-0001,2026-02-10,2,true,goods_receipts:00092,Operations,2026-09-29T23:00:00Z
SYN-GR-0095,SYN-PL-0095,SYN-BR-0002,2026-06-03,2,true,goods_receipts:00095,Operations,2026-09-29T23:00:00Z
SYN-GR-0129,SYN-PL-0129,SYN-BR-0005,2026-06-02,2,true,goods_receipts:00129,Operations,2026-09-29T23:00:00Z
SYN-GR-0088,SYN-PL-0088,SYN-BR-0001,2026-03-24,2,true,goods_receipts:00088,Operations,2026-09-29T23:00:00Z
SYN-GR-0125,SYN-PL-0125,SYN-BR-0001,2026-05-07,1,true,goods_receipts:DUP:00124,Operations,2026-09-29T23:00:00Z
SYN-GR-0164,SYN-PL-0164,SYN-BR-0004,2026-04-07,2,true,goods_receipts:00164,Operations,2026-09-29T23:00:00Z
SYN-GR-0033,SYN-PL-0033,SYN-BR-0005,2026-09-05,1,true,goods_receipts:00033,Operations,2026-09-29T23:00:00Z
SYN-GR-0076,SYN-PL-0076,SYN-BR-0003,2026-06-29,3,true,goods_receipts:00076,Operations,2026-09-29T23:00:00Z
SYN-GR-0137,SYN-PL-0137,SYN-BR-0001,2026-06-27,3,true,goods_receipts:00137,Operations,2026-09-29T23:00:00Z
SYN-GR-0042,SYN-PL-0042,SYN-BR-0001,2026-04-19,1,true,goods_receipts:00042,Operations,2026-09-29T23:00:00Z
SYN-GR-0138,SYN-PL-0138,SYN-BR-0005,2026-03-03,3,true,goods_receipts:00138,Operations,2026-09-29T23:00:00Z
SYN-GR-0127,SYN-PL-0127,SYN-BR-0003,2026-07-23,2,true,goods_receipts:00127,Operations,2026-09-29T23:00:00Z
SYN-GR-0070,SYN-PL-0070,SYN-BR-0004,2026-05-03,3,true,goods_receipts:00070,Operations,2026-09-29T23:00:00Z
SYN-GR-0027,SYN-PL-0027,SYN-BR-0002,2026-04-05,3,true,goods_receipts:00027,Operations,2026-09-29T23:00:00Z
SYN-GR-0048,SYN-PL-0048,SYN-BR-0002,2026-05-08,3,true,goods_receipts:00048,Operations,2026-09-29T23:00:00Z
SYN-GR-0090,SYN-PL-0090,SYN-BR-0001,05/04/2026,1,true,goods_receipts:00090,Operations,2026-09-29T23:00:00Z
SYN-GR-0008,SYN-PL-0008,SYN-BR-0005,2026-08-14,1,true,goods_receipts:00008,Operations,2026-09-29T23:00:00Z
SYN-GR-0054,SYN-PL-0054,SYN-BR-0003,2026-08-11,1,true,goods_receipts:00054,Operations,2026-09-29T23:00:00Z
SYN-GR-0123,SYN-PL-0123,SYN-BR-0005,08/08/2026,1,YES,goods_receipts:00123,Operations,2026-09-29T23:00:00Z
SYN-GR-0132,SYN-PL-0132,SYN-BR-0004,2026-04-19,1,true,goods_receipts:00132,Operations,2026-09-29T23:00:00Z
SYN-GR-0003,SYN-PL-0003,SYN-BR-0005,2026-05-27,2,true,goods_receipts:00003,Operations,2026-09-29T23:00:00Z
SYN-GR-0068,SYN-PL-0068,SYN-BR-0001,28/08/2026,1,true,goods_receipts:00068,Operations,2026-09-29T23:00:00Z
SYN-GR-0018,SYN-PL-0018,SYN-BR-0005,2026-08-12,1,true,goods_receipts:00018,Operations,2026-09-29T23:00:00Z
SYN-GR-0001,SYN-PL-0001,SYN-BR-0005,2026-05-27,1,true,goods_receipts:00001,Operations,2026-09-29T23:00:00Z
SYN-GR-0159,SYN-PL-0159,SYN-BR-0003,2026-09-03,3,true,goods_receipts:00159,Operations,2026-09-29T23:00:00Z
SYN-GR-0109,SYN-PL-0109,SYN-BR-0005,2026-04-28,3,true,goods_receipts:00109,Operations,2026-09-29T23:00:00Z
SYN-GR-0110,SYN-PL-0110,SYN-BR-0003,2026-05-04,1,true,goods_receipts:00110,Operations,2026-09-29T23:00:00Z
SYN-GR-0100,SYN-PL-0100,SYN-BR-0002,2026-02-14,3,true,goods_receipts:00100,Operations,2026-09-29T23:00:00Z
SYN-GR-0157,SYN-PL-0157,SYN-BR-0003,03-Sep-2026,2,true,goods_receipts:00157,Operations,2026-09-29T23:00:00Z
SYN-GR-0028,SYN-PL-0028,SYN-BR-0005,2026-04-08,1,YES,goods_receipts:00028,Operations,2026-09-29T23:00:00Z
SYN-GR-0119,SYN-PL-0119,SYN-BR-0005,2026-09-04,2,true,goods_receipts:00119,Operations,2026-09-29T23:00:00Z
SYN-GR-0141,SYN-PL-0141,SYN-BR-0002,2026-06-02,1,true,goods_receipts:00141,Operations,2026-09-29T23:00:00Z
SYN-GR-0126,SYN-PL-0126,SYN-BR-0001,2026-05-07,3,true,goods_receipts:00126,Operations,2026-09-29T23:00:00Z
SYN-GR-0131,SYN-PL-0131,SYN-BR-0001,2026-03-22,3,true,goods_receipts:00131,Operations,2026-09-29T23:00:00Z
SYN-GR-0156,SYN-PL-0156,SYN-BR-0004,12/04/2026,3,true,goods_receipts:DUP:00155,Operations,2026-09-29T23:00:00Z
SYN-GR-0069,SYN-PL-0069,SYN-BR-0001,2026-08-28,2,true,goods_receipts:00069,Operations,2026-09-29T23:00:00Z
SYN-GR-0072,SYN-PL-0072,SYN-BR-0004,03-May-2026,3,true,goods_receipts:00072,Operations,2026-09-29T23:00:00Z
SYN-GR-0060,SYN-PL-0060,SYN-BR-0004,2026-04-21,1,true,goods_receipts:00060,Operations,2026-09-29T23:00:00Z
SYN-GR-0156,SYN-PL-0156,SYN-BR-0004,12/04/2026,3,true,goods_receipts:00156,Operations,2026-09-29T23:00:00Z
SYN-GR-0024,SYN-PL-0024,SYN-BR-0002,14/03/2026,2,true,goods_receipts:00024,Operations,2026-09-29T23:00:00Z
SYN-GR-0046,SYN-PL-0046,SYN-BR-0003,28/05/2026,2,true,goods_receipts:00046,Operations,2026-09-29T23:00:00Z
SYN-GR-0102,SYN-PL-0102,SYN-BR-0004,2026-03-14,3,true,goods_receipts:00102,Operations,2026-09-29T23:00:00Z
SYN-GR-0153,SYN-PL-0153,SYN-BR-0004,2026-03-20,3,true,goods_receipts:00153,Operations,2026-09-29T23:00:00Z
SYN-GR-0099,SYN-PL-0099,SYN-BR-0002,2026-02-14,1,true,goods_receipts:00099,Operations,2026-09-29T23:00:00Z
SYN-GR-0101,SYN-PL-0101,SYN-BR-0004,14/03/2026,1,true,goods_receipts:00101,Operations,2026-09-29T23:00:00Z
SYN-GR-0016,SYN-PL-0016,SYN-BR-0005,2026-04-10,3,true,goods_receipts:00016,Operations,2026-09-29T23:00:00Z
SYN-GR-0169,SYN-PL-0169,SYN-BR-0003,2026-05-31,3,true,goods_receipts:00169,Operations,2026-09-29T23:00:00Z
SYN-GR-0085,SYN-PL-0085,SYN-BR-0005,2026-08-22,1,YES,goods_receipts:00085,Operations,2026-09-29T23:00:00Z
SYN-GR-0047,SYN-PL-0047,SYN-BR-0003,2026-05-28,1,YES,goods_receipts:00047,Operations,2026-09-29T23:00:00Z
SYN-GR-0004,SYN-PL-0004,SYN-BR-0005,27-May-2026,2,true,goods_receipts:00004,Operations,2026-09-29T23:00:00Z
SYN-GR-0040,SYN-PL-0040,SYN-BR-0002,2026-05-01,1,true,goods_receipts:00040,Operations,2026-09-29T23:00:00Z
SYN-GR-0105,SYN-PL-0105,SYN-BR-0001,2026-05-22,2,true,goods_receipts:00105,Operations,2026-09-29T23:00:00Z
SYN-GR-0136,SYN-PL-0136,SYN-BR-0001,2026-06-27,1,true,goods_receipts:00136,Operations,2026-09-29T23:00:00Z
SYN-GR-0015,SYN-PL-0015,SYN-BR-0001,2026-09-01,3,true,goods_receipts:00015,Operations,2026-09-29T23:00:00Z
SYN-GR-0053,SYN-PL-0053,SYN-BR-0003,2026-08-11,2,true,goods_receipts:00053,Operations,2026-09-29T23:00:00Z
SYN-GR-0056,SYN-PL-0056,SYN-BR-0004,2026-02-13,2,true,goods_receipts:00056,Operations,2026-09-29T23:00:00Z
SYN-GR-0007,SYN-PL-0007,SYN-BR-0003,2026-03-01,3,true,goods_receipts:00007,Operations,2026-09-29T23:00:00Z
SYN-GR-0107,SYN-PL-0107,SYN-BR-0005,2026-04-28,2,true,goods_receipts:00107,Operations,2026-09-29T23:00:00Z
SYN-GR-0094,SYN-PL-0094,SYN-BR-0002,2026-06-03,2,true,goods_receipts:00094,Operations,2026-09-29T23:00:00Z
SYN-GR-0071,SYN-PL-0071,SYN-BR-0004,2026-05-03,1,true,goods_receipts:00071,Operations,2026-09-29T23:00:00Z
SYN-GR-0034,SYN-PL-0034,SYN-BR-0005,2026-09-05,2,true,goods_receipts:00034,Operations,2026-09-29T23:00:00Z
SYN-GR-0124,SYN-PL-0124,SYN-BR-0005,2026-08-08,2,true,goods_receipts:00124,Operations,2026-09-29T23:00:00Z
SYN-GR-0147,SYN-PL-0147,SYN-BR-0002,2026-05-13,1,true,goods_receipts:00147,Operations,2026-09-29T23:00:00Z
SYN-GR-0091,SYN-PL-0091,SYN-BR-0001,2026-02-10,1,true,goods_receipts:00091,Operations,2026-09-29T23:00:00Z
SYN-GR-0020,SYN-PL-0020,SYN-BR-0001,2026-02-08,3,true,goods_receipts:00020,Operations,2026-09-29T23:00:00Z
SYN-GR-0081,SYN-PL-0081,SYN-BR-0003,2026-05-08,1,true,goods_receipts:00081,Operations,2026-09-29T23:00:00Z
SYN-GR-0073,SYN-PL-0073,SYN-BR-0002,2026-04-22,3,true,goods_receipts:00073,Operations,2026-09-29T23:00:00Z
SYN-GR-0128,SYN-PL-0128,SYN-BR-0005,2026-06-02,2,true,goods_receipts:00128,Operations,2026-09-29T23:00:00Z
SYN-GR-0043,SYN-PL-0043,SYN-BR-0001,2026-04-19,1,true,goods_receipts:00043,Operations,2026-09-29T23:00:00Z
SYN-GR-0009,SYN-PL-0009,SYN-BR-0003,2026-07-24,2,YES,goods_receipts:00009,Operations,2026-09-29T23:00:00Z
SYN-GR-0160,SYN-PL-0160,SYN-BR-0003,2026-09-03,2,true,goods_receipts:00160,Operations,2026-09-29T23:00:00Z
SYN-GR-0079,SYN-PL-0079,SYN-BR-0002,02/05/2026,1,true,goods_receipts:00079,Operations,2026-09-29T23:00:00Z
SYN-GR-0055,SYN-PL-0055,SYN-BR-0003,11-Aug-2026,3,true,goods_receipts:00055,Operations,2026-09-29T23:00:00Z
SYN-GR-0130,SYN-PL-0130,SYN-BR-0005,2026-06-02,2,true,goods_receipts:00130,Operations,2026-09-29T23:00:00Z
SYN-GR-0106,SYN-PL-0106,SYN-BR-0001,22-May-2026,2,true,goods_receipts:00106,Operations,2026-09-29T23:00:00Z
SYN-GR-0039,SYN-PL-0039,SYN-BR-0002,2026-05-01,1,true,goods_receipts:00039,Operations,2026-09-29T23:00:00Z
SYN-GR-0162,SYN-PL-0162,SYN-BR-0004,2026-08-20,2,true,goods_receipts:00162,Operations,2026-09-29T23:00:00Z
SYN-GR-0086,SYN-PL-0086,SYN-BR-0005,2026-08-22,2,true,goods_receipts:00086,Operations,2026-09-29T23:00:00Z
SYN-GR-0135,SYN-PL-0135,SYN-BR-0004,2026-07-10,1,true,goods_receipts:00135,Operations,2026-09-29T23:00:00Z
SYN-GR-0012,SYN-PL-0012,SYN-BR-0003,2026-07-24,1,true,goods_receipts:00012,Operations,2026-09-29T23:00:00Z
SYN-GR-0145,SYN-PL-0145,SYN-BR-0002,16/07/2026,3,true,goods_receipts:00145,Operations,2026-09-29T23:00:00Z
SYN-GR-0148,SYN-PL-0148,SYN-BR-0002,2026-05-13,2,true,goods_receipts:00148,Operations,2026-09-29T23:00:00Z
SYN-GR-0030,SYN-PL-0030,SYN-BR-0002,2026-02-20,1,true,goods_receipts:00030,Operations,2026-09-29T23:00:00Z
SYN-GR-0035,SYN-PL-0035,SYN-BR-0002,21/06/2026,2,true,goods_receipts:00035,Operations,2026-09-29T23:00:00Z
SYN-GR-0066,SYN-PL-0066,SYN-BR-0002,2026-02-11,2,YES,goods_receipts:00066,Operations,2026-09-29T23:00:00Z
SYN-GR-0083,SYN-PL-0083,SYN-BR-0004,2026-08-19,2,true,goods_receipts:00083,Operations,2026-09-29T23:00:00Z
SYN-GR-0059,SYN-PL-0059,SYN-BR-0004,2026-04-21,2,true,goods_receipts:00059,Operations,2026-09-29T23:00:00Z
SYN-GR-0064,SYN-PL-0064,SYN-BR-0002,2026-02-11,1,true,goods_receipts:00064,Operations,2026-09-29T23:00:00Z
SYN-GR-0108,SYN-PL-0108,SYN-BR-0005,2026-04-28,3,true,goods_receipts:00108,Operations,2026-09-29T23:00:00Z
SYN-GR-0084,SYN-PL-0084,SYN-BR-0005,2026-08-22,1,true,goods_receipts:00084,Operations,2026-09-29T23:00:00Z
SYN-GR-0112,SYN-PL-0112,SYN-BR-0003,04/05/2026,3,true,goods_receipts:00112,Operations,2026-09-29T23:00:00Z
SYN-GR-0149,SYN-PL-0149,SYN-BR-0005,2026-05-10,3,true,goods_receipts:00149,Operations,2026-09-29T23:00:00Z
SYN-GR-0062,SYN-PL-0062,SYN-BR-0001,2026-08-31,1,true,goods_receipts:00062,Operations,2026-09-29T23:00:00Z
SYN-GR-0014,SYN-PL-0014,SYN-BR-0001,2026-09-01,3,true,goods_receipts:00014,Operations,2026-09-29T23:00:00Z
SYN-GR-0170,SYN-PL-0170,SYN-BR-0003,2026-05-31,1,true,goods_receipts:00170,Operations,2026-09-29T23:00:00Z
SYN-GR-0144,SYN-PL-0144,SYN-BR-0002,2026-07-16,1,true,goods_receipts:00144,Operations,2026-09-29T23:00:00Z
SYN-GR-0011,SYN-PL-0011,SYN-BR-0003,2026-07-24,3,true,goods_receipts:00011,Operations,2026-09-29T23:00:00Z
SYN-GR-0025,SYN-PL-0025,SYN-BR-0002,2026-04-05,1,true,goods_receipts:00025,Operations,2026-09-29T23:00:00Z
SYN-GR-0031,SYN-PL-0031,SYN-BR-0005,2026-04-12,3,true,goods_receipts:00031,Operations,2026-09-29T23:00:00Z
SYN-GR-0151,SYN-PL-0151,SYN-BR-0001,2026-07-03,3,true,goods_receipts:00151,Operations,2026-09-29T23:00:00Z
SYN-GR-0002,SYN-PL-0002,SYN-BR-0005,27/05/2026,1,true,goods_receipts:00002,Operations,2026-09-29T23:00:00Z
SYN-GR-0065,SYN-PL-0065,SYN-BR-0002,2026-02-11,3,true,goods_receipts:00065,Operations,2026-09-29T23:00:00Z
SYN-GR-0154,SYN-PL-0154,SYN-BR-0002,2026-04-30,2,true,goods_receipts:00154,Operations,2026-09-29T23:00:00Z
SYN-GR-0050,SYN-PL-0050,SYN-BR-0004,2026-06-25,1,true,goods_receipts:00050,Operations,2026-09-29T23:00:00Z
SYN-GR-0158,SYN-PL-0158,SYN-BR-0003,2026-09-03,1,true,goods_receipts:00158,Operations,2026-09-29T23:00:00Z
SYN-GR-0061,SYN-PL-0061,SYN-BR-0004,2026-04-21,2,true,goods_receipts:00061,Operations,2026-09-29T23:00:00Z
SYN-GR-0122,SYN-PL-0122,SYN-BR-0002,2026-02-20,3,true,goods_receipts:00122,Operations,2026-09-29T23:00:00Z
SYN-GR-0087,SYN-PL-0087,SYN-BR-0005,2026-08-22,2,true,goods_receipts:00087,Operations,2026-09-29T23:00:00Z
SYN-GR-0058,SYN-PL-0058,SYN-BR-0004,2026-02-13,3,true,goods_receipts:00058,Operations,2026-09-29T23:00:00Z
SYN-GR-0103,SYN-PL-0103,SYN-BR-0001,2026-05-22,2,true,goods_receipts:00103,Operations,2026-09-29T23:00:00Z
SYN-GR-0133,SYN-PL-0133,SYN-BR-0004,2026-04-19,1,true,goods_receipts:00133,Operations,2026-09-29T23:00:00Z
SYN-GR-0155,SYN-PL-0155,SYN-BR-0002,2026-04-30,1,true,goods_receipts:00155,Operations,2026-09-29T23:00:00Z
SYN-GR-0168,SYN-PL-0168,SYN-BR-0002,2026-09-04,3,true,goods_receipts:00168,Operations,2026-09-29T23:00:00Z
SYN-GR-0063,SYN-PL-0063,SYN-BR-0003,2026-04-29,3,true,goods_receipts:00063,Operations,2026-09-29T23:00:00Z
SYN-GR-0166,SYN-PL-0166,SYN-BR-0003,2026-05-21,3,true,goods_receipts:00166,Operations,2026-09-29T23:00:00Z
SYN-GR-0021,SYN-PL-0021,SYN-BR-0001,08-Feb-2026,2,true,goods_receipts:00021,Operations,2026-09-29T23:00:00Z
SYN-GR-0163,SYN-PL-0163,SYN-BR-0004,2026-08-20,3,true,goods_receipts:00163,Operations,2026-09-29T23:00:00Z
SYN-GR-0121,SYN-PL-0121,SYN-BR-0005,2026-09-04,1,true,goods_receipts:00121,Operations,2026-09-29T23:00:00Z
SYN-GR-0006,SYN-PL-0006,SYN-BR-0003,2026-03-01,3,true,goods_receipts:00006,Operations,2026-09-29T23:00:00Z
SYN-GR-0146,SYN-PL-0146,SYN-BR-0002,2026-07-16,2,true,goods_receipts:00146,Operations,2026-09-29T23:00:00Z
SYN-GR-0116,SYN-PL-0116,SYN-BR-0003,2026-03-21,3,true,goods_receipts:00116,Operations,2026-09-29T23:00:00Z
SYN-GR-0152,SYN-PL-0152,SYN-BR-0001,2026-07-03,2,true,goods_receipts:00152,Operations,2026-09-29T23:00:00Z
SYN-GR-0052,SYN-PL-0052,SYN-BR-0001,2026-07-12,3,true,goods_receipts:00052,Operations,2026-09-29T23:00:00Z
SYN-GR-0023,SYN-PL-0023,SYN-BR-0002,2026-03-14,3,true,goods_receipts:00023,Operations,2026-09-29T23:00:00Z
SYN-GR-0022,SYN-PL-0022,SYN-BR-0001,2026-02-08,3,true,goods_receipts:00022,Operations,2026-09-29T23:00:00Z
SYN-GR-0142,SYN-PL-0142,SYN-BR-0001,2026-02-05,2,YES,goods_receipts:00142,Operations,2026-09-29T23:00:00Z
SYN-GR-0057,SYN-PL-0057,SYN-BR-0004,13/02/2026,2,true,goods_receipts:00057,Operations,2026-09-29T23:00:00Z
SYN-GR-0111,SYN-PL-0111,SYN-BR-0003,2026-05-04,1,true,goods_receipts:00111,Operations,2026-09-29T23:00:00Z
SYN-GR-0125,SYN-PL-0125,SYN-BR-0001,2026-05-07,1,true,goods_receipts:00125,Operations,2026-09-29T23:00:00Z
SYN-GR-0113,SYN-PL-0113,SYN-BR-0002,2026-06-17,3,true,goods_receipts:00113,Operations,2026-09-29T23:00:00Z
SYN-GR-0019,SYN-PL-0019,SYN-BR-0005,2026-08-12,2,true,goods_receipts:00019,Operations,2026-09-29T23:00:00Z
SYN-GR-0038,SYN-PL-0038,SYN-BR-0002,01-May-2026,1,true,goods_receipts:00038,Operations,2026-09-29T23:00:00Z
SYN-GR-0010,SYN-PL-0010,SYN-BR-0003,2026-07-24,2,true,goods_receipts:00010,Operations,2026-09-29T23:00:00Z
SYN-GR-0044,SYN-PL-0044,SYN-BR-0001,2026-04-19,2,true,goods_receipts:00044,Operations,2026-09-29T23:00:00Z
SYN-GR-0067,SYN-PL-0067,SYN-BR-0001,2026-08-28,1,true,goods_receipts:00067,Operations,2026-09-29T23:00:00Z
SYN-GR-0104,SYN-PL-0104,SYN-BR-0001,2026-05-22,1,YES,goods_receipts:00104,Operations,2026-09-29T23:00:00Z
SYN-GR-0026,SYN-PL-0026,SYN-BR-0002,2026-04-05,3,true,goods_receipts:00026,Operations,2026-09-29T23:00:00Z
SYN-GR-0051,SYN-PL-0051,SYN-BR-0001,2026-07-12,3,true,goods_receipts:00051,Operations,2026-09-29T23:00:00Z
SYN-GR-0114,SYN-PL-0114,SYN-BR-0001,2026-05-06,2,true,goods_receipts:00114,Operations,2026-09-29T23:00:00Z
SYN-GR-0118,SYN-PL-0118,SYN-BR-0005,2026-04-10,3,true,goods_receipts:00118,Operations,2026-09-29T23:00:00Z
SYN-GR-0097,SYN-PL-0097,SYN-BR-0004,2026-07-20,3,true,goods_receipts:00097,Operations,2026-09-29T23:00:00Z
SYN-GR-0075,SYN-PL-0075,SYN-BR-0002,2026-04-22,3,true,goods_receipts:00075,Operations,2026-09-29T23:00:00Z
SYN-GR-0094,SYN-PL-0094,SYN-BR-0002,2026-06-03,2,true,goods_receipts:DUP:00093,Operations,2026-09-29T23:00:00Z
SYN-GR-0005,SYN-PL-0005,SYN-BR-0001,2026-05-31,1,true,goods_receipts:00005,Operations,2026-09-29T23:00:00Z
SYN-GR-0098,SYN-PL-0098,SYN-BR-0004,2026-07-20,1,true,goods_receipts:00098,Operations,2026-09-29T23:00:00Z
SYN-GR-0120,SYN-PL-0120,SYN-BR-0005,2026-09-04,1,true,goods_receipts:00120,Operations,2026-09-29T23:00:00Z
SYN-GR-0143,SYN-PL-0143,SYN-BR-0002,2026-07-16,2,true,goods_receipts:00143,Operations,2026-09-29T23:00:00Z
SYN-GR-0140,SYN-PL-0140,SYN-BR-0002,02-Jun-2026,1,true,goods_receipts:00140,Operations,2026-09-29T23:00:00Z
SYN-GR-0077,SYN-PL-0077,SYN-BR-0003,2026-06-29,3,true,goods_receipts:00077,Operations,2026-09-29T23:00:00Z
SYN-GR-0032,SYN-PL-0032,SYN-BR-0001,2026-03-23,2,true,goods_receipts:00032,Operations,2026-09-29T23:00:00Z
SYN-GR-0029,SYN-PL-0029,SYN-BR-0002,2026-02-20,2,true,goods_receipts:00029,Operations,2026-09-29T23:00:00Z
SYN-GR-0117,SYN-PL-0117,SYN-BR-0003,2026-03-21,2,true,goods_receipts:00117,Operations,2026-09-29T23:00:00Z
SYN-GR-0078,SYN-PL-0078,SYN-BR-0003,2026-06-29,1,true,goods_receipts:00078,Operations,2026-09-29T23:00:00Z
SYN-GR-0161,SYN-PL-0161,SYN-BR-0002,2026-05-15,1,YES,goods_receipts:00161,Operations,2026-09-29T23:00:00Z
SYN-GR-0041,SYN-PL-0041,SYN-BR-0002,2026-05-01,2,true,goods_receipts:00041,Operations,2026-09-29T23:00:00Z
SYN-GR-0165,SYN-PL-0165,SYN-BR-0004,2026-04-07,2,true,goods_receipts:00165,Operations,2026-09-29T23:00:00Z
SYN-GR-0017,SYN-PL-0017,SYN-BR-0005,2026-08-12,1,true,goods_receipts:00017,Operations,2026-09-29T23:00:00Z
SYN-GR-0001,SYN-PL-0001,SYN-BR-0005,2026-05-27,1,true,goods_receipts:DUP:00000,Operations,2026-09-29T23:00:00Z
SYN-GR-0032,SYN-PL-0032,SYN-BR-0001,2026-03-23,2,true,goods_receipts:DUP:00031,Operations,2026-09-29T23:00:00Z
SYN-GR-0036,SYN-PL-0036,SYN-BR-0002,2026-06-21,2,true,goods_receipts:00036,Operations,2026-09-29T23:00:00Z
SYN-GR-0115,SYN-PL-0115,SYN-BR-0003,2026-03-21,2,true,goods_receipts:00115,Operations,2026-09-29T23:00:00Z
SYN-GR-0063,SYN-PL-0063,SYN-BR-0003,2026-04-29,3,true,goods_receipts:DUP:00062,Operations,2026-09-29T23:00:00Z
SYN-GR-0093,SYN-PL-0093,SYN-BR-0001,2026-02-10,2,true,goods_receipts:00093,Operations,2026-09-29T23:00:00Z
SYN-GR-0096,SYN-PL-0096,SYN-BR-0004,2026-07-20,2,true,goods_receipts:00096,Operations,2026-09-29T23:00:00Z
SYN-GR-0167,SYN-PL-0167,SYN-BR-0002,04/09/2026,1,true,goods_receipts:00167,Operations,2026-09-29T23:00:00Z
SYN-GR-0013,SYN-PL-0013,SYN-BR-0001,01/09/2026,2,true,goods_receipts:00013,Operations,2026-09-29T23:00:00Z
SYN-GR-0139,SYN-PL-0139,SYN-BR-0005,2026-03-03,2,true,goods_receipts:00139,Operations,2026-09-29T23:00:00Z
SYN-GR-0089,SYN-PL-0089,SYN-BR-0001,05-Apr-2026,2,true,goods_receipts:00089,Operations,2026-09-29T23:00:00Z
SYN-GR-0080,SYN-PL-0080,SYN-BR-0003,2026-05-08,3,true,goods_receipts:00080,Operations,2026-09-29T23:00:00Z
SYN-GR-0049,SYN-PL-0049,SYN-BR-0002,2026-05-08,1,true,goods_receipts:00049,Operations,2026-09-29T23:00:00Z
SYN-GR-0045,SYN-PL-0045,SYN-BR-0003,2026-05-28,2,true,goods_receipts:00045,Operations,2026-09-29T23:00:00Z
SYN-GR-0150,SYN-PL-0150,SYN-BR-0001,2026-07-03,3,true,goods_receipts:00150,Operations,2026-09-29T23:00:00Z
SYN-GR-0082,SYN-PL-0082,SYN-BR-0003,2026-05-08,1,true,goods_receipts:00082,Operations,2026-09-29T23:00:00Z
SYN-GR-0037,SYN-PL-0037,SYN-BR-0005,2026-08-16,2,true,goods_receipts:00037,Operations,2026-09-29T23:00:00Z
