import_id,purchase_order_id,currency,supplier_value_foreign,freight_foreign,fx_rate_id,customs_status,incoterm,is_synthetic,_source_row_id,_source_system,_extract_at
SYN-IM-0129,SYN-PO-0129,GBP,14486.49,905.41,FX-05-GBP,Cleared,CFR,true,import_shipments:00129,Operations,2026-09-29T23:00:00Z
SYN-IM-0193,SYN-PO-0193,EUR,9690.85,605.68,FX-07-EUR,Awaiting shipment,CFR,true,import_shipments:00193,Operations,2026-09-29T23:00:00Z
SYN-IM-0200,SYN-PO-0200,USD,26524.06,1657.75,FX-05-USD,Awaiting shipment,CIF,true,import_shipments:00200,Operations,2026-09-29T23:00:00Z
SYN-IM-0150,SYN-PO-0150,USD,16056.94,1003.56,FX-06-USD,Cleared,CFR,true,import_shipments:00150,Operations,2026-09-29T23:00:00Z
SYN-IM-0091,SYN-PO-0091,USD,8617.59,538.6,FX-01-USD,Cleared,CIF,true,import_shipments:00091,Operations,2026-09-29T23:00:00Z
SYN-IM-0010,SYN-PO-0010,USD,18358.79,1147.42,FX-07-USD,Cleared,CFR,true,import_shipments:00010,Operations,2026-09-29T23:00:00Z
SYN-IM-0145,SYN-PO-0145,GBP,2393.53,149.6,FX-06-GBP,Cleared,CFR,true,import_shipments:00145,Operations,2026-09-29T23:00:00Z
SYN-IM-0113,SYN-PO-0113,EUR,11809.52,738.1,FX-05-EUR,Cleared,CIF,true,import_shipments:00113,Operations,2026-09-29T23:00:00Z
SYN-IM-0001,SYN-PO-0001,EUR,6603.17,412.7,FX-05-EUR,Cleared,EXW,true,import_shipments:DUP:00000,Operations,2026-09-29T23:00:00Z
SYN-IM-0166,SYN-PO-0166,EUR,31161.9,1947.62,FX-05-EUR,Cleared,CFR,true,import_shipments:00166,Operations,2026-09-29T23:00:00Z
SYN-IM-0199,SYN-PO-0199,USD,4600.0,287.5,FX-04-USD,Awaiting shipment,CFR,YES,import_shipments:00199,Operations,2026-09-29T23:00:00Z
SYN-IM-0143,SYN-PO-0143,EUR,21113.92,1319.62,FX-06-EUR,Cleared,CIF,true,import_shipments:00143,Operations,2026-09-29T23:00:00Z
SYN-IM-0004,SYN-PO-0004,EUR,22552.38,1409.52,FX-05-EUR,Cleared,CFR,true,import_shipments:00004,Operations,2026-09-29T23:00:00Z
SYN-IM-0007,SYN-PO-0007,EUR,26692.31,1668.27,FX-02-EUR,Cleared,CFR,true,import_shipments:00007,Operations,2026-09-29T23:00:00Z
SYN-IM-0142,SYN-PO-0142,USD,24933.57,1558.35,FX-01-USD,Cleared,CFR,YES,import_shipments:00142,Operations,2026-09-29T23:00:00Z
SYN-IM-0050,SYN-PO-0050,EUR,10379.75,648.73,FX-06-EUR,Cleared,CFR,true,import_shipments:00050,Operations,2026-09-29T23:00:00Z
SYN-IM-0122,SYN-PO-0122,GBP,8959.13,559.95,FX-02-GBP,Cleared,CIF,true,import_shipments:00122,Operations,2026-09-29T23:00:00Z
SYN-IM-0053,SYN-PO-0053,EUR,14485.8,905.36,FX-07-EUR,Cleared,CIF,true,import_shipments:00053,Operations,2026-09-29T23:00:00Z
SYN-IM-0037,SYN-PO-0037,EUR,7621.45,476.34,FX-07-EUR,Cleared,EXW,true,import_shipments:00037,Operations,2026-09-29T23:00:00Z
SYN-IM-0043,SYN-PO-0043,EUR,3501.6,218.85,FX-03-EUR,Cleared,CIF,true,import_shipments:00043,Operations,2026-09-29T23:00:00Z
SYN-IM-0033,SYN-PO-0033,USD,1617.02,101.06,FX-08-USD,Cleared,CFR,true,import_shipments:00033,Operations,2026-09-29T23:00:00Z
SYN-IM-0144,SYN-PO-0144,EUR,8481.01,530.06,FX-06-EUR,Cleared,EXW,true,import_shipments:00144,Operations,2026-09-29T23:00:00Z
SYN-IM-0197,SYN-PO-0197,GBP,17734.42,1108.4,FX-04-GBP,Awaiting shipment,EXW,true,import_shipments:00197,Operations,2026-09-29T23:00:00Z
SYN-IM-0147,SYN-PO-0147,EUR,12509.55,781.85,FX-04-EUR,Cleared,EXW,true,import_shipments:00147,Operations,2026-09-29T23:00:00Z
SYN-IM-0125,SYN-PO-0125,GBP,9040.65,565.04,FX-04-GBP,Cleared,EXW,true,import_shipments:00125,Operations,2026-09-29T23:00:00Z
SYN-IM-0100,SYN-PO-0100,GBP,28459.02,1778.69,FX-01-GBP,Cleared,CIF,true,import_shipments:00100,Operations,2026-09-29T23:00:00Z
SYN-IM-0032,SYN-PO-0032,EUR,5571.88,348.24,FX-03-EUR,Cleared,CIF,true,import_shipments:00032,Operations,2026-09-29T23:00:00Z
SYN-IM-0189,SYN-PO-0189,GBP,10026.95,626.68,FX-06-GBP,Awaiting shipment,EXW,true,import_shipments:00189,Operations,2026-09-29T23:00:00Z
SYN-IM-0038,SYN-PO-0038,EUR,8840.76,552.55,FX-04-EUR,Cleared,CFR,true,import_shipments:00038,Operations,2026-09-29T23:00:00Z
SYN-IM-0044,SYN-PO-0044,EUR,19322.68,1207.67,FX-03-EUR,Cleared,CIF,true,import_shipments:00044,Operations,2026-09-29T23:00:00Z
SYN-IM-0153,SYN-PO-0153,EUR,24690.1,1543.13,FX-03-EUR,Cleared,CIF,true,import_shipments:00153,Operations,2026-09-29T23:00:00Z
SYN-IM-0094,SYN-PO-0094,EUR,21079.37,1317.46,FX-05-EUR,Cleared,CIF,true,import_shipments:DUP:00093,Operations,2026-09-29T23:00:00Z
SYN-IM-0121,SYN-PO-0121,EUR,11069.18,691.82,FX-08-EUR,Cleared,CFR,true,import_shipments:00121,Operations,2026-09-29T23:00:00Z
SYN-IM-0141,SYN-PO-0141,USD,11693.4,730.84,FX-05-USD,Cleared,CFR,true,import_shipments:00141,Operations,2026-09-29T23:00:00Z
SYN-IM-0024,SYN-PO-0024,GBP,15694.82,980.93,FX-02-GBP,Cleared,EXW,true,import_shipments:00024,Operations,2026-09-29T23:00:00Z
SYN-IM-0211,SYN-PO-0211,EUR,31670.89,1979.43,FX-06-EUR,Awaiting shipment,CFR,true,import_shipments:00211,Operations,2026-09-29T23:00:00Z
SYN-IM-0118,SYN-PO-0118,USD,41388.19,2586.76,FX-03-USD,Cleared,CIF,true,import_shipments:00118,Operations,2026-09-29T23:00:00Z
SYN-IM-0151,SYN-PO-0151,EUR,2810.13,175.63,FX-06-EUR,Cleared,CFR,true,import_shipments:00151,Operations,2026-09-29T23:00:00Z
SYN-IM-0048,SYN-PO-0048,EUR,27515.92,1719.75,FX-04-EUR,Cleared,CIF,true,import_shipments:00048,Operations,2026-09-29T23:00:00Z
SYN-IM-0133,SYN-PO-0133,GBP,3500.0,218.75,FX-03-GBP,Cleared,EXW,true,import_shipments:00133,Operations,2026-09-29T23:00:00Z
SYN-IM-0181,SYN-PO-0181,USD,2099.29,131.21,FX-08-USD,Awaiting shipment,CIF,true,import_shipments:00181,Operations,2026-09-29T23:00:00Z
SYN-IM-0079,SYN-PO-0079,GBP,8997.29,562.33,FX-04-GBP,Cleared,CFR,true,import_shipments:00079,Operations,2026-09-29T23:00:00Z
SYN-IM-0041,SYN-PO-0041,GBP,8325.2,520.33,FX-04-GBP,Cleared,CFR,true,import_shipments:00041,Operations,2026-09-29T23:00:00Z
SYN-IM-0077,SYN-PO-0077,GBP,27557.95,1722.37,FX-06-GBP,Cleared,CIF,true,import_shipments:00077,Operations,2026-09-29T23:00:00Z
SYN-IM-0173,SYN-PO-0173,EUR,4315.46,269.72,FX-07-EUR,Awaiting shipment,CFR,true,import_shipments:00173,Operations,2026-09-29T23:00:00Z
SYN-IM-0074,SYN-PO-0074,EUR,1630.57,101.91,FX-04-EUR,Cleared,CFR,true,import_shipments:00074,Operations,2026-09-29T23:00:00Z
SYN-IM-0066,SYN-PO-0066,USD,11030.52,689.41,FX-01-USD,Cleared,CFR,YES,import_shipments:00066,Operations,2026-09-29T23:00:00Z
SYN-IM-0026,SYN-PO-0026,GBP,3717.39,232.34,FX-03-GBP,Cleared,CIF,true,import_shipments:00026,Operations,2026-09-29T23:00:00Z
SYN-IM-0188,SYN-PO-0188,USD,8597.86,537.37,FX-06-USD,Awaiting shipment,CIF,true,import_shipments:00188,Operations,2026-09-29T23:00:00Z
SYN-IM-0081,SYN-PO-0081,USD,13571.43,848.21,FX-04-USD,Cleared,CIF,true,import_shipments:00081,Operations,2026-09-29T23:00:00Z
SYN-IM-0061,SYN-PO-0061,EUR,5554.14,347.13,FX-04-EUR,Cleared,CFR,true,import_shipments:00061,Operations,2026-09-29T23:00:00Z
SYN-IM-0056,SYN-PO-0056,GBP,4196.72,262.3,FX-01-GBP,Cleared,EXW,true,import_shipments:00056,Operations,2026-09-29T23:00:00Z
SYN-IM-0179,SYN-PO-0179,EUR,24328.08,1520.5,FX-07-EUR,Awaiting shipment,EXW,true,import_shipments:00179,Operations,2026-09-29T23:00:00Z
SYN-IM-0172,SYN-PO-0172,GBP,26903.23,1681.45,FX-07-GBP,Awaiting shipment,EXW,true,import_shipments:00172,Operations,2026-09-29T23:00:00Z
SYN-IM-0168,SYN-PO-0168,GBP,27924.93,1745.31,FX-08-GBP,Cleared,CFR,true,import_shipments:00168,Operations,2026-09-29T23:00:00Z
SYN-IM-0137,SYN-PO-0137,EUR,14582.28,911.39,FX-06-EUR,Cleared,CFR,true,import_shipments:00137,Operations,2026-09-29T23:00:00Z
SYN-IM-0208,SYN-PO-0208,USD,9057.14,566.07,FX-04-USD,Awaiting shipment,EXW,true,import_shipments:00208,Operations,2026-09-29T23:00:00Z
SYN-IM-0170,SYN-PO-0170,USD,5390.37,336.9,FX-05-USD,Cleared,CIF,true,import_shipments:00170,Operations,2026-09-29T23:00:00Z
SYN-IM-0013,SYN-PO-0013,EUR,15698.11,981.13,FX-08-EUR,Cleared,EXW,true,import_shipments:00013,Operations,2026-09-29T23:00:00Z
SYN-IM-0090,SYN-PO-0090,GBP,2978.26,186.14,FX-03-GBP,Cleared,CIF,true,import_shipments:00090,Operations,2026-09-29T23:00:00Z
SYN-IM-0110,SYN-PO-0110,EUR,7949.04,496.82,FX-04-EUR,Cleared,EXW,true,import_shipments:00110,Operations,2026-09-29T23:00:00Z
SYN-IM-0156,SYN-PO-0156,EUR,37648.56,2353.04,FX-03-EUR,Cleared,EXW,true,import_shipments:00156,Operations,2026-09-29T23:00:00Z
SYN-IM-0154,SYN-PO-0154,USD,5200.0,325.0,FX-04-USD,Cleared,EXW,true,import_shipments:00154,Operations,2026-09-29T23:00:00Z
SYN-IM-0046,SYN-PO-0046,USD,5190.73,324.42,FX-05-USD,Cleared,CFR,true,import_shipments:00046,Operations,2026-09-29T23:00:00Z
SYN-IM-0105,SYN-PO-0105,USD,1825.31,114.08,FX-05-USD,Cleared,EXW,true,import_shipments:00105,Operations,2026-09-29T23:00:00Z
SYN-IM-0106,SYN-PO-0106,EUR,4622.22,288.89,FX-05-EUR,Cleared,CFR,true,import_shipments:00106,Operations,2026-09-29T23:00:00Z
SYN-IM-0192,SYN-PO-0192,EUR,11987.38,749.21,FX-07-EUR,Awaiting shipment,CIF,true,import_shipments:00192,Operations,2026-09-29T23:00:00Z
SYN-IM-0116,SYN-PO-0116,GBP,23478.26,1467.39,FX-03-GBP,Cleared,CFR,true,import_shipments:00116,Operations,2026-09-29T23:00:00Z
SYN-IM-0028,SYN-PO-0028,EUR,7769.97,485.62,FX-03-EUR,Cleared,EXW,YES,import_shipments:00028,Operations,2026-09-29T23:00:00Z
SYN-IM-0146,SYN-PO-0146,EUR,21316.46,1332.28,FX-06-EUR,Cleared,CFR,true,import_shipments:00146,Operations,2026-09-29T23:00:00Z
SYN-IM-0001,SYN-PO-0001,EUR,6603.17,412.7,FX-05-EUR,Cleared,EXW,true,import_shipments:00001,Operations,2026-09-29T23:00:00Z
SYN-IM-0076,SYN-PO-0076,USD,27501.78,1718.86,FX-06-USD,Cleared,EXW,true,import_shipments:00076,Operations,2026-09-29T23:00:00Z
SYN-IM-0203,SYN-PO-0203,GBP,4162.6,260.16,FX-04-GBP,Awaiting shipment,EXW,true,import_shipments:00203,Operations,2026-09-29T23:00:00Z
SYN-IM-0075,SYN-PO-0075,EUR,4356.69,272.29,FX-04-EUR,Cleared,EXW,true,import_shipments:00075,Operations,2026-09-29T23:00:00Z
SYN-IM-0011,SYN-PO-0011,EUR,24454.26,1528.39,FX-07-EUR,Cleared,CIF,true,import_shipments:00011,Operations,2026-09-29T23:00:00Z
SYN-IM-0124,SYN-PO-0124,USD,14777.98,923.62,FX-07-USD,Cleared,CFR,true,import_shipments:00124,Operations,2026-09-29T23:00:00Z
SYN-IM-0093,SYN-PO-0093,EUR,2932.48,183.28,FX-01-EUR,Cleared,EXW,true,import_shipments:00093,Operations,2026-09-29T23:00:00Z
SYN-IM-0072,SYN-PO-0072,GBP,26601.63,1662.6,FX-04-GBP,Cleared,CIF,true,import_shipments:00072,Operations,2026-09-29T23:00:00Z
SYN-IM-0099,SYN-PO-0099,USD,12236.98,764.81,FX-01-USD,Cleared,EXW,true,import_shipments:00099,Operations,2026-09-29T23:00:00Z
SYN-IM-0128,SYN-PO-0128,GBP,6962.16,435.14,FX-05-GBP,Cleared,EXW,true,import_shipments:00128,Operations,2026-09-29T23:00:00Z
SYN-IM-0162,SYN-PO-0162,EUR,8100.63,506.29,FX-08-EUR,Cleared,EXW,true,import_shipments:00162,Operations,2026-09-29T23:00:00Z
SYN-IM-0117,SYN-PO-0117,USD,7785.33,486.58,FX-03-USD,Cleared,EXW,true,import_shipments:00117,Operations,2026-09-29T23:00:00Z
SYN-IM-0182,SYN-PO-0182,EUR,35962.15,2247.63,FX-07-EUR,Awaiting shipment,CFR,true,import_shipments:00182,Operations,2026-09-29T23:00:00Z
SYN-IM-0068,SYN-PO-0068,EUR,11698.11,731.13,FX-08-EUR,Cleared,CFR,true,import_shipments:00068,Operations,2026-09-29T23:00:00Z
SYN-IM-0171,SYN-PO-0171,EUR,7570.98,473.19,FX-07-EUR,Awaiting shipment,CIF,true,import_shipments:00171,Operations,2026-09-29T23:00:00Z
SYN-IM-0080,SYN-PO-0080,EUR,25605.1,1600.32,FX-04-EUR,Cleared,EXW,true,import_shipments:00080,Operations,2026-09-29T23:00:00Z
SYN-IM-0214,SYN-PO-0214,GBP,31677.42,1979.84,FX-07-GBP,Awaiting shipment,CIF,true,import_shipments:00214,Operations,2026-09-29T23:00:00Z
SYN-IM-0195,SYN-PO-0195,USD,41314.29,2582.14,FX-04-USD,Awaiting shipment,EXW,true,import_shipments:00195,Operations,2026-09-29T23:00:00Z
SYN-IM-0015,SYN-PO-0015,GBP,16729.22,1045.58,FX-08-GBP,Cleared,EXW,true,import_shipments:00015,Operations,2026-09-29T23:00:00Z
SYN-IM-0176,SYN-PO-0176,USD,30692.72,1918.29,FX-07-USD,Awaiting shipment,EXW,true,import_shipments:00176,Operations,2026-09-29T23:00:00Z
SYN-IM-0108,SYN-PO-0108,GBP,31479.67,1967.48,FX-04-GBP,Cleared,CIF,true,import_shipments:00108,Operations,2026-09-29T23:00:00Z
SYN-IM-0005,SYN-PO-0005,USD,7301.25,456.33,FX-05-USD,Cleared,CIF,true,import_shipments:00005,Operations,2026-09-29T23:00:00Z
SYN-IM-0136,SYN-PO-0136,EUR,10987.34,686.71,FX-06-EUR,Cleared,CFR,true,import_shipments:00136,Operations,2026-09-29T23:00:00Z
SYN-IM-0022,SYN-PO-0022,EUR,32488.75,2030.55,FX-01-EUR,Cleared,EXW,true,import_shipments:00022,Operations,2026-09-29T23:00:00Z
SYN-IM-0120,SYN-PO-0120,EUR,3446.54,215.41,FX-08-EUR,Cleared,CFR,true,import_shipments:00120,Operations,2026-09-29T23:00:00Z
SYN-IM-0169,SYN-PO-0169,EUR,6933.33,433.33,FX-05-EUR,Cleared,CFR,true,import_shipments:00169,Operations,2026-09-29T23:00:00Z
SYN-IM-0064,SYN-PO-0064,EUR,1466.24,91.64,FX-01-EUR,Cleared,CFR,true,import_shipments:00064,Operations,2026-09-29T23:00:00Z
SYN-IM-0119,SYN-PO-0119,GBP,13855.23,865.95,FX-08-GBP,Cleared,EXW,true,import_shipments:00119,Operations,2026-09-29T23:00:00Z
SYN-IM-0163,SYN-PO-0163,USD,37787.23,2361.7,FX-08-USD,Cleared,EXW,true,import_shipments:00163,Operations,2026-09-29T23:00:00Z
SYN-IM-0165,SYN-PO-0165,GBP,6565.22,410.33,FX-03-GBP,Cleared,CIF,true,import_shipments:00165,Operations,2026-09-29T23:00:00Z
SYN-IM-0115,SYN-PO-0115,GBP,14043.48,877.72,FX-03-GBP,Cleared,EXW,true,import_shipments:00115,Operations,2026-09-29T23:00:00Z
SYN-IM-0051,SYN-PO-0051,GBP,2393.53,149.6,FX-06-GBP,Cleared,CIF,true,import_shipments:00051,Operations,2026-09-29T23:00:00Z
SYN-IM-0096,SYN-PO-0096,GBP,18322.58,1145.16,FX-07-GBP,Cleared,CFR,true,import_shipments:00096,Operations,2026-09-29T23:00:00Z
SYN-IM-0039,SYN-PO-0039,EUR,1936.31,121.02,FX-04-EUR,Cleared,EXW,true,import_shipments:00039,Operations,2026-09-29T23:00:00Z
SYN-IM-0008,SYN-PO-0008,USD,5342.81,333.93,FX-07-USD,Cleared,EXW,true,import_shipments:00008,Operations,2026-09-29T23:00:00Z
SYN-IM-0107,SYN-PO-0107,EUR,24866.24,1554.14,FX-04-EUR,Cleared,CFR,true,import_shipments:00107,Operations,2026-09-29T23:00:00Z
SYN-IM-0067,SYN-PO-0067,USD,7262.41,453.9,FX-08-USD,Cleared,CFR,true,import_shipments:00067,Operations,2026-09-29T23:00:00Z
SYN-IM-0126,SYN-PO-0126,EUR,24611.46,1538.22,FX-04-EUR,Cleared,CFR,true,import_shipments:00126,Operations,2026-09-29T23:00:00Z
SYN-IM-0101,SYN-PO-0101,GBP,8239.78,514.99,FX-02-GBP,Cleared,CIF,true,import_shipments:00101,Operations,2026-09-29T23:00:00Z
SYN-IM-0194,SYN-PO-0194,EUR,10296.53,643.53,FX-07-EUR,Awaiting shipment,EXW,true,import_shipments:00194,Operations,2026-09-29T23:00:00Z
SYN-IM-0135,SYN-PO-0135,USD,8540.93,533.81,FX-06-USD,Cleared,CIF,true,import_shipments:00135,Operations,2026-09-29T23:00:00Z
SYN-IM-0045,SYN-PO-0045,EUR,16355.56,1022.22,FX-05-EUR,Cleared,CIF,true,import_shipments:00045,Operations,2026-09-29T23:00:00Z
SYN-IM-0085,SYN-PO-0085,GBP,9437.0,589.81,FX-08-GBP,Cleared,CIF,YES,import_shipments:00085,Operations,2026-09-29T23:00:00Z
SYN-IM-0060,SYN-PO-0060,GBP,8997.29,562.33,FX-04-GBP,Cleared,CIF,true,import_shipments:00060,Operations,2026-09-29T23:00:00Z
SYN-IM-0185,SYN-PO-0185,GBP,1376.34,86.02,FX-07-GBP,Awaiting shipment,CFR,true,import_shipments:00185,Operations,2026-09-29T23:00:00Z
SYN-IM-0204,SYN-PO-0204,GBP,21289.97,1330.62,FX-04-GBP,Awaiting shipment,CFR,true,import_shipments:00204,Operations,2026-09-29T23:00:00Z
SYN-IM-0032,SYN-PO-0032,EUR,5571.88,348.24,FX-03-EUR,Cleared,CIF,true,import_shipments:DUP:00031,Operations,2026-09-29T23:00:00Z
SYN-IM-0125,SYN-PO-0125,GBP,9040.65,565.04,FX-04-GBP,Cleared,EXW,true,import_shipments:DUP:00124,Operations,2026-09-29T23:00:00Z
SYN-IM-0140,SYN-PO-0140,GBP,10616.22,663.51,FX-05-GBP,Cleared,EXW,true,import_shipments:00140,Operations,2026-09-29T23:00:00Z
SYN-IM-0175,SYN-PO-0175,USD,35615.66,2225.98,FX-06-USD,Awaiting shipment,EXW,true,import_shipments:00175,Operations,2026-09-29T23:00:00Z
SYN-IM-0062,SYN-PO-0062,EUR,11698.11,731.13,FX-08-EUR,Cleared,CIF,true,import_shipments:00062,Operations,2026-09-29T23:00:00Z
SYN-IM-0029,SYN-PO-0029,USD,11010.75,688.17,FX-02-USD,Cleared,CIF,true,import_shipments:00029,Operations,2026-09-29T23:00:00Z
SYN-IM-0055,SYN-PO-0055,EUR,11432.18,714.51,FX-07-EUR,Cleared,EXW,true,import_shipments:00055,Operations,2026-09-29T23:00:00Z
SYN-IM-0098,SYN-PO-0098,USD,8639.43,539.96,FX-07-USD,Cleared,CIF,true,import_shipments:00098,Operations,2026-09-29T23:00:00Z
SYN-IM-0025,SYN-PO-0025,EUR,4805.11,300.32,FX-03-EUR,Cleared,EXW,true,import_shipments:00025,Operations,2026-09-29T23:00:00Z
SYN-IM-0057,SYN-PO-0057,USD,25278.28,1579.89,FX-01-USD,Cleared,EXW,true,import_shipments:00057,Operations,2026-09-29T23:00:00Z
SYN-IM-0184,SYN-PO-0184,GBP,5870.97,366.94,FX-07-GBP,Awaiting shipment,CIF,true,import_shipments:00184,Operations,2026-09-29T23:00:00Z
SYN-IM-0202,SYN-PO-0202,GBP,9409.21,588.08,FX-04-GBP,Awaiting shipment,EXW,true,import_shipments:00202,Operations,2026-09-29T23:00:00Z
SYN-IM-0063,SYN-PO-0063,EUR,2063.69,128.98,FX-04-EUR,Cleared,CFR,true,import_shipments:DUP:00062,Operations,2026-09-29T23:00:00Z
SYN-IM-0102,SYN-PO-0102,EUR,5846.15,365.38,FX-02-EUR,Cleared,CIF,true,import_shipments:00102,Operations,2026-09-29T23:00:00Z
SYN-IM-0094,SYN-PO-0094,EUR,21079.37,1317.46,FX-05-EUR,Cleared,CIF,true,import_shipments:00094,Operations,2026-09-29T23:00:00Z
SYN-IM-0209,SYN-PO-0209,EUR,37291.14,2330.7,FX-06-EUR,Awaiting shipment,EXW,true,import_shipments:00209,Operations,2026-09-29T23:00:00Z
SYN-IM-0183,SYN-PO-0183,USD,5342.81,333.93,FX-07-USD,Awaiting shipment,EXW,true,import_shipments:00183,Operations,2026-09-29T23:00:00Z
SYN-IM-0006,SYN-PO-0006,USD,37333.33,2333.33,FX-02-USD,Cleared,EXW,true,import_shipments:00006,Operations,2026-09-29T23:00:00Z
SYN-IM-0212,SYN-PO-0212,GBP,6512.13,407.01,FX-06-GBP,Awaiting shipment,CIF,true,import_shipments:00212,Operations,2026-09-29T23:00:00Z
SYN-IM-0156,SYN-PO-0156,EUR,37648.56,2353.04,FX-03-EUR,Cleared,EXW,true,import_shipments:DUP:00155,Operations,2026-09-29T23:00:00Z
SYN-IM-0112,SYN-PO-0112,USD,36085.71,2255.36,FX-04-USD,Cleared,EXW,true,import_shipments:00112,Operations,2026-09-29T23:00:00Z
SYN-IM-0083,SYN-PO-0083,USD,27907.64,1744.23,FX-07-USD,Cleared,EXW,true,import_shipments:00083,Operations,2026-09-29T23:00:00Z
SYN-IM-0002,SYN-PO-0002,GBP,6745.95,421.62,FX-05-GBP,Cleared,CFR,true,import_shipments:00002,Operations,2026-09-29T23:00:00Z
SYN-IM-0086,SYN-PO-0086,EUR,24251.57,1515.72,FX-08-EUR,Cleared,EXW,true,import_shipments:00086,Operations,2026-09-29T23:00:00Z
SYN-IM-0210,SYN-PO-0210,USD,24370.11,1523.13,FX-06-USD,Awaiting shipment,EXW,true,import_shipments:00210,Operations,2026-09-29T23:00:00Z
SYN-IM-0097,SYN-PO-0097,EUR,31873.82,1992.11,FX-07-EUR,Cleared,EXW,true,import_shipments:00097,Operations,2026-09-29T23:00:00Z
SYN-IM-0201,SYN-PO-0201,USD,3878.79,242.42,FX-05-USD,Awaiting shipment,CFR,true,import_shipments:00201,Operations,2026-09-29T23:00:00Z
SYN-IM-0114,SYN-PO-0114,GBP,12444.44,777.78,FX-04-GBP,Cleared,CFR,true,import_shipments:00114,Operations,2026-09-29T23:00:00Z
SYN-IM-0207,SYN-PO-0207,GBP,6872.63,429.54,FX-04-GBP,Awaiting shipment,EXW,true,import_shipments:00207,Operations,2026-09-29T23:00:00Z
SYN-IM-0109,SYN-PO-0109,USD,39857.14,2491.07,FX-04-USD,Cleared,EXW,true,import_shipments:00109,Operations,2026-09-29T23:00:00Z
SYN-IM-0021,SYN-PO-0021,GBP,8393.44,524.59,FX-01-GBP,Cleared,CIF,true,import_shipments:00021,Operations,2026-09-29T23:00:00Z
SYN-IM-0139,SYN-PO-0139,EUR,24820.51,1551.28,FX-02-EUR,Cleared,EXW,true,import_shipments:00139,Operations,2026-09-29T23:00:00Z
SYN-IM-0103,SYN-PO-0103,EUR,14577.78,911.11,FX-05-EUR,Cleared,CIF,true,import_shipments:00103,Operations,2026-09-29T23:00:00Z
SYN-IM-0104,SYN-PO-0104,GBP,2356.76,147.3,FX-05-GBP,Cleared,CFR,YES,import_shipments:00104,Operations,2026-09-29T23:00:00Z
SYN-IM-0059,SYN-PO-0059,EUR,25019.11,1563.69,FX-04-EUR,Cleared,CFR,true,import_shipments:00059,Operations,2026-09-29T23:00:00Z
SYN-IM-0157,SYN-PO-0157,GBP,8107.24,506.7,FX-08-GBP,Cleared,EXW,true,import_shipments:00157,Operations,2026-09-29T23:00:00Z
SYN-IM-0065,SYN-PO-0065,GBP,9901.64,618.85,FX-01-GBP,Cleared,CIF,true,import_shipments:00065,Operations,2026-09-29T23:00:00Z
SYN-IM-0054,SYN-PO-0054,EUR,4845.43,302.84,FX-07-EUR,Cleared,EXW,true,import_shipments:00054,Operations,2026-09-29T23:00:00Z
SYN-IM-0034,SYN-PO-0034,USD,10666.67,666.67,FX-08-USD,Cleared,CFR,true,import_shipments:00034,Operations,2026-09-29T23:00:00Z
SYN-IM-0158,SYN-PO-0158,GBP,7184.99,449.06,FX-08-GBP,Cleared,EXW,true,import_shipments:00158,Operations,2026-09-29T23:00:00Z
SYN-IM-0087,SYN-PO-0087,GBP,21061.66,1316.35,FX-08-GBP,Cleared,CIF,true,import_shipments:00087,Operations,2026-09-29T23:00:00Z
SYN-IM-0215,SYN-PO-0215,EUR,36492.11,2280.76,FX-07-EUR,Awaiting shipment,EXW,true,import_shipments:00215,Operations,2026-09-29T23:00:00Z
SYN-IM-0111,SYN-PO-0111,USD,11914.29,744.64,FX-04-USD,Cleared,CFR,true,import_shipments:00111,Operations,2026-09-29T23:00:00Z
SYN-IM-0035,SYN-PO-0035,USD,23629.89,1476.87,FX-06-USD,Cleared,CIF,true,import_shipments:00035,Operations,2026-09-29T23:00:00Z
SYN-IM-0149,SYN-PO-0149,EUR,37299.36,2331.21,FX-04-EUR,Cleared,CIF,true,import_shipments:00149,Operations,2026-09-29T23:00:00Z
SYN-IM-0205,SYN-PO-0205,EUR,7898.09,493.63,FX-04-EUR,Awaiting shipment,CFR,true,import_shipments:00205,Operations,2026-09-29T23:00:00Z
SYN-IM-0020,SYN-PO-0020,USD,38262.12,2391.38,FX-01-USD,Cleared,CFR,true,import_shipments:00020,Operations,2026-09-29T23:00:00Z
SYN-IM-0078,SYN-PO-0078,USD,2590.75,161.92,FX-06-USD,Cleared,EXW,true,import_shipments:00078,Operations,2026-09-29T23:00:00Z
SYN-IM-0052,SYN-PO-0052,EUR,31518.99,1969.94,FX-06-EUR,Cleared,EXW,true,import_shipments:00052,Operations,2026-09-29T23:00:00Z
SYN-IM-0134,SYN-PO-0134,EUR,8481.01,530.06,FX-06-EUR,Cleared,CFR,true,import_shipments:00134,Operations,2026-09-29T23:00:00Z
SYN-IM-0088,SYN-PO-0088,GBP,4608.7,288.04,FX-03-GBP,Cleared,CFR,true,import_shipments:00088,Operations,2026-09-29T23:00:00Z
SYN-IM-0036,SYN-PO-0036,GBP,6684.64,417.79,FX-06-GBP,Cleared,CFR,true,import_shipments:00036,Operations,2026-09-29T23:00:00Z
SYN-IM-0198,SYN-PO-0198,EUR,6929.94,433.12,FX-04-EUR,Awaiting shipment,CFR,true,import_shipments:00198,Operations,2026-09-29T23:00:00Z
SYN-IM-0130,SYN-PO-0130,EUR,9193.65,574.6,FX-05-EUR,Cleared,CFR,true,import_shipments:00130,Operations,2026-09-29T23:00:00Z
SYN-IM-0155,SYN-PO-0155,EUR,4891.72,305.73,FX-04-EUR,Cleared,CIF,true,import_shipments:00155,Operations,2026-09-29T23:00:00Z
SYN-IM-0030,SYN-PO-0030,USD,8946.24,559.14,FX-02-USD,Cleared,CIF,true,import_shipments:00030,Operations,2026-09-29T23:00:00Z
SYN-IM-0191,SYN-PO-0191,USD,41264.65,2579.04,FX-07-USD,Awaiting shipment,EXW,true,import_shipments:00191,Operations,2026-09-29T23:00:00Z
SYN-IM-0017,SYN-PO-0017,EUR,4567.82,285.49,FX-07-EUR,Cleared,EXW,true,import_shipments:00017,Operations,2026-09-29T23:00:00Z
SYN-IM-0196,SYN-PO-0196,GBP,28878.05,1804.88,FX-04-GBP,Awaiting shipment,CFR,true,import_shipments:00196,Operations,2026-09-29T23:00:00Z
SYN-IM-0018,SYN-PO-0018,USD,10230.91,639.43,FX-07-USD,Cleared,EXW,true,import_shipments:00018,Operations,2026-09-29T23:00:00Z
SYN-IM-0012,SYN-PO-0012,USD,2159.86,134.99,FX-07-USD,Cleared,CFR,true,import_shipments:00012,Operations,2026-09-29T23:00:00Z
SYN-IM-0027,SYN-PO-0027,USD,8243.29,515.21,FX-03-USD,Cleared,CFR,true,import_shipments:00027,Operations,2026-09-29T23:00:00Z
SYN-IM-0131,SYN-PO-0131,USD,21982.11,1373.88,FX-03-USD,Cleared,CIF,true,import_shipments:00131,Operations,2026-09-29T23:00:00Z
SYN-IM-0058,SYN-PO-0058,EUR,32488.75,2030.55,FX-01-EUR,Cleared,CIF,true,import_shipments:00058,Operations,2026-09-29T23:00:00Z
SYN-IM-0047,SYN-PO-0047,EUR,4876.19,304.76,FX-05-EUR,Cleared,CFR,YES,import_shipments:00047,Operations,2026-09-29T23:00:00Z
SYN-IM-0042,SYN-PO-0042,EUR,4115.02,257.19,FX-03-EUR,Cleared,CFR,true,import_shipments:00042,Operations,2026-09-29T23:00:00Z
SYN-IM-0031,SYN-PO-0031,EUR,11884.98,742.81,FX-03-EUR,Cleared,EXW,true,import_shipments:00031,Operations,2026-09-29T23:00:00Z
SYN-IM-0160,SYN-PO-0160,EUR,19018.87,1188.68,FX-08-EUR,Cleared,CIF,true,import_shipments:00160,Operations,2026-09-29T23:00:00Z
SYN-IM-0123,SYN-PO-0123,USD,11651.87,728.24,FX-07-USD,Cleared,CIF,YES,import_shipments:00123,Operations,2026-09-29T23:00:00Z
SYN-IM-0180,SYN-PO-0180,EUR,24328.08,1520.5,FX-07-EUR,Awaiting shipment,CIF,YES,import_shipments:00180,Operations,2026-09-29T23:00:00Z
SYN-IM-0082,SYN-PO-0082,EUR,2777.07,173.57,FX-04-EUR,Cleared,CIF,true,import_shipments:00082,Operations,2026-09-29T23:00:00Z
SYN-IM-0161,SYN-PO-0161,USD,771.43,48.21,FX-04-USD,Cleared,CIF,YES,import_shipments:00161,Operations,2026-09-29T23:00:00Z
SYN-IM-0092,SYN-PO-0092,EUR,16308.68,1019.29,FX-01-EUR,Cleared,EXW,true,import_shipments:00092,Operations,2026-09-29T23:00:00Z
SYN-IM-0190,SYN-PO-0190,EUR,7268.14,454.26,FX-07-EUR,Awaiting shipment,CIF,true,import_shipments:00190,Operations,2026-09-29T23:00:00Z
SYN-IM-0095,SYN-PO-0095,USD,27493.76,1718.36,FX-05-USD,Cleared,EXW,true,import_shipments:00095,Operations,2026-09-29T23:00:00Z
SYN-IM-0187,SYN-PO-0187,EUR,10405.06,650.32,FX-06-EUR,Awaiting shipment,EXW,true,import_shipments:DUP:00186,Operations,2026-09-29T23:00:00Z
SYN-IM-0177,SYN-PO-0177,GBP,6709.68,419.35,FX-07-GBP,Awaiting shipment,CIF,true,import_shipments:00177,Operations,2026-09-29T23:00:00Z
SYN-IM-0084,SYN-PO-0084,GBP,3453.08,215.82,FX-08-GBP,Cleared,CIF,true,import_shipments:00084,Operations,2026-09-29T23:00:00Z
SYN-IM-0016,SYN-PO-0016,USD,41559.93,2597.5,FX-03-USD,Cleared,CIF,true,import_shipments:00016,Operations,2026-09-29T23:00:00Z
SYN-IM-0178,SYN-PO-0178,GBP,10408.6,650.54,FX-07-GBP,Awaiting shipment,CIF,true,import_shipments:00178,Operations,2026-09-29T23:00:00Z
SYN-IM-0063,SYN-PO-0063,EUR,2063.69,128.98,FX-04-EUR,Cleared,CFR,true,import_shipments:00063,Operations,2026-09-29T23:00:00Z
SYN-IM-0070,SYN-PO-0070,EUR,14675.16,917.2,FX-04-EUR,Cleared,CFR,true,import_shipments:00070,Operations,2026-09-29T23:00:00Z
SYN-IM-0167,SYN-PO-0167,GBP,2273.46,142.09,FX-08-GBP,Cleared,EXW,true,import_shipments:00167,Operations,2026-09-29T23:00:00Z
SYN-IM-0164,SYN-PO-0164,GBP,18869.57,1179.35,FX-03-GBP,Cleared,EXW,true,import_shipments:00164,Operations,2026-09-29T23:00:00Z
SYN-IM-0148,SYN-PO-0148,USD,14628.57,914.29,FX-04-USD,Cleared,CIF,true,import_shipments:00148,Operations,2026-09-29T23:00:00Z
SYN-IM-0040,SYN-PO-0040,EUR,2700.64,168.79,FX-04-EUR,Cleared,CFR,true,import_shipments:00040,Operations,2026-09-29T23:00:00Z
SYN-IM-0127,SYN-PO-0127,GBP,19096.77,1193.55,FX-07-GBP,Cleared,CIF,true,import_shipments:00127,Operations,2026-09-29T23:00:00Z
SYN-IM-0049,SYN-PO-0049,GBP,802.17,50.14,FX-04-GBP,Cleared,CIF,true,import_shipments:00049,Operations,2026-09-29T23:00:00Z
SYN-IM-0023,SYN-PO-0023,GBP,8959.13,559.95,FX-02-GBP,Cleared,CFR,true,import_shipments:00023,Operations,2026-09-29T23:00:00Z
SYN-IM-0186,SYN-PO-0186,USD,9520.43,595.03,FX-07-USD,Awaiting shipment,EXW,true,import_shipments:00186,Operations,2026-09-29T23:00:00Z
SYN-IM-0213,SYN-PO-0213,EUR,11069.18,691.82,FX-08-EUR,Awaiting shipment,EXW,true,import_shipments:00213,Operations,2026-09-29T23:00:00Z
SYN-IM-0206,SYN-PO-0206,EUR,19566.88,1222.93,FX-04-EUR,Awaiting shipment,EXW,true,import_shipments:00206,Operations,2026-09-29T23:00:00Z
SYN-IM-0009,SYN-PO-0009,GBP,14408.6,900.54,FX-07-GBP,Cleared,EXW,YES,import_shipments:00009,Operations,2026-09-29T23:00:00Z
SYN-IM-0138,SYN-PO-0138,EUR,13923.08,870.19,FX-02-EUR,Cleared,CIF,true,import_shipments:00138,Operations,2026-09-29T23:00:00Z
SYN-IM-0132,SYN-PO-0132,USD,8214.67,513.42,FX-03-USD,Cleared,CIF,true,import_shipments:00132,Operations,2026-09-29T23:00:00Z
SYN-IM-0003,SYN-PO-0003,EUR,23619.05,1476.19,FX-05-EUR,Cleared,CFR,true,import_shipments:00003,Operations,2026-09-29T23:00:00Z
SYN-IM-0019,SYN-PO-0019,GBP,17849.46,1115.59,FX-07-GBP,Cleared,CFR,true,import_shipments:00019,Operations,2026-09-29T23:00:00Z
SYN-IM-0152,SYN-PO-0152,EUR,21113.92,1319.62,FX-06-EUR,Cleared,EXW,true,import_shipments:00152,Operations,2026-09-29T23:00:00Z
SYN-IM-0069,SYN-PO-0069,GBP,4675.6,292.23,FX-08-GBP,Cleared,CFR,true,import_shipments:00069,Operations,2026-09-29T23:00:00Z
SYN-IM-0073,SYN-PO-0073,GBP,31349.59,1959.35,FX-04-GBP,Cleared,EXW,true,import_shipments:00073,Operations,2026-09-29T23:00:00Z
SYN-IM-0159,SYN-PO-0159,USD,26553.19,1659.57,FX-08-USD,Cleared,EXW,true,import_shipments:00159,Operations,2026-09-29T23:00:00Z
SYN-IM-0014,SYN-PO-0014,GBP,7013.4,438.34,FX-08-GBP,Cleared,CIF,true,import_shipments:00014,Operations,2026-09-29T23:00:00Z
SYN-IM-0089,SYN-PO-0089,USD,18146.69,1134.17,FX-03-USD,Cleared,EXW,true,import_shipments:00089,Operations,2026-09-29T23:00:00Z
SYN-IM-0187,SYN-PO-0187,EUR,10405.06,650.32,FX-06-EUR,Awaiting shipment,EXW,true,import_shipments:00187,Operations,2026-09-29T23:00:00Z
SYN-IM-0174,SYN-PO-0174,GBP,4129.03,258.06,FX-07-GBP,Awaiting shipment,CFR,true,import_shipments:00174,Operations,2026-09-29T23:00:00Z
SYN-IM-0071,SYN-PO-0071,GBP,10688.35,668.02,FX-04-GBP,Cleared,EXW,true,import_shipments:00071,Operations,2026-09-29T23:00:00Z
