asset_id,order_line_id,serial_number,delivery_date,warranty_end_date,warranty_basis,updated_at,is_synthetic,_source_row_id,_source_system,_extract_at
SYN-AS-0072,SYN-SL-0036,SYN-AS-0072-DEMO,26-Jun-2026,2027-06-26,Calendar months from delivery date; illustrative terms,2026-06-26T12:00:00Z,true,installed_assets:00072,Operations,2026-09-29T23:00:00Z
SYN-AS-0248,SYN-SL-0128,SYN-AS-0248-DEMO,2026-06-07,2028-06-07,Calendar months from delivery date; illustrative terms,2026-06-07T12:00:00Z,true,installed_assets:00248,Operations,2026-09-29T23:00:00Z
SYN-AS-0272,SYN-SL-0142,SYN-AS-0272-DEMO,2026-02-10,2028-02-10,Calendar months from delivery date; illustrative terms,2026-02-10T12:00:00Z,true,installed_assets:00272,Operations,2026-09-29T23:00:00Z
SYN-AS-0107,SYN-SL-0056,SYN-AS-0107-DEMO,2026-02-18,2027-02-18,Calendar months from delivery date; illustrative terms,2026-02-18T12:00:00Z,true,installed_assets:00107,Operations,2026-09-29T23:00:00Z
SYN-AS-0116,SYN-SL-0060,SYN-AS-0116-DEMO,2026-04-26,2027-04-26,Calendar months from delivery date; illustrative terms,2026-04-26T12:00:00Z,true,installed_assets:00116,Operations,2026-09-29T23:00:00Z
SYN-AS-0157,SYN-SL-0080,SYN-AS-0157-DEMO,13-May-2026,2028-05-13,Calendar months from delivery date; illustrative terms,2026-05-13T12:00:00Z,true,installed_assets:00157,Operations,2026-09-29T23:00:00Z
SYN-AS-0021,SYN-SL-0011,SYN-AS-0021-DEMO,29-Jul-2026,2027-07-29,Calendar months from delivery date; illustrative terms,2026-07-29T12:00:00Z,true,installed_assets:00021,Operations,2026-09-29T23:00:00Z
SYN-AS-0027,SYN-SL-0014,SYN-AS-0027-DEMO,2026-09-06,2027-09-06,Calendar months from delivery date; illustrative terms,2026-09-06T12:00:00Z,true,installed_assets:00027,Operations,2026-09-29T23:00:00Z
SYN-AS-0101,SYN-SL-0053,SYN-AS-0101-DEMO,16/08/2026,2027-08-16,Calendar months from delivery date; illustrative terms,2026-08-16T12:00:00Z,true,installed_assets:00101,Operations,2026-09-29T23:00:00Z
SYN-AS-0266,SYN-SL-0138,SYN-AS-0266-DEMO,08/03/2026,2027-03-08,Calendar months from delivery date; illustrative terms,2026-03-08T12:00:00Z,true,installed_assets:00266,Operations,2026-09-29T23:00:00Z
SYN-AS-0130,SYN-SL-0068,SYN-AS-0130-DEMO,2026-09-02,2028-09-02,Calendar months from delivery date; illustrative terms,2026-09-02T12:00:00Z,true,installed_assets:00130,Operations,2026-09-29T23:00:00Z
SYN-AS-0028,SYN-SL-0015,SYN-AS-0028-DEMO,2026-09-06,2028-09-06,Calendar months from delivery date; illustrative terms,2026-09-06T12:00:00Z,YES,installed_assets:00028,Operations,2026-09-29T23:00:00Z
SYN-AS-0111,SYN-SL-0058,SYN-AS-0111-DEMO,2026-02-18,2028-02-18,Calendar months from delivery date; illustrative terms,2026-02-18T12:00:00Z,true,installed_assets:00111,Operations,2026-09-29T23:00:00Z
SYN-AS-0174,SYN-SL-0091,SYN-AS-0174-DEMO,15-Feb-2026,2027-02-15,Calendar months from delivery date; illustrative terms,2026-02-15T12:00:00Z,true,installed_assets:00174,Operations,2026-09-29T23:00:00Z
SYN-AS-0177,SYN-SL-0093,SYN-AS-0177-DEMO,2026-02-15,2028-02-15,Calendar months from delivery date; illustrative terms,2026-02-15T12:00:00Z,true,installed_assets:00177,Operations,2026-09-29T23:00:00Z
SYN-AS-0231,SYN-SL-0118,SYN-AS-0231-DEMO,2026-04-15,2028-04-15,Calendar months from delivery date; illustrative terms,2026-04-15T12:00:00Z,true,installed_assets:00231,Operations,2026-09-29T23:00:00Z
SYN-AS-0005,SYN-SL-0004,SYN-AS-0005-DEMO,2026-06-01,2027-06-01,Calendar months from delivery date; illustrative terms,2026-06-01T12:00:00Z,true,installed_assets:00005,Operations,2026-09-29T23:00:00Z
SYN-AS-0217,SYN-SL-0113,SYN-AS-0217-DEMO,2026-06-22,2027-06-22,Calendar months from delivery date; illustrative terms,2026-06-22T12:00:00Z,true,installed_assets:00217,Operations,2026-09-29T23:00:00Z
SYN-AS-0278,SYN-SL-0145,SYN-AS-0278-DEMO,2026-07-21,2027-07-21,Calendar months from delivery date; illustrative terms,2026-07-21T12:00:00Z,true,installed_assets:00278,Operations,2026-09-29T23:00:00Z
SYN-AS-0098,SYN-SL-0052,SYN-AS-0098-DEMO,2026-07-17,2027-07-17,Calendar months from delivery date; illustrative terms,2026-07-17T12:00:00Z,true,installed_assets:00098,Operations,2026-09-29T23:00:00Z
SYN-AS-0236,SYN-SL-0122,SYN-AS-0236-DEMO,2026-02-25,2028-02-25,Calendar months from delivery date; illustrative terms,2026-02-25T12:00:00Z,true,installed_assets:00236,Operations,2026-09-29T23:00:00Z
SYN-AS-0310,SYN-SL-0159,SYN-AS-0310-DEMO,08/09/2026,2027-09-08,Calendar months from delivery date; illustrative terms,2026-09-08T12:00:00Z,true,installed_assets:00310,Operations,2026-09-29T23:00:00Z
SYN-AS-0267,SYN-SL-0138,SYN-AS-0267-DEMO,2026-03-08,2027-03-08,Calendar months from delivery date; illustrative terms,2026-03-08T12:00:00Z,true,installed_assets:00267,Operations,2026-09-29T23:00:00Z
SYN-AS-0075,SYN-SL-0037,SYN-AS-0075-DEMO,2026-08-21,2028-08-21,Calendar months from delivery date; illustrative terms,2026-08-21T12:00:00Z,true,installed_assets:00075,Operations,2026-09-29T23:00:00Z
SYN-AS-0285,SYN-SL-0149,SYN-AS-0285-DEMO,2026-05-15,2028-05-15,Calendar months from delivery date; illustrative terms,2026-05-15T12:00:00Z,true,installed_assets:00285,Operations,2026-09-29T23:00:00Z
SYN-AS-0325,SYN-SL-0166,SYN-AS-0325-DEMO,2026-05-26,2028-05-26,Calendar months from delivery date; illustrative terms,2026-05-26T12:00:00Z,true,installed_assets:00325,Operations,2026-09-29T23:00:00Z
SYN-AS-0185,SYN-SL-0097,SYN-AS-0185-DEMO,2026-07-25,2028-07-25,Calendar months from delivery date; illustrative terms,2026-07-25T12:00:00Z,true,installed_assets:00185,Operations,2026-09-29T23:00:00Z
SYN-AS-0322,SYN-SL-0165,SYN-AS-0322-DEMO,2026-04-12,2028-04-12,Calendar months from delivery date; illustrative terms,2026-04-12T12:00:00Z,true,installed_assets:00322,Operations,2026-09-29T23:00:00Z
SYN-AS-0320,SYN-SL-0164,SYN-AS-0320-DEMO,2026-04-12,2028-04-12,Calendar months from delivery date; illustrative terms,2026-04-12T12:00:00Z,true,installed_assets:00320,Operations,2026-09-29T23:00:00Z
SYN-AS-0167,SYN-SL-0087,SYN-AS-0167-DEMO,27/08/2026,2028-08-27,Calendar months from delivery date; illustrative terms,2026-08-27T12:00:00Z,true,installed_assets:00167,Operations,2026-09-29T23:00:00Z
SYN-AS-0092,SYN-SL-0048,SYN-AS-0092-DEMO,2026-05-13,2028-05-13,Calendar months from delivery date; illustrative terms,2026-05-13T12:00:00Z,true,installed_assets:00092,Operations,2026-09-29T23:00:00Z
SYN-AS-0255,SYN-SL-0131,SYN-AS-0255-DEMO,27/03/2026,2028-03-27,Calendar months from delivery date; illustrative terms,2026-03-27T12:00:00Z,true,installed_assets:00255,Operations,2026-09-29T23:00:00Z
SYN-AS-0149,SYN-SL-0076,SYN-AS-0149-DEMO,2026-07-04,2028-07-04,Calendar months from delivery date; illustrative terms,2026-07-04T12:00:00Z,true,installed_assets:00149,Operations,2026-09-29T23:00:00Z
SYN-AS-0044,SYN-SL-0022,SYN-AS-0044-DEMO,2026-02-13,2028-02-13,Calendar months from delivery date; illustrative terms,2026-02-13T12:00:00Z,true,installed_assets:00044,Operations,2026-09-29T23:00:00Z
SYN-AS-0191,SYN-SL-0100,SYN-AS-0191-DEMO,19-Feb-2026,2028-02-19,Calendar months from delivery date; illustrative terms,2026-02-19T12:00:00Z,true,installed_assets:00191,Operations,2026-09-29T23:00:00Z
SYN-AS-0201,SYN-SL-0105,SYN-AS-0201-DEMO,2026-05-27,2027-05-27,Calendar months from delivery date; illustrative terms,2026-05-27T12:00:00Z,true,installed_assets:00201,Operations,2026-09-29T23:00:00Z
SYN-AS-0221,SYN-SL-0114,SYN-AS-0221-DEMO,2026-05-11,2027-05-11,Calendar months from delivery date; illustrative terms,2026-05-11T12:00:00Z,true,installed_assets:00221,Operations,2026-09-29T23:00:00Z
SYN-AS-0004,SYN-SL-0003,SYN-AS-0004-DEMO,01-Jun-2026,2028-06-01,Calendar months from delivery date; illustrative terms,2026-06-01T12:00:00Z,true,installed_assets:00004,Operations,2026-09-29T23:00:00Z
SYN-AS-0269,SYN-SL-0139,SYN-AS-0269-DEMO,2026-03-08,2027-03-08,Calendar months from delivery date; illustrative terms,2026-03-08T12:00:00Z,true,installed_assets:00269,Operations,2026-09-29T23:00:00Z
SYN-AS-0279,SYN-SL-0145,SYN-AS-0279-DEMO,2026-07-21,2027-07-21,Calendar months from delivery date; illustrative terms,2026-07-21T12:00:00Z,true,installed_assets:00279,Operations,2026-09-29T23:00:00Z
SYN-AS-0302,SYN-SL-0156,SYN-AS-0302-DEMO,2026-04-17,2028-04-17,Calendar months from delivery date; illustrative terms,2026-04-17T12:00:00Z,true,installed_assets:00302,Operations,2026-09-29T23:00:00Z
SYN-AS-0229,SYN-SL-0118,SYN-AS-0229-DEMO,2026-04-15,2028-04-15,Calendar months from delivery date; illustrative terms,2026-04-15T12:00:00Z,true,installed_assets:00229,Operations,2026-09-29T23:00:00Z
SYN-AS-0301,SYN-SL-0155,SYN-AS-0301-DEMO,2026-05-05,2028-05-05,Calendar months from delivery date; illustrative terms,2026-05-05T12:00:00Z,true,installed_assets:00301,Operations,2026-09-29T23:00:00Z
SYN-AS-0003,SYN-SL-0003,SYN-AS-0003-DEMO,2026-06-01,2028-06-01,Calendar months from delivery date; illustrative terms,2026-06-01T12:00:00Z,true,installed_assets:00003,Operations,2026-09-29T23:00:00Z
SYN-AS-0030,SYN-SL-0015,SYN-AS-0030-DEMO,2026-09-06,2028-09-06,Calendar months from delivery date; illustrative terms,2026-09-06T12:00:00Z,true,installed_assets:00030,Operations,2026-09-29T23:00:00Z
SYN-AS-0228,SYN-SL-0117,SYN-AS-0228-DEMO,2026-03-26,2028-03-26,Calendar months from delivery date; illustrative terms,2026-03-26T12:00:00Z,true,installed_assets:00228,Operations,2026-09-29T23:00:00Z
SYN-AS-0016,SYN-SL-0009,SYN-AS-0016-DEMO,2026-07-29,2028-07-29,Calendar months from delivery date; illustrative terms,2026-07-29T12:00:00Z,true,installed_assets:00016,Operations,2026-09-29T23:00:00Z
SYN-AS-0227,SYN-SL-0117,SYN-AS-0227-DEMO,2026-03-26,2028-03-26,Calendar months from delivery date; illustrative terms,2026-03-26T12:00:00Z,true,installed_assets:00227,Operations,2026-09-29T23:00:00Z
SYN-AS-0239,SYN-SL-0123,SYN-AS-0239-DEMO,2026-08-13,2028-08-13,Calendar months from delivery date; illustrative terms,2026-08-13T12:00:00Z,true,installed_assets:00239,Operations,2026-09-29T23:00:00Z
SYN-AS-0043,SYN-SL-0022,SYN-AS-0043-DEMO,2026-02-13,2028-02-13,Calendar months from delivery date; illustrative terms,2026-02-13T12:00:00Z,true,installed_assets:00043,Operations,2026-09-29T23:00:00Z
SYN-AS-0061,SYN-SL-0030,SYN-AS-0061-DEMO,2026-02-25,2027-02-25,Calendar months from delivery date; illustrative terms,2026-02-25T12:00:00Z,true,installed_assets:00061,Operations,2026-09-29T23:00:00Z
SYN-AS-0303,SYN-SL-0156,SYN-AS-0303-DEMO,2026-04-17,2028-04-17,Calendar months from delivery date; illustrative terms,2026-04-17T12:00:00Z,true,installed_assets:00303,Operations,2026-09-29T23:00:00Z
SYN-AS-0163,SYN-SL-0084,SYN-AS-0163-DEMO,2026-08-27,2028-08-27,Calendar months from delivery date; illustrative terms,2026-08-27T12:00:00Z,true,installed_assets:00163,Operations,2026-09-29T23:00:00Z
SYN-AS-0091,SYN-SL-0048,SYN-AS-0091-DEMO,2026-05-13,2028-05-13,Calendar months from delivery date; illustrative terms,2026-05-13T12:00:00Z,true,installed_assets:00091,Operations,2026-09-29T23:00:00Z
SYN-AS-0081,SYN-SL-0042,SYN-AS-0081-DEMO,2026-04-24,2028-04-24,Calendar months from delivery date; illustrative terms,2026-04-24T12:00:00Z,true,installed_assets:00081,Operations,2026-09-29T23:00:00Z
SYN-AS-0182,SYN-SL-0095,SYN-AS-0182-DEMO,2026-06-08,2028-06-08,Calendar months from delivery date; illustrative terms,2026-06-08T12:00:00Z,true,installed_assets:00182,Operations,2026-09-29T23:00:00Z
SYN-AS-0126,SYN-SL-0065,SYN-AS-0126-DEMO,2026-02-16,2028-02-16,Calendar months from delivery date; illustrative terms,2026-02-16T12:00:00Z,true,installed_assets:00126,Operations,2026-09-29T23:00:00Z
SYN-AS-0252,SYN-SL-0130,SYN-AS-0252-DEMO,2026-06-07,2027-06-07,Calendar months from delivery date; illustrative terms,2026-06-07T12:00:00Z,true,installed_assets:00252,Operations,2026-09-29T23:00:00Z
SYN-AS-0082,SYN-SL-0043,SYN-AS-0082-DEMO,2026-04-24,2028-04-24,Calendar months from delivery date; illustrative terms,2026-04-24T12:00:00Z,true,installed_assets:00082,Operations,2026-09-29T23:00:00Z
SYN-AS-0292,SYN-SL-0151,SYN-AS-0292-DEMO,2026-07-08,2027-07-08,Calendar months from delivery date; illustrative terms,2026-07-08T12:00:00Z,true,installed_assets:00292,Operations,2026-09-29T23:00:00Z
SYN-AS-0246,SYN-SL-0127,SYN-AS-0246-DEMO,2026-07-28,2027-07-28,Calendar months from delivery date; illustrative terms,2026-07-28T12:00:00Z,true,installed_assets:00246,Operations,2026-09-29T23:00:00Z
SYN-AS-0153,SYN-SL-0077,SYN-AS-0153-DEMO,2026-07-04,2028-07-04,Calendar months from delivery date; illustrative terms,2026-07-04T12:00:00Z,true,installed_assets:00153,Operations,2026-09-29T23:00:00Z
SYN-AS-0104,SYN-SL-0055,SYN-AS-0104-DEMO,2026-08-16,2028-08-16,Calendar months from delivery date; illustrative terms,2026-08-16T12:00:00Z,YES,installed_assets:00104,Operations,2026-09-29T23:00:00Z
SYN-AS-0226,SYN-SL-0116,SYN-AS-0226-DEMO,2026-03-26,2028-03-26,Calendar months from delivery date; illustrative terms,2026-03-26T12:00:00Z,true,installed_assets:00226,Operations,2026-09-29T23:00:00Z
SYN-AS-0273,SYN-SL-0142,SYN-AS-0273-DEMO,2026-02-10,2028-02-10,Calendar months from delivery date; illustrative terms,2026-02-10T12:00:00Z,true,installed_assets:00273,Operations,2026-09-29T23:00:00Z
SYN-AS-0330,SYN-SL-0169,SYN-AS-0330-DEMO,2026-06-05,2028-06-05,Calendar months from delivery date; illustrative terms,2026-06-05T12:00:00Z,true,installed_assets:00330,Operations,2026-09-29T23:00:00Z
SYN-AS-0300,SYN-SL-0154,SYN-AS-0300-DEMO,2026-05-05,2028-05-05,Calendar months from delivery date; illustrative terms,2026-05-05T12:00:00Z,true,installed_assets:00300,Operations,2026-09-29T23:00:00Z
SYN-AS-0295,SYN-SL-0152,SYN-AS-0295-DEMO,2026-07-08,2028-07-08,Calendar months from delivery date; illustrative terms,2026-07-08T12:00:00Z,true,installed_assets:00295,Operations,2026-09-29T23:00:00Z
SYN-AS-0135,SYN-SL-0070,SYN-AS-0135-DEMO,2026-05-08,2028-05-08,Calendar months from delivery date; illustrative terms,2026-05-08T12:00:00Z,true,installed_assets:00135,Operations,2026-09-29T23:00:00Z
SYN-AS-0271,SYN-SL-0141,SYN-AS-0271-DEMO,2026-06-07,2028-06-07,Calendar months from delivery date; illustrative terms,2026-06-07T12:00:00Z,true,installed_assets:00271,Operations,2026-09-29T23:00:00Z
SYN-AS-0059,SYN-SL-0029,SYN-AS-0059-DEMO,2026-02-25,2028-02-25,Calendar months from delivery date; illustrative terms,2026-02-25T12:00:00Z,true,installed_assets:00059,Operations,2026-09-29T23:00:00Z
SYN-AS-0311,SYN-SL-0160,SYN-AS-0311-DEMO,2026-09-08,2028-09-08,Calendar months from delivery date; illustrative terms,2026-09-08T12:00:00Z,true,installed_assets:00311,Operations,2026-09-29T23:00:00Z
SYN-AS-0108,SYN-SL-0056,SYN-AS-0108-DEMO,2026-02-18,2027-02-18,Calendar months from delivery date; illustrative terms,2026-02-18T12:00:00Z,true,installed_assets:00108,Operations,2026-09-29T23:00:00Z
SYN-AS-0096,SYN-SL-0051,SYN-AS-0096-DEMO,2026-07-17,2027-07-17,Calendar months from delivery date; illustrative terms,2026-07-17T12:00:00Z,true,installed_assets:00096,Operations,2026-09-29T23:00:00Z
SYN-AS-0089,SYN-SL-0047,SYN-AS-0089-DEMO,02-Jun-2026,2028-06-02,Calendar months from delivery date; illustrative terms,2026-06-02T12:00:00Z,true,installed_assets:00089,Operations,2026-09-29T23:00:00Z
SYN-AS-0138,SYN-SL-0072,SYN-AS-0138-DEMO,2026-05-08,2028-05-08,Calendar months from delivery date; illustrative terms,2026-05-08T12:00:00Z,true,installed_assets:00138,Operations,2026-09-29T23:00:00Z
SYN-AS-0156,SYN-SL-0080,SYN-AS-0156-DEMO,13/05/2026,2028-05-13,Calendar months from delivery date; illustrative terms,2026-05-13T12:00:00Z,true,installed_assets:00156,Operations,2026-09-29T23:00:00Z
SYN-AS-0023,SYN-SL-0013,SYN-AS-0023-DEMO,2026-09-06,2027-09-06,Calendar months from delivery date; illustrative terms,2026-09-06T12:00:00Z,true,installed_assets:00023,Operations,2026-09-29T23:00:00Z
SYN-AS-0262,SYN-SL-0137,SYN-AS-0262-DEMO,2026-07-02,2028-07-02,Calendar months from delivery date; illustrative terms,2026-07-02T12:00:00Z,true,installed_assets:00262,Operations,2026-09-29T23:00:00Z
SYN-AS-0209,SYN-SL-0109,SYN-AS-0209-DEMO,2026-05-03,2028-05-03,Calendar months from delivery date; illustrative terms,2026-05-03T12:00:00Z,true,installed_assets:00209,Operations,2026-09-29T23:00:00Z
SYN-AS-0094,SYN-SL-0050,SYN-AS-0094-DEMO,2026-06-30,2028-06-30,Calendar months from delivery date; illustrative terms,2026-06-30T12:00:00Z,true,installed_assets:DUP:00093,Operations,2026-09-29T23:00:00Z
SYN-AS-0265,SYN-SL-0138,SYN-AS-0265-DEMO,2026-03-08,2027-03-08,Calendar months from delivery date; illustrative terms,2026-03-08T12:00:00Z,true,installed_assets:00265,Operations,2026-09-29T23:00:00Z
SYN-AS-0297,SYN-SL-0153,SYN-AS-0297-DEMO,2026-03-25,2028-03-25,Calendar months from delivery date; illustrative terms,2026-03-25T12:00:00Z,true,installed_assets:00297,Operations,2026-09-29T23:00:00Z
SYN-AS-0194,SYN-SL-0102,SYN-AS-0194-DEMO,2026-03-19,2027-03-19,Calendar months from delivery date; illustrative terms,2026-03-19T12:00:00Z,true,installed_assets:00194,Operations,2026-09-29T23:00:00Z
SYN-AS-0329,SYN-SL-0168,SYN-AS-0329-DEMO,2026-09-09,2028-09-09,Calendar months from delivery date; illustrative terms,2026-09-09T12:00:00Z,true,installed_assets:00329,Operations,2026-09-29T23:00:00Z
SYN-AS-0041,SYN-SL-0021,SYN-AS-0041-DEMO,2026-02-13,2028-02-13,Calendar months from delivery date; illustrative terms,2026-02-13T12:00:00Z,true,installed_assets:00041,Operations,2026-09-29T23:00:00Z
SYN-AS-0088,SYN-SL-0046,SYN-AS-0088-DEMO,2026-06-02,2028-06-02,Calendar months from delivery date; illustrative terms,2026-06-02T12:00:00Z,true,installed_assets:00088,Operations,2026-09-29T23:00:00Z
SYN-AS-0039,SYN-SL-0020,SYN-AS-0039-DEMO,2026-02-13,2027-02-13,Calendar months from delivery date; illustrative terms,2026-02-13T12:00:00Z,true,installed_assets:00039,Operations,2026-09-29T23:00:00Z
SYN-AS-0066,SYN-SL-0032,SYN-AS-0066-DEMO,2026-03-28,2027-03-28,Calendar months from delivery date; illustrative terms,2026-03-28T12:00:00Z,YES,installed_assets:00066,Operations,2026-09-29T23:00:00Z
SYN-AS-0150,SYN-SL-0076,SYN-AS-0150-DEMO,2026-07-04,2028-07-04,Calendar months from delivery date; illustrative terms,2026-07-04T12:00:00Z,true,installed_assets:00150,Operations,2026-09-29T23:00:00Z
SYN-AS-0026,SYN-SL-0014,SYN-AS-0026-DEMO,2026-09-06,2027-09-06,Calendar months from delivery date; illustrative terms,2026-09-06T12:00:00Z,true,installed_assets:00026,Operations,2026-09-29T23:00:00Z
SYN-AS-0309,SYN-SL-0159,SYN-AS-0309-DEMO,2026-09-08,2027-09-08,Calendar months from delivery date; illustrative terms,2026-09-08T12:00:00Z,true,installed_assets:00309,Operations,2026-09-29T23:00:00Z
SYN-AS-0164,SYN-SL-0085,SYN-AS-0164-DEMO,2026-08-27,2028-08-27,Calendar months from delivery date; illustrative terms,2026-08-27T12:00:00Z,true,installed_assets:00164,Operations,2026-09-29T23:00:00Z
SYN-AS-0249,SYN-SL-0128,SYN-AS-0249-DEMO,2026-06-07,2028-06-07,Calendar months from delivery date; illustrative terms,2026-06-07T12:00:00Z,true,installed_assets:DUP:00248,Operations,2026-09-29T23:00:00Z
SYN-AS-0038,SYN-SL-0020,SYN-AS-0038-DEMO,13-Feb-2026,2027-02-13,Calendar months from delivery date; illustrative terms,2026-02-13T12:00:00Z,true,installed_assets:00038,Operations,2026-09-29T23:00:00Z
SYN-AS-0056,SYN-SL-0027,SYN-AS-0056-DEMO,2026-04-10,2027-04-10,Calendar months from delivery date; illustrative terms,2026-04-10T12:00:00Z,true,installed_assets:00056,Operations,2026-09-29T23:00:00Z
SYN-AS-0312,SYN-SL-0160,SYN-AS-0312-DEMO,2026-09-08,2028-09-08,Calendar months from delivery date; illustrative terms,2026-09-08T12:00:00Z,true,installed_assets:00312,Operations,2026-09-29T23:00:00Z
SYN-AS-0321,SYN-SL-0165,SYN-AS-0321-DEMO,12/04/2026,2028-04-12,Calendar months from delivery date; illustrative terms,2026-04-12T12:00:00Z,true,installed_assets:00321,Operations,2026-09-29T23:00:00Z
SYN-AS-0220,SYN-SL-0114,SYN-AS-0220-DEMO,2026-05-11,2027-05-11,Calendar months from delivery date; illustrative terms,2026-05-11T12:00:00Z,true,installed_assets:00220,Operations,2026-09-29T23:00:00Z
SYN-AS-0183,SYN-SL-0096,SYN-AS-0183-DEMO,2026-07-25,2028-07-25,Calendar months from delivery date; illustrative terms,2026-07-25T12:00:00Z,true,installed_assets:00183,Operations,2026-09-29T23:00:00Z
SYN-AS-0099,SYN-SL-0052,SYN-AS-0099-DEMO,2026-07-17,2027-07-17,Calendar months from delivery date; illustrative terms,2026-07-17T12:00:00Z,true,installed_assets:00099,Operations,2026-09-29T23:00:00Z
SYN-AS-0007,SYN-SL-0005,SYN-AS-0007-DEMO,2026-06-05,2028-06-05,Calendar months from delivery date; illustrative terms,2026-06-05T12:00:00Z,true,installed_assets:00007,Operations,2026-09-29T23:00:00Z
SYN-AS-0317,SYN-SL-0163,SYN-AS-0317-DEMO,2026-08-25,2027-08-25,Calendar months from delivery date; illustrative terms,2026-08-25T12:00:00Z,true,installed_assets:00317,Operations,2026-09-29T23:00:00Z
SYN-AS-0281,SYN-SL-0146,SYN-AS-0281-DEMO,2026-07-21,2028-07-21,Calendar months from delivery date; illustrative terms,2026-07-21T12:00:00Z,true,installed_assets:00281,Operations,2026-09-29T23:00:00Z
SYN-AS-0035,SYN-SL-0018,SYN-AS-0035-DEMO,17/08/2026,2028-08-17,Calendar months from delivery date; illustrative terms,2026-08-17T12:00:00Z,true,installed_assets:00035,Operations,2026-09-29T23:00:00Z
SYN-AS-0263,SYN-SL-0137,SYN-AS-0263-DEMO,2026-07-02,2028-07-02,Calendar months from delivery date; illustrative terms,2026-07-02T12:00:00Z,true,installed_assets:00263,Operations,2026-09-29T23:00:00Z
SYN-AS-0064,SYN-SL-0031,SYN-AS-0064-DEMO,2026-04-17,2027-04-17,Calendar months from delivery date; illustrative terms,2026-04-17T12:00:00Z,true,installed_assets:00064,Operations,2026-09-29T23:00:00Z
SYN-AS-0155,SYN-SL-0079,SYN-AS-0155-DEMO,2026-05-07,2027-05-07,Calendar months from delivery date; illustrative terms,2026-05-07T12:00:00Z,true,installed_assets:00155,Operations,2026-09-29T23:00:00Z
SYN-AS-0046,SYN-SL-0023,SYN-AS-0046-DEMO,19/03/2026,2028-03-19,Calendar months from delivery date; illustrative terms,2026-03-19T12:00:00Z,true,installed_assets:00046,Operations,2026-09-29T23:00:00Z
SYN-AS-0294,SYN-SL-0152,SYN-AS-0294-DEMO,2026-07-08,2028-07-08,Calendar months from delivery date; illustrative terms,2026-07-08T12:00:00Z,YES,installed_assets:00294,Operations,2026-09-29T23:00:00Z
SYN-AS-0148,SYN-SL-0076,SYN-AS-0148-DEMO,2026-07-04,2028-07-04,Calendar months from delivery date; illustrative terms,2026-07-04T12:00:00Z,true,installed_assets:00148,Operations,2026-09-29T23:00:00Z
SYN-AS-0319,SYN-SL-0164,SYN-AS-0319-DEMO,2026-04-12,2028-04-12,Calendar months from delivery date; illustrative terms,2026-04-12T12:00:00Z,true,installed_assets:00319,Operations,2026-09-29T23:00:00Z
SYN-AS-0230,SYN-SL-0118,SYN-AS-0230-DEMO,2026-04-15,2028-04-15,Calendar months from delivery date; illustrative terms,2026-04-15T12:00:00Z,true,installed_assets:00230,Operations,2026-09-29T23:00:00Z
SYN-AS-0304,SYN-SL-0156,SYN-AS-0304-DEMO,2026-04-17,2028-04-17,Calendar months from delivery date; illustrative terms,2026-04-17T12:00:00Z,true,installed_assets:00304,Operations,2026-09-29T23:00:00Z
SYN-AS-0118,SYN-SL-0061,SYN-AS-0118-DEMO,2026-04-26,2027-04-26,Calendar months from delivery date; illustrative terms,2026-04-26T12:00:00Z,true,installed_assets:00118,Operations,2026-09-29T23:00:00Z
SYN-AS-0213,SYN-SL-0111,SYN-AS-0213-DEMO,2026-05-09,2028-05-09,Calendar months from delivery date; illustrative terms,2026-05-09T12:00:00Z,true,installed_assets:00213,Operations,2026-09-29T23:00:00Z
SYN-AS-0186,SYN-SL-0097,SYN-AS-0186-DEMO,2026-07-25,2028-07-25,Calendar months from delivery date; illustrative terms,2026-07-25T12:00:00Z,true,installed_assets:00186,Operations,2026-09-29T23:00:00Z
SYN-AS-0084,SYN-SL-0044,SYN-AS-0084-DEMO,2026-04-24,2028-04-24,Calendar months from delivery date; illustrative terms,2026-04-24T12:00:00Z,true,installed_assets:00084,Operations,2026-09-29T23:00:00Z
SYN-AS-0105,SYN-SL-0055,SYN-AS-0105-DEMO,2026-08-16,2028-08-16,Calendar months from delivery date; illustrative terms,2026-08-16T12:00:00Z,true,installed_assets:00105,Operations,2026-09-29T23:00:00Z
SYN-AS-0032,SYN-SL-0016,SYN-AS-0032-DEMO,2026-04-15,2027-04-15,Calendar months from delivery date; illustrative terms,2026-04-15T12:00:00Z,true,installed_assets:00032,Operations,2026-09-29T23:00:00Z
SYN-AS-0019,SYN-SL-0011,SYN-AS-0019-DEMO,2026-07-29,2027-07-29,Calendar months from delivery date; illustrative terms,2026-07-29T12:00:00Z,true,installed_assets:00019,Operations,2026-09-29T23:00:00Z
SYN-AS-0323,SYN-SL-0166,SYN-AS-0323-DEMO,2026-05-26,2028-05-26,Calendar months from delivery date; illustrative terms,2026-05-26T12:00:00Z,true,installed_assets:00323,Operations,2026-09-29T23:00:00Z
SYN-AS-0225,SYN-SL-0116,SYN-AS-0225-DEMO,26-Mar-2026,2028-03-26,Calendar months from delivery date; illustrative terms,2026-03-26T12:00:00Z,true,installed_assets:00225,Operations,2026-09-29T23:00:00Z
SYN-AS-0313,SYN-SL-0161,SYN-AS-0313-DEMO,2026-05-20,2027-05-20,Calendar months from delivery date; illustrative terms,2026-05-20T12:00:00Z,YES,installed_assets:00313,Operations,2026-09-29T23:00:00Z
SYN-AS-0010,SYN-SL-0006,SYN-AS-0010-DEMO,2026-03-06,2028-03-06,Calendar months from delivery date; illustrative terms,2026-03-06T12:00:00Z,true,installed_assets:00010,Operations,2026-09-29T23:00:00Z
SYN-AS-0142,SYN-SL-0073,SYN-AS-0142-DEMO,2026-04-27,2028-04-27,Calendar months from delivery date; illustrative terms,2026-04-27T12:00:00Z,YES,installed_assets:00142,Operations,2026-09-29T23:00:00Z
SYN-AS-0029,SYN-SL-0015,SYN-AS-0029-DEMO,2026-09-06,2028-09-06,Calendar months from delivery date; illustrative terms,2026-09-06T12:00:00Z,true,installed_assets:00029,Operations,2026-09-29T23:00:00Z
SYN-AS-0332,SYN-SL-0169,SYN-AS-0332-DEMO,05/06/2026,2028-06-05,Calendar months from delivery date; illustrative terms,2026-06-05T12:00:00Z,YES,installed_assets:00332,Operations,2026-09-29T23:00:00Z
SYN-AS-0260,SYN-SL-0135,SYN-AS-0260-DEMO,2026-07-15,2027-07-15,Calendar months from delivery date; illustrative terms,2026-07-15T12:00:00Z,true,installed_assets:00260,Operations,2026-09-29T23:00:00Z
SYN-AS-0071,SYN-SL-0035,SYN-AS-0071-DEMO,2026-06-26,2027-06-26,Calendar months from delivery date; illustrative terms,2026-06-26T12:00:00Z,true,installed_assets:00071,Operations,2026-09-29T23:00:00Z
SYN-AS-0208,SYN-SL-0108,SYN-AS-0208-DEMO,03-May-2026,2027-05-03,Calendar months from delivery date; illustrative terms,2026-05-03T12:00:00Z,true,installed_assets:00208,Operations,2026-09-29T23:00:00Z
SYN-AS-0307,SYN-SL-0158,SYN-AS-0307-DEMO,2026-09-08,2028-09-08,Calendar months from delivery date; illustrative terms,2026-09-08T12:00:00Z,true,installed_assets:00307,Operations,2026-09-29T23:00:00Z
SYN-AS-0032,SYN-SL-0016,SYN-AS-0032-DEMO,2026-04-15,2027-04-15,Calendar months from delivery date; illustrative terms,2026-04-15T12:00:00Z,true,installed_assets:DUP:00031,Operations,2026-09-29T23:00:00Z
SYN-AS-0024,SYN-SL-0013,SYN-AS-0024-DEMO,06/09/2026,2027-09-06,Calendar months from delivery date; illustrative terms,2026-09-06T12:00:00Z,true,installed_assets:00024,Operations,2026-09-29T23:00:00Z
SYN-AS-0200,SYN-SL-0105,SYN-AS-0200-DEMO,27/05/2026,2027-05-27,Calendar months from delivery date; illustrative terms,2026-05-27T12:00:00Z,true,installed_assets:00200,Operations,2026-09-29T23:00:00Z
SYN-AS-0247,SYN-SL-0127,SYN-AS-0247-DEMO,2026-07-28,2027-07-28,Calendar months from delivery date; illustrative terms,2026-07-28T12:00:00Z,true,installed_assets:00247,Operations,2026-09-29T23:00:00Z
SYN-AS-0170,SYN-SL-0088,SYN-AS-0170-DEMO,2026-03-29,2028-03-29,Calendar months from delivery date; illustrative terms,2026-03-29T12:00:00Z,true,installed_assets:00170,Operations,2026-09-29T23:00:00Z
SYN-AS-0058,SYN-SL-0028,SYN-AS-0058-DEMO,2026-04-13,2027-04-13,Calendar months from delivery date; illustrative terms,2026-04-13T12:00:00Z,true,installed_assets:00058,Operations,2026-09-29T23:00:00Z
SYN-AS-0112,SYN-SL-0058,SYN-AS-0112-DEMO,18/02/2026,2028-02-18,Calendar months from delivery date; illustrative terms,2026-02-18T12:00:00Z,true,installed_assets:00112,Operations,2026-09-29T23:00:00Z
SYN-AS-0068,SYN-SL-0034,SYN-AS-0068-DEMO,10/09/2026,2028-09-10,Calendar months from delivery date; illustrative terms,2026-09-10T12:00:00Z,true,installed_assets:00068,Operations,2026-09-29T23:00:00Z
SYN-AS-0290,SYN-SL-0150,SYN-AS-0290-DEMO,2026-07-08,2028-07-08,Calendar months from delivery date; illustrative terms,2026-07-08T12:00:00Z,true,installed_assets:00290,Operations,2026-09-29T23:00:00Z
SYN-AS-0173,SYN-SL-0090,SYN-AS-0173-DEMO,2026-04-10,2028-04-10,Calendar months from delivery date; illustrative terms,2026-04-10T12:00:00Z,true,installed_assets:00173,Operations,2026-09-29T23:00:00Z
SYN-AS-0050,SYN-SL-0024,SYN-AS-0050-DEMO,2026-03-19,2028-03-19,Calendar months from delivery date; illustrative terms,2026-03-19T12:00:00Z,true,installed_assets:00050,Operations,2026-09-29T23:00:00Z
SYN-AS-0308,SYN-SL-0159,SYN-AS-0308-DEMO,2026-09-08,2027-09-08,Calendar months from delivery date; illustrative terms,2026-09-08T12:00:00Z,true,installed_assets:00308,Operations,2026-09-29T23:00:00Z
SYN-AS-0276,SYN-SL-0144,SYN-AS-0276-DEMO,21-Jul-2026,2028-07-21,Calendar months from delivery date; illustrative terms,2026-07-21T12:00:00Z,true,installed_assets:00276,Operations,2026-09-29T23:00:00Z
SYN-AS-0117,SYN-SL-0061,SYN-AS-0117-DEMO,2026-04-26,2027-04-26,Calendar months from delivery date; illustrative terms,2026-04-26T12:00:00Z,true,installed_assets:00117,Operations,2026-09-29T23:00:00Z
SYN-AS-0204,SYN-SL-0107,SYN-AS-0204-DEMO,2026-05-03,2028-05-03,Calendar months from delivery date; illustrative terms,2026-05-03T12:00:00Z,true,installed_assets:00204,Operations,2026-09-29T23:00:00Z
SYN-AS-0128,SYN-SL-0066,SYN-AS-0128-DEMO,2026-02-16,2028-02-16,Calendar months from delivery date; illustrative terms,2026-02-16T12:00:00Z,true,installed_assets:00128,Operations,2026-09-29T23:00:00Z
SYN-AS-0136,SYN-SL-0071,SYN-AS-0136-DEMO,2026-05-08,2027-05-08,Calendar months from delivery date; illustrative terms,2026-05-08T12:00:00Z,true,installed_assets:00136,Operations,2026-09-29T23:00:00Z
SYN-AS-0147,SYN-SL-0075,SYN-AS-0147-DEMO,2026-04-27,2028-04-27,Calendar months from delivery date; illustrative terms,2026-04-27T12:00:00Z,true,installed_assets:00147,Operations,2026-09-29T23:00:00Z
SYN-AS-0037,SYN-SL-0019,SYN-AS-0037-DEMO,2026-08-17,2027-08-17,Calendar months from delivery date; illustrative terms,2026-08-17T12:00:00Z,true,installed_assets:00037,Operations,2026-09-29T23:00:00Z
SYN-AS-0122,SYN-SL-0063,SYN-AS-0122-DEMO,2026-05-04,2027-05-04,Calendar months from delivery date; illustrative terms,2026-05-04T12:00:00Z,true,installed_assets:00122,Operations,2026-09-29T23:00:00Z
SYN-AS-0055,SYN-SL-0027,SYN-AS-0055-DEMO,10-Apr-2026,2027-04-10,Calendar months from delivery date; illustrative terms,2026-04-10T12:00:00Z,true,installed_assets:00055,Operations,2026-09-29T23:00:00Z
SYN-AS-0277,SYN-SL-0145,SYN-AS-0277-DEMO,21/07/2026,2027-07-21,Calendar months from delivery date; illustrative terms,2026-07-21T12:00:00Z,true,installed_assets:00277,Operations,2026-09-29T23:00:00Z
SYN-AS-0172,SYN-SL-0089,SYN-AS-0172-DEMO,2026-04-10,2028-04-10,Calendar months from delivery date; illustrative terms,2026-04-10T12:00:00Z,true,installed_assets:00172,Operations,2026-09-29T23:00:00Z
SYN-AS-0074,SYN-SL-0037,SYN-AS-0074-DEMO,2026-08-21,2028-08-21,Calendar months from delivery date; illustrative terms,2026-08-21T12:00:00Z,true,installed_assets:00074,Operations,2026-09-29T23:00:00Z
SYN-AS-0069,SYN-SL-0034,SYN-AS-0069-DEMO,2026-09-10,2028-09-10,Calendar months from delivery date; illustrative terms,2026-09-10T12:00:00Z,true,installed_assets:00069,Operations,2026-09-29T23:00:00Z
SYN-AS-0187,SYN-SL-0097,SYN-AS-0187-DEMO,2026-07-25,2028-07-25,Calendar months from delivery date; illustrative terms,2026-07-25T12:00:00Z,true,installed_assets:DUP:00186,Operations,2026-09-29T23:00:00Z
SYN-AS-0205,SYN-SL-0107,SYN-AS-0205-DEMO,2026-05-03,2028-05-03,Calendar months from delivery date; illustrative terms,2026-05-03T12:00:00Z,true,installed_assets:00205,Operations,2026-09-29T23:00:00Z
SYN-AS-0233,SYN-SL-0119,SYN-AS-0233-DEMO,09/09/2026,2027-09-09,Calendar months from delivery date; illustrative terms,2026-09-09T12:00:00Z,true,installed_assets:00233,Operations,2026-09-29T23:00:00Z
SYN-AS-0125,SYN-SL-0065,SYN-AS-0125-DEMO,2026-02-16,2028-02-16,Calendar months from delivery date; illustrative terms,2026-02-16T12:00:00Z,true,installed_assets:DUP:00124,Operations,2026-09-29T23:00:00Z
SYN-AS-0085,SYN-SL-0045,SYN-AS-0085-DEMO,2026-06-02,2028-06-02,Calendar months from delivery date; illustrative terms,2026-06-02T12:00:00Z,YES,installed_assets:00085,Operations,2026-09-29T23:00:00Z
SYN-AS-0009,SYN-SL-0006,SYN-AS-0009-DEMO,2026-03-06,2028-03-06,Calendar months from delivery date; illustrative terms,2026-03-06T12:00:00Z,YES,installed_assets:00009,Operations,2026-09-29T23:00:00Z
SYN-AS-0268,SYN-SL-0139,SYN-AS-0268-DEMO,2026-03-08,2027-03-08,Calendar months from delivery date; illustrative terms,2026-03-08T12:00:00Z,true,installed_assets:00268,Operations,2026-09-29T23:00:00Z
SYN-AS-0316,SYN-SL-0163,SYN-AS-0316-DEMO,2026-08-25,2027-08-25,Calendar months from delivery date; illustrative terms,2026-08-25T12:00:00Z,true,installed_assets:00316,Operations,2026-09-29T23:00:00Z
SYN-AS-0087,SYN-SL-0046,SYN-AS-0087-DEMO,2026-06-02,2028-06-02,Calendar months from delivery date; illustrative terms,2026-06-02T12:00:00Z,true,installed_assets:00087,Operations,2026-09-29T23:00:00Z
SYN-AS-0095,SYN-SL-0051,SYN-AS-0095-DEMO,2026-07-17,2027-07-17,Calendar months from delivery date; illustrative terms,2026-07-17T12:00:00Z,true,installed_assets:00095,Operations,2026-09-29T23:00:00Z
SYN-AS-0121,SYN-SL-0063,SYN-AS-0121-DEMO,2026-05-04,2027-05-04,Calendar months from delivery date; illustrative terms,2026-05-04T12:00:00Z,true,installed_assets:00121,Operations,2026-09-29T23:00:00Z
SYN-AS-0270,SYN-SL-0140,SYN-AS-0270-DEMO,2026-06-07,2028-06-07,Calendar months from delivery date; illustrative terms,2026-06-07T12:00:00Z,true,installed_assets:00270,Operations,2026-09-29T23:00:00Z
SYN-AS-0063,SYN-SL-0031,SYN-AS-0063-DEMO,2026-04-17,2027-04-17,Calendar months from delivery date; illustrative terms,2026-04-17T12:00:00Z,true,installed_assets:DUP:00062,Operations,2026-09-29T23:00:00Z
SYN-AS-0008,SYN-SL-0006,SYN-AS-0008-DEMO,2026-03-06,2028-03-06,Calendar months from delivery date; illustrative terms,2026-03-06T12:00:00Z,true,installed_assets:00008,Operations,2026-09-29T23:00:00Z
SYN-AS-0127,SYN-SL-0066,SYN-AS-0127-DEMO,2026-02-16,2028-02-16,Calendar months from delivery date; illustrative terms,2026-02-16T12:00:00Z,true,installed_assets:00127,Operations,2026-09-29T23:00:00Z
SYN-AS-0222,SYN-SL-0115,SYN-AS-0222-DEMO,26/03/2026,2027-03-26,Calendar months from delivery date; illustrative terms,2026-03-26T12:00:00Z,true,installed_assets:00222,Operations,2026-09-29T23:00:00Z
SYN-AS-0165,SYN-SL-0086,SYN-AS-0165-DEMO,2026-08-27,2028-08-27,Calendar months from delivery date; illustrative terms,2026-08-27T12:00:00Z,true,installed_assets:00165,Operations,2026-09-29T23:00:00Z
SYN-AS-0254,SYN-SL-0131,SYN-AS-0254-DEMO,2026-03-27,2028-03-27,Calendar months from delivery date; illustrative terms,2026-03-27T12:00:00Z,true,installed_assets:00254,Operations,2026-09-29T23:00:00Z
SYN-AS-0318,SYN-SL-0163,SYN-AS-0318-DEMO,2026-08-25,2027-08-25,Calendar months from delivery date; illustrative terms,2026-08-25T12:00:00Z,true,installed_assets:00318,Operations,2026-09-29T23:00:00Z
SYN-AS-0206,SYN-SL-0108,SYN-AS-0206-DEMO,2026-05-03,2027-05-03,Calendar months from delivery date; illustrative terms,2026-05-03T12:00:00Z,true,installed_assets:00206,Operations,2026-09-29T23:00:00Z
SYN-AS-0176,SYN-SL-0092,SYN-AS-0176-DEMO,2026-02-15,2028-02-15,Calendar months from delivery date; illustrative terms,2026-02-15T12:00:00Z,true,installed_assets:00176,Operations,2026-09-29T23:00:00Z
SYN-AS-0327,SYN-SL-0168,SYN-AS-0327-DEMO,09-Sep-2026,2028-09-09,Calendar months from delivery date; illustrative terms,2026-09-09T12:00:00Z,true,installed_assets:00327,Operations,2026-09-29T23:00:00Z
SYN-AS-0006,SYN-SL-0004,SYN-AS-0006-DEMO,2026-06-01,2027-06-01,Calendar months from delivery date; illustrative terms,2026-06-01T12:00:00Z,true,installed_assets:00006,Operations,2026-09-29T23:00:00Z
SYN-AS-0203,SYN-SL-0106,SYN-AS-0203-DEMO,2026-05-27,2028-05-27,Calendar months from delivery date; illustrative terms,2026-05-27T12:00:00Z,true,installed_assets:00203,Operations,2026-09-29T23:00:00Z
SYN-AS-0018,SYN-SL-0010,SYN-AS-0018-DEMO,2026-07-29,2027-07-29,Calendar months from delivery date; illustrative terms,2026-07-29T12:00:00Z,true,installed_assets:00018,Operations,2026-09-29T23:00:00Z
SYN-AS-0106,SYN-SL-0055,SYN-AS-0106-DEMO,16-Aug-2026,2028-08-16,Calendar months from delivery date; illustrative terms,2026-08-16T12:00:00Z,true,installed_assets:00106,Operations,2026-09-29T23:00:00Z
SYN-AS-0241,SYN-SL-0124,SYN-AS-0241-DEMO,2026-08-13,2028-08-13,Calendar months from delivery date; illustrative terms,2026-08-13T12:00:00Z,true,installed_assets:00241,Operations,2026-09-29T23:00:00Z
SYN-AS-0090,SYN-SL-0048,SYN-AS-0090-DEMO,13/05/2026,2028-05-13,Calendar months from delivery date; illustrative terms,2026-05-13T12:00:00Z,true,installed_assets:00090,Operations,2026-09-29T23:00:00Z
SYN-AS-0175,SYN-SL-0092,SYN-AS-0175-DEMO,2026-02-15,2028-02-15,Calendar months from delivery date; illustrative terms,2026-02-15T12:00:00Z,true,installed_assets:00175,Operations,2026-09-29T23:00:00Z
SYN-AS-0243,SYN-SL-0126,SYN-AS-0243-DEMO,2026-05-12,2028-05-12,Calendar months from delivery date; illustrative terms,2026-05-12T12:00:00Z,true,installed_assets:00243,Operations,2026-09-29T23:00:00Z
SYN-AS-0280,SYN-SL-0146,SYN-AS-0280-DEMO,2026-07-21,2028-07-21,Calendar months from delivery date; illustrative terms,2026-07-21T12:00:00Z,true,installed_assets:DUP:00279,Operations,2026-09-29T23:00:00Z
SYN-AS-0151,SYN-SL-0077,SYN-AS-0151-DEMO,2026-07-04,2028-07-04,Calendar months from delivery date; illustrative terms,2026-07-04T12:00:00Z,true,installed_assets:00151,Operations,2026-09-29T23:00:00Z
SYN-AS-0001,SYN-SL-0001,SYN-AS-0001-DEMO,2026-06-01,2028-06-01,Calendar months from delivery date; illustrative terms,2026-06-01T12:00:00Z,true,installed_assets:DUP:00000,Operations,2026-09-29T23:00:00Z
SYN-AS-0137,SYN-SL-0072,SYN-AS-0137-DEMO,2026-05-08,2028-05-08,Calendar months from delivery date; illustrative terms,2026-05-08T12:00:00Z,true,installed_assets:00137,Operations,2026-09-29T23:00:00Z
SYN-AS-0291,SYN-SL-0151,SYN-AS-0291-DEMO,2026-07-08,2027-07-08,Calendar months from delivery date; illustrative terms,2026-07-08T12:00:00Z,true,installed_assets:00291,Operations,2026-09-29T23:00:00Z
SYN-AS-0223,SYN-SL-0115,SYN-AS-0223-DEMO,2026-03-26,2027-03-26,Calendar months from delivery date; illustrative terms,2026-03-26T12:00:00Z,true,installed_assets:00223,Operations,2026-09-29T23:00:00Z
SYN-AS-0159,SYN-SL-0081,SYN-AS-0159-DEMO,2026-05-13,2027-05-13,Calendar months from delivery date; illustrative terms,2026-05-13T12:00:00Z,true,installed_assets:00159,Operations,2026-09-29T23:00:00Z
SYN-AS-0103,SYN-SL-0054,SYN-AS-0103-DEMO,2026-08-16,2028-08-16,Calendar months from delivery date; illustrative terms,2026-08-16T12:00:00Z,true,installed_assets:00103,Operations,2026-09-29T23:00:00Z
SYN-AS-0034,SYN-SL-0017,SYN-AS-0034-DEMO,2026-08-17,2027-08-17,Calendar months from delivery date; illustrative terms,2026-08-17T12:00:00Z,true,installed_assets:00034,Operations,2026-09-29T23:00:00Z
SYN-AS-0083,SYN-SL-0044,SYN-AS-0083-DEMO,2026-04-24,2028-04-24,Calendar months from delivery date; illustrative terms,2026-04-24T12:00:00Z,true,installed_assets:00083,Operations,2026-09-29T23:00:00Z
SYN-AS-0109,SYN-SL-0057,SYN-AS-0109-DEMO,2026-02-18,2028-02-18,Calendar months from delivery date; illustrative terms,2026-02-18T12:00:00Z,true,installed_assets:00109,Operations,2026-09-29T23:00:00Z
SYN-AS-0144,SYN-SL-0074,SYN-AS-0144-DEMO,2026-04-27,2027-04-27,Calendar months from delivery date; illustrative terms,2026-04-27T12:00:00Z,true,installed_assets:00144,Operations,2026-09-29T23:00:00Z
SYN-AS-0031,SYN-SL-0016,SYN-AS-0031-DEMO,2026-04-15,2027-04-15,Calendar months from delivery date; illustrative terms,2026-04-15T12:00:00Z,true,installed_assets:00031,Operations,2026-09-29T23:00:00Z
SYN-AS-0134,SYN-SL-0070,SYN-AS-0134-DEMO,08/05/2026,2028-05-08,Calendar months from delivery date; illustrative terms,2026-05-08T12:00:00Z,true,installed_assets:00134,Operations,2026-09-29T23:00:00Z
SYN-AS-0198,SYN-SL-0103,SYN-AS-0198-DEMO,2026-05-27,2027-05-27,Calendar months from delivery date; illustrative terms,2026-05-27T12:00:00Z,true,installed_assets:00198,Operations,2026-09-29T23:00:00Z
SYN-AS-0100,SYN-SL-0052,SYN-AS-0100-DEMO,2026-07-17,2027-07-17,Calendar months from delivery date; illustrative terms,2026-07-17T12:00:00Z,true,installed_assets:00100,Operations,2026-09-29T23:00:00Z
SYN-AS-0315,SYN-SL-0162,SYN-AS-0315-DEMO,2026-08-25,2028-08-25,Calendar months from delivery date; illustrative terms,2026-08-25T12:00:00Z,true,installed_assets:00315,Operations,2026-09-29T23:00:00Z
SYN-AS-0166,SYN-SL-0086,SYN-AS-0166-DEMO,2026-08-27,2028-08-27,Calendar months from delivery date; illustrative terms,2026-08-27T12:00:00Z,true,installed_assets:00166,Operations,2026-09-29T23:00:00Z
SYN-AS-0180,SYN-SL-0094,SYN-AS-0180-DEMO,2026-06-08,2027-06-08,Calendar months from delivery date; illustrative terms,2026-06-08T12:00:00Z,YES,installed_assets:00180,Operations,2026-09-29T23:00:00Z
SYN-AS-0240,SYN-SL-0124,SYN-AS-0240-DEMO,2026-08-13,2028-08-13,Calendar months from delivery date; illustrative terms,2026-08-13T12:00:00Z,true,installed_assets:00240,Operations,2026-09-29T23:00:00Z
SYN-AS-0139,SYN-SL-0072,SYN-AS-0139-DEMO,2026-05-08,2028-05-08,Calendar months from delivery date; illustrative terms,2026-05-08T12:00:00Z,true,installed_assets:00139,Operations,2026-09-29T23:00:00Z
SYN-AS-0067,SYN-SL-0033,SYN-AS-0067-DEMO,2026-09-10,2028-09-10,Calendar months from delivery date; illustrative terms,2026-09-10T12:00:00Z,true,installed_assets:00067,Operations,2026-09-29T23:00:00Z
SYN-AS-0256,SYN-SL-0131,SYN-AS-0256-DEMO,2026-03-27,2028-03-27,Calendar months from delivery date; illustrative terms,2026-03-27T12:00:00Z,YES,installed_assets:00256,Operations,2026-09-29T23:00:00Z
SYN-AS-0190,SYN-SL-0100,SYN-AS-0190-DEMO,2026-02-19,2028-02-19,Calendar months from delivery date; illustrative terms,2026-02-19T12:00:00Z,true,installed_assets:00190,Operations,2026-09-29T23:00:00Z
SYN-AS-0202,SYN-SL-0106,SYN-AS-0202-DEMO,2026-05-27,2028-05-27,Calendar months from delivery date; illustrative terms,2026-05-27T12:00:00Z,true,installed_assets:00202,Operations,2026-09-29T23:00:00Z
SYN-AS-0296,SYN-SL-0153,SYN-AS-0296-DEMO,2026-03-25,2028-03-25,Calendar months from delivery date; illustrative terms,2026-03-25T12:00:00Z,true,installed_assets:00296,Operations,2026-09-29T23:00:00Z
SYN-AS-0287,SYN-SL-0149,SYN-AS-0287-DEMO,2026-05-15,2028-05-15,Calendar months from delivery date; illustrative terms,2026-05-15T12:00:00Z,true,installed_assets:00287,Operations,2026-09-29T23:00:00Z
SYN-AS-0129,SYN-SL-0067,SYN-AS-0129-DEMO,2026-09-02,2028-09-02,Calendar months from delivery date; illustrative terms,2026-09-02T12:00:00Z,true,installed_assets:00129,Operations,2026-09-29T23:00:00Z
SYN-AS-0195,SYN-SL-0102,SYN-AS-0195-DEMO,2026-03-19,2027-03-19,Calendar months from delivery date; illustrative terms,2026-03-19T12:00:00Z,true,installed_assets:00195,Operations,2026-09-29T23:00:00Z
SYN-AS-0171,SYN-SL-0089,SYN-AS-0171-DEMO,2026-04-10,2028-04-10,Calendar months from delivery date; illustrative terms,2026-04-10T12:00:00Z,true,installed_assets:00171,Operations,2026-09-29T23:00:00Z
SYN-AS-0274,SYN-SL-0143,SYN-AS-0274-DEMO,2026-07-21,2028-07-21,Calendar months from delivery date; illustrative terms,2026-07-21T12:00:00Z,true,installed_assets:00274,Operations,2026-09-29T23:00:00Z
SYN-AS-0162,SYN-SL-0083,SYN-AS-0162-DEMO,2026-08-24,2028-08-24,Calendar months from delivery date; illustrative terms,2026-08-24T12:00:00Z,true,installed_assets:00162,Operations,2026-09-29T23:00:00Z
SYN-AS-0115,SYN-SL-0059,SYN-AS-0115-DEMO,2026-04-26,2028-04-26,Calendar months from delivery date; illustrative terms,2026-04-26T12:00:00Z,true,installed_assets:00115,Operations,2026-09-29T23:00:00Z
SYN-AS-0146,SYN-SL-0075,SYN-AS-0146-DEMO,2026-04-27,2028-04-27,Calendar months from delivery date; illustrative terms,2026-04-27T12:00:00Z,true,installed_assets:00146,Operations,2026-09-29T23:00:00Z
SYN-AS-0152,SYN-SL-0077,SYN-AS-0152-DEMO,2026-07-04,2028-07-04,Calendar months from delivery date; illustrative terms,2026-07-04T12:00:00Z,true,installed_assets:00152,Operations,2026-09-29T23:00:00Z
SYN-AS-0073,SYN-SL-0036,SYN-AS-0073-DEMO,2026-06-26,2027-06-26,Calendar months from delivery date; illustrative terms,2026-06-26T12:00:00Z,true,installed_assets:00073,Operations,2026-09-29T23:00:00Z
SYN-AS-0036,SYN-SL-0019,SYN-AS-0036-DEMO,2026-08-17,2027-08-17,Calendar months from delivery date; illustrative terms,2026-08-17T12:00:00Z,true,installed_assets:00036,Operations,2026-09-29T23:00:00Z
SYN-AS-0020,SYN-SL-0011,SYN-AS-0020-DEMO,2026-07-29,2027-07-29,Calendar months from delivery date; illustrative terms,2026-07-29T12:00:00Z,true,installed_assets:00020,Operations,2026-09-29T23:00:00Z
SYN-AS-0293,SYN-SL-0151,SYN-AS-0293-DEMO,08-Jul-2026,2027-07-08,Calendar months from delivery date; illustrative terms,2026-07-08T12:00:00Z,true,installed_assets:00293,Operations,2026-09-29T23:00:00Z
SYN-AS-0120,SYN-SL-0063,SYN-AS-0120-DEMO,2026-05-04,2027-05-04,Calendar months from delivery date; illustrative terms,2026-05-04T12:00:00Z,true,installed_assets:00120,Operations,2026-09-29T23:00:00Z
SYN-AS-0258,SYN-SL-0133,SYN-AS-0258-DEMO,2026-04-24,2028-04-24,Calendar months from delivery date; illustrative terms,2026-04-24T12:00:00Z,true,installed_assets:00258,Operations,2026-09-29T23:00:00Z
SYN-AS-0282,SYN-SL-0147,SYN-AS-0282-DEMO,2026-05-18,2028-05-18,Calendar months from delivery date; illustrative terms,2026-05-18T12:00:00Z,true,installed_assets:00282,Operations,2026-09-29T23:00:00Z
SYN-AS-0052,SYN-SL-0026,SYN-AS-0052-DEMO,2026-04-10,2028-04-10,Calendar months from delivery date; illustrative terms,2026-04-10T12:00:00Z,true,installed_assets:00052,Operations,2026-09-29T23:00:00Z
SYN-AS-0141,SYN-SL-0073,SYN-AS-0141-DEMO,2026-04-27,2028-04-27,Calendar months from delivery date; illustrative terms,2026-04-27T12:00:00Z,true,installed_assets:00141,Operations,2026-09-29T23:00:00Z
SYN-AS-0049,SYN-SL-0024,SYN-AS-0049-DEMO,2026-03-19,2028-03-19,Calendar months from delivery date; illustrative terms,2026-03-19T12:00:00Z,true,installed_assets:00049,Operations,2026-09-29T23:00:00Z
SYN-AS-0212,SYN-SL-0110,SYN-AS-0212-DEMO,2026-05-09,2027-05-09,Calendar months from delivery date; illustrative terms,2026-05-09T12:00:00Z,true,installed_assets:00212,Operations,2026-09-29T23:00:00Z
SYN-AS-0145,SYN-SL-0075,SYN-AS-0145-DEMO,27/04/2026,2028-04-27,Calendar months from delivery date; illustrative terms,2026-04-27T12:00:00Z,true,installed_assets:00145,Operations,2026-09-29T23:00:00Z
SYN-AS-0192,SYN-SL-0100,SYN-AS-0192-DEMO,2026-02-19,2028-02-19,Calendar months from delivery date; illustrative terms,2026-02-19T12:00:00Z,true,installed_assets:00192,Operations,2026-09-29T23:00:00Z
SYN-AS-0275,SYN-SL-0143,SYN-AS-0275-DEMO,2026-07-21,2028-07-21,Calendar months from delivery date; illustrative terms,2026-07-21T12:00:00Z,YES,installed_assets:00275,Operations,2026-09-29T23:00:00Z
SYN-AS-0219,SYN-SL-0113,SYN-AS-0219-DEMO,2026-06-22,2027-06-22,Calendar months from delivery date; illustrative terms,2026-06-22T12:00:00Z,true,installed_assets:00219,Operations,2026-09-29T23:00:00Z
SYN-AS-0133,SYN-SL-0070,SYN-AS-0133-DEMO,2026-05-08,2028-05-08,Calendar months from delivery date; illustrative terms,2026-05-08T12:00:00Z,true,installed_assets:00133,Operations,2026-09-29T23:00:00Z
SYN-AS-0125,SYN-SL-0065,SYN-AS-0125-DEMO,2026-02-16,2028-02-16,Calendar months from delivery date; illustrative terms,2026-02-16T12:00:00Z,true,installed_assets:00125,Operations,2026-09-29T23:00:00Z
SYN-AS-0178,SYN-SL-0093,SYN-AS-0178-DEMO,15/02/2026,2028-02-15,Calendar months from delivery date; illustrative terms,2026-02-15T12:00:00Z,true,installed_assets:00178,Operations,2026-09-29T23:00:00Z
SYN-AS-0161,SYN-SL-0083,SYN-AS-0161-DEMO,2026-08-24,2028-08-24,Calendar months from delivery date; illustrative terms,2026-08-24T12:00:00Z,YES,installed_assets:00161,Operations,2026-09-29T23:00:00Z
SYN-AS-0102,SYN-SL-0053,SYN-AS-0102-DEMO,2026-08-16,2027-08-16,Calendar months from delivery date; illustrative terms,2026-08-16T12:00:00Z,true,installed_assets:00102,Operations,2026-09-29T23:00:00Z
SYN-AS-0097,SYN-SL-0051,SYN-AS-0097-DEMO,2026-07-17,2027-07-17,Calendar months from delivery date; illustrative terms,2026-07-17T12:00:00Z,true,installed_assets:00097,Operations,2026-09-29T23:00:00Z
SYN-AS-0158,SYN-SL-0080,SYN-AS-0158-DEMO,2026-05-13,2028-05-13,Calendar months from delivery date; illustrative terms,2026-05-13T12:00:00Z,true,installed_assets:00158,Operations,2026-09-29T23:00:00Z
SYN-AS-0280,SYN-SL-0146,SYN-AS-0280-DEMO,2026-07-21,2028-07-21,Calendar months from delivery date; illustrative terms,2026-07-21T12:00:00Z,true,installed_assets:00280,Operations,2026-09-29T23:00:00Z
SYN-AS-0184,SYN-SL-0096,SYN-AS-0184-DEMO,2026-07-25,2028-07-25,Calendar months from delivery date; illustrative terms,2026-07-25T12:00:00Z,true,installed_assets:00184,Operations,2026-09-29T23:00:00Z
SYN-AS-0251,SYN-SL-0129,SYN-AS-0251-DEMO,2026-06-07,2028-06-07,Calendar months from delivery date; illustrative terms,2026-06-07T12:00:00Z,true,installed_assets:00251,Operations,2026-09-29T23:00:00Z
SYN-AS-0025,SYN-SL-0014,SYN-AS-0025-DEMO,2026-09-06,2027-09-06,Calendar months from delivery date; illustrative terms,2026-09-06T12:00:00Z,true,installed_assets:00025,Operations,2026-09-29T23:00:00Z
SYN-AS-0305,SYN-SL-0157,SYN-AS-0305-DEMO,2026-09-08,2028-09-08,Calendar months from delivery date; illustrative terms,2026-09-08T12:00:00Z,true,installed_assets:00305,Operations,2026-09-29T23:00:00Z
SYN-AS-0048,SYN-SL-0023,SYN-AS-0048-DEMO,2026-03-19,2028-03-19,Calendar months from delivery date; illustrative terms,2026-03-19T12:00:00Z,true,installed_assets:00048,Operations,2026-09-29T23:00:00Z
SYN-AS-0234,SYN-SL-0120,SYN-AS-0234-DEMO,2026-09-09,2028-09-09,Calendar months from delivery date; illustrative terms,2026-09-09T12:00:00Z,true,installed_assets:00234,Operations,2026-09-29T23:00:00Z
SYN-AS-0261,SYN-SL-0136,SYN-AS-0261-DEMO,2026-07-02,2028-07-02,Calendar months from delivery date; illustrative terms,2026-07-02T12:00:00Z,true,installed_assets:00261,Operations,2026-09-29T23:00:00Z
SYN-AS-0242,SYN-SL-0125,SYN-AS-0242-DEMO,12-May-2026,2028-05-12,Calendar months from delivery date; illustrative terms,2026-05-12T12:00:00Z,true,installed_assets:00242,Operations,2026-09-29T23:00:00Z
SYN-AS-0259,SYN-SL-0134,SYN-AS-0259-DEMO,15-Jul-2026,2028-07-15,Calendar months from delivery date; illustrative terms,2026-07-15T12:00:00Z,true,installed_assets:00259,Operations,2026-09-29T23:00:00Z
SYN-AS-0017,SYN-SL-0010,SYN-AS-0017-DEMO,2026-07-29,2027-07-29,Calendar months from delivery date; illustrative terms,2026-07-29T12:00:00Z,true,installed_assets:00017,Operations,2026-09-29T23:00:00Z
SYN-AS-0257,SYN-SL-0132,SYN-AS-0257-DEMO,2026-04-24,2027-04-24,Calendar months from delivery date; illustrative terms,2026-04-24T12:00:00Z,true,installed_assets:00257,Operations,2026-09-29T23:00:00Z
SYN-AS-0123,SYN-SL-0064,SYN-AS-0123-DEMO,16/02/2026,2028-02-16,Calendar months from delivery date; illustrative terms,2026-02-16T12:00:00Z,YES,installed_assets:00123,Operations,2026-09-29T23:00:00Z
SYN-AS-0154,SYN-SL-0078,SYN-AS-0154-DEMO,2026-07-04,2028-07-04,Calendar months from delivery date; illustrative terms,2026-07-04T12:00:00Z,true,installed_assets:00154,Operations,2026-09-29T23:00:00Z
SYN-AS-0045,SYN-SL-0022,SYN-AS-0045-DEMO,2026-02-13,2028-02-13,Calendar months from delivery date; illustrative terms,2026-02-13T12:00:00Z,true,installed_assets:00045,Operations,2026-09-29T23:00:00Z
SYN-AS-0063,SYN-SL-0031,SYN-AS-0063-DEMO,2026-04-17,2027-04-17,Calendar months from delivery date; illustrative terms,2026-04-17T12:00:00Z,true,installed_assets:00063,Operations,2026-09-29T23:00:00Z
SYN-AS-0314,SYN-SL-0162,SYN-AS-0314-DEMO,2026-08-25,2028-08-25,Calendar months from delivery date; illustrative terms,2026-08-25T12:00:00Z,true,installed_assets:00314,Operations,2026-09-29T23:00:00Z
SYN-AS-0193,SYN-SL-0101,SYN-AS-0193-DEMO,2026-03-19,2028-03-19,Calendar months from delivery date; illustrative terms,2026-03-19T12:00:00Z,true,installed_assets:00193,Operations,2026-09-29T23:00:00Z
SYN-AS-0326,SYN-SL-0167,SYN-AS-0326-DEMO,2026-09-09,2028-09-09,Calendar months from delivery date; illustrative terms,2026-09-09T12:00:00Z,true,installed_assets:00326,Operations,2026-09-29T23:00:00Z
SYN-AS-0188,SYN-SL-0098,SYN-AS-0188-DEMO,2026-07-25,2027-07-25,Calendar months from delivery date; illustrative terms,2026-07-25T12:00:00Z,true,installed_assets:00188,Operations,2026-09-29T23:00:00Z
SYN-AS-0057,SYN-SL-0027,SYN-AS-0057-DEMO,10/04/2026,2027-04-10,Calendar months from delivery date; illustrative terms,2026-04-10T12:00:00Z,true,installed_assets:00057,Operations,2026-09-29T23:00:00Z
SYN-AS-0093,SYN-SL-0049,SYN-AS-0093-DEMO,2026-05-13,2027-05-13,Calendar months from delivery date; illustrative terms,2026-05-13T12:00:00Z,true,installed_assets:00093,Operations,2026-09-29T23:00:00Z
SYN-AS-0218,SYN-SL-0113,SYN-AS-0218-DEMO,2026-06-22,2027-06-22,Calendar months from delivery date; illustrative terms,2026-06-22T12:00:00Z,YES,installed_assets:00218,Operations,2026-09-29T23:00:00Z
SYN-AS-0124,SYN-SL-0065,SYN-AS-0124-DEMO,2026-02-16,2028-02-16,Calendar months from delivery date; illustrative terms,2026-02-16T12:00:00Z,true,installed_assets:00124,Operations,2026-09-29T23:00:00Z
SYN-AS-0189,SYN-SL-0099,SYN-AS-0189-DEMO,19/02/2026,2028-02-19,Calendar months from delivery date; illustrative terms,2026-02-19T12:00:00Z,true,installed_assets:00189,Operations,2026-09-29T23:00:00Z
SYN-AS-0060,SYN-SL-0029,SYN-AS-0060-DEMO,2026-02-25,2028-02-25,Calendar months from delivery date; illustrative terms,2026-02-25T12:00:00Z,true,installed_assets:00060,Operations,2026-09-29T23:00:00Z
SYN-AS-0232,SYN-SL-0119,SYN-AS-0232-DEMO,2026-09-09,2027-09-09,Calendar months from delivery date; illustrative terms,2026-09-09T12:00:00Z,true,installed_assets:00232,Operations,2026-09-29T23:00:00Z
SYN-AS-0065,SYN-SL-0032,SYN-AS-0065-DEMO,2026-03-28,2027-03-28,Calendar months from delivery date; illustrative terms,2026-03-28T12:00:00Z,true,installed_assets:00065,Operations,2026-09-29T23:00:00Z
SYN-AS-0214,SYN-SL-0112,SYN-AS-0214-DEMO,2026-05-09,2028-05-09,Calendar months from delivery date; illustrative terms,2026-05-09T12:00:00Z,true,installed_assets:00214,Operations,2026-09-29T23:00:00Z
SYN-AS-0250,SYN-SL-0129,SYN-AS-0250-DEMO,2026-06-07,2028-06-07,Calendar months from delivery date; illustrative terms,2026-06-07T12:00:00Z,true,installed_assets:00250,Operations,2026-09-29T23:00:00Z
SYN-AS-0119,SYN-SL-0062,SYN-AS-0119-DEMO,2026-09-05,2028-09-05,Calendar months from delivery date; illustrative terms,2026-09-05T12:00:00Z,true,installed_assets:00119,Operations,2026-09-29T23:00:00Z
SYN-AS-0053,SYN-SL-0026,SYN-AS-0053-DEMO,2026-04-10,2028-04-10,Calendar months from delivery date; illustrative terms,2026-04-10T12:00:00Z,true,installed_assets:00053,Operations,2026-09-29T23:00:00Z
SYN-AS-0245,SYN-SL-0126,SYN-AS-0245-DEMO,2026-05-12,2028-05-12,Calendar months from delivery date; illustrative terms,2026-05-12T12:00:00Z,true,installed_assets:00245,Operations,2026-09-29T23:00:00Z
SYN-AS-0076,SYN-SL-0038,SYN-AS-0076-DEMO,2026-05-06,2027-05-06,Calendar months from delivery date; illustrative terms,2026-05-06T12:00:00Z,true,installed_assets:00076,Operations,2026-09-29T23:00:00Z
SYN-AS-0114,SYN-SL-0059,SYN-AS-0114-DEMO,2026-04-26,2028-04-26,Calendar months from delivery date; illustrative terms,2026-04-26T12:00:00Z,true,installed_assets:00114,Operations,2026-09-29T23:00:00Z
SYN-AS-0224,SYN-SL-0116,SYN-AS-0224-DEMO,2026-03-26,2028-03-26,Calendar months from delivery date; illustrative terms,2026-03-26T12:00:00Z,true,installed_assets:00224,Operations,2026-09-29T23:00:00Z
SYN-AS-0168,SYN-SL-0087,SYN-AS-0168-DEMO,2026-08-27,2028-08-27,Calendar months from delivery date; illustrative terms,2026-08-27T12:00:00Z,true,installed_assets:00168,Operations,2026-09-29T23:00:00Z
SYN-AS-0283,SYN-SL-0148,SYN-AS-0283-DEMO,2026-05-18,2028-05-18,Calendar months from delivery date; illustrative terms,2026-05-18T12:00:00Z,true,installed_assets:00283,Operations,2026-09-29T23:00:00Z
SYN-AS-0196,SYN-SL-0102,SYN-AS-0196-DEMO,2026-03-19,2027-03-19,Calendar months from delivery date; illustrative terms,2026-03-19T12:00:00Z,true,installed_assets:00196,Operations,2026-09-29T23:00:00Z
SYN-AS-0306,SYN-SL-0157,SYN-AS-0306-DEMO,2026-09-08,2028-09-08,Calendar months from delivery date; illustrative terms,2026-09-08T12:00:00Z,true,installed_assets:00306,Operations,2026-09-29T23:00:00Z
SYN-AS-0286,SYN-SL-0149,SYN-AS-0286-DEMO,2026-05-15,2028-05-15,Calendar months from delivery date; illustrative terms,2026-05-15T12:00:00Z,true,installed_assets:00286,Operations,2026-09-29T23:00:00Z
SYN-AS-0042,SYN-SL-0021,SYN-AS-0042-DEMO,2026-02-13,2028-02-13,Calendar months from delivery date; illustrative terms,2026-02-13T12:00:00Z,true,installed_assets:00042,Operations,2026-09-29T23:00:00Z
SYN-AS-0013,SYN-SL-0007,SYN-AS-0013-DEMO,06/03/2026,2027-03-06,Calendar months from delivery date; illustrative terms,2026-03-06T12:00:00Z,true,installed_assets:00013,Operations,2026-09-29T23:00:00Z
SYN-AS-0011,SYN-SL-0007,SYN-AS-0011-DEMO,2026-03-06,2027-03-06,Calendar months from delivery date; illustrative terms,2026-03-06T12:00:00Z,true,installed_assets:00011,Operations,2026-09-29T23:00:00Z
SYN-AS-0199,SYN-SL-0104,SYN-AS-0199-DEMO,2026-05-27,2027-05-27,Calendar months from delivery date; illustrative terms,2026-05-27T12:00:00Z,YES,installed_assets:00199,Operations,2026-09-29T23:00:00Z
SYN-AS-0113,SYN-SL-0058,SYN-AS-0113-DEMO,2026-02-18,2028-02-18,Calendar months from delivery date; illustrative terms,2026-02-18T12:00:00Z,true,installed_assets:00113,Operations,2026-09-29T23:00:00Z
SYN-AS-0001,SYN-SL-0001,SYN-AS-0001-DEMO,2026-06-01,2028-06-01,Calendar months from delivery date; illustrative terms,2026-06-01T12:00:00Z,true,installed_assets:00001,Operations,2026-09-29T23:00:00Z
SYN-AS-0094,SYN-SL-0050,SYN-AS-0094-DEMO,2026-06-30,2028-06-30,Calendar months from delivery date; illustrative terms,2026-06-30T12:00:00Z,true,installed_assets:00094,Operations,2026-09-29T23:00:00Z
SYN-AS-0244,SYN-SL-0126,SYN-AS-0244-DEMO,12/05/2026,2028-05-12,Calendar months from delivery date; illustrative terms,2026-05-12T12:00:00Z,true,installed_assets:00244,Operations,2026-09-29T23:00:00Z
SYN-AS-0216,SYN-SL-0112,SYN-AS-0216-DEMO,2026-05-09,2028-05-09,Calendar months from delivery date; illustrative terms,2026-05-09T12:00:00Z,true,installed_assets:00216,Operations,2026-09-29T23:00:00Z
SYN-AS-0047,SYN-SL-0023,SYN-AS-0047-DEMO,2026-03-19,2028-03-19,Calendar months from delivery date; illustrative terms,2026-03-19T12:00:00Z,YES,installed_assets:00047,Operations,2026-09-29T23:00:00Z
SYN-AS-0284,SYN-SL-0148,SYN-AS-0284-DEMO,2026-05-18,2028-05-18,Calendar months from delivery date; illustrative terms,2026-05-18T12:00:00Z,true,installed_assets:00284,Operations,2026-09-29T23:00:00Z
SYN-AS-0207,SYN-SL-0108,SYN-AS-0207-DEMO,2026-05-03,2027-05-03,Calendar months from delivery date; illustrative terms,2026-05-03T12:00:00Z,true,installed_assets:00207,Operations,2026-09-29T23:00:00Z
SYN-AS-0298,SYN-SL-0153,SYN-AS-0298-DEMO,2026-03-25,2028-03-25,Calendar months from delivery date; illustrative terms,2026-03-25T12:00:00Z,true,installed_assets:00298,Operations,2026-09-29T23:00:00Z
SYN-AS-0002,SYN-SL-0002,SYN-AS-0002-DEMO,01/06/2026,2027-06-01,Calendar months from delivery date; illustrative terms,2026-06-01T12:00:00Z,true,installed_assets:00002,Operations,2026-09-29T23:00:00Z
SYN-AS-0040,SYN-SL-0020,SYN-AS-0040-DEMO,2026-02-13,2027-02-13,Calendar months from delivery date; illustrative terms,2026-02-13T12:00:00Z,true,installed_assets:00040,Operations,2026-09-29T23:00:00Z
SYN-AS-0140,SYN-SL-0073,SYN-AS-0140-DEMO,27-Apr-2026,2028-04-27,Calendar months from delivery date; illustrative terms,2026-04-27T12:00:00Z,true,installed_assets:00140,Operations,2026-09-29T23:00:00Z
SYN-AS-0237,SYN-SL-0122,SYN-AS-0237-DEMO,2026-02-25,2028-02-25,Calendar months from delivery date; illustrative terms,2026-02-25T12:00:00Z,YES,installed_assets:00237,Operations,2026-09-29T23:00:00Z
SYN-AS-0086,SYN-SL-0045,SYN-AS-0086-DEMO,2026-06-02,2028-06-02,Calendar months from delivery date; illustrative terms,2026-06-02T12:00:00Z,true,installed_assets:00086,Operations,2026-09-29T23:00:00Z
SYN-AS-0132,SYN-SL-0069,SYN-AS-0132-DEMO,2026-09-02,2027-09-02,Calendar months from delivery date; illustrative terms,2026-09-02T12:00:00Z,true,installed_assets:00132,Operations,2026-09-29T23:00:00Z
SYN-AS-0211,SYN-SL-0109,SYN-AS-0211-DEMO,03/05/2026,2028-05-03,Calendar months from delivery date; illustrative terms,2026-05-03T12:00:00Z,true,installed_assets:00211,Operations,2026-09-29T23:00:00Z
SYN-AS-0235,SYN-SL-0121,SYN-AS-0235-DEMO,2026-09-09,2028-09-09,Calendar months from delivery date; illustrative terms,2026-09-09T12:00:00Z,true,installed_assets:00235,Operations,2026-09-29T23:00:00Z
SYN-AS-0179,SYN-SL-0094,SYN-AS-0179-DEMO,2026-06-08,2027-06-08,Calendar months from delivery date; illustrative terms,2026-06-08T12:00:00Z,true,installed_assets:00179,Operations,2026-09-29T23:00:00Z
SYN-AS-0210,SYN-SL-0109,SYN-AS-0210-DEMO,2026-05-03,2028-05-03,Calendar months from delivery date; illustrative terms,2026-05-03T12:00:00Z,true,installed_assets:00210,Operations,2026-09-29T23:00:00Z
SYN-AS-0253,SYN-SL-0130,SYN-AS-0253-DEMO,2026-06-07,2027-06-07,Calendar months from delivery date; illustrative terms,2026-06-07T12:00:00Z,true,installed_assets:00253,Operations,2026-09-29T23:00:00Z
SYN-AS-0077,SYN-SL-0039,SYN-AS-0077-DEMO,2026-05-06,2027-05-06,Calendar months from delivery date; illustrative terms,2026-05-06T12:00:00Z,true,installed_assets:00077,Operations,2026-09-29T23:00:00Z
SYN-AS-0288,SYN-SL-0150,SYN-AS-0288-DEMO,08/07/2026,2028-07-08,Calendar months from delivery date; illustrative terms,2026-07-08T12:00:00Z,true,installed_assets:00288,Operations,2026-09-29T23:00:00Z
SYN-AS-0331,SYN-SL-0169,SYN-AS-0331-DEMO,2026-06-05,2028-06-05,Calendar months from delivery date; illustrative terms,2026-06-05T12:00:00Z,true,installed_assets:00331,Operations,2026-09-29T23:00:00Z
SYN-AS-0333,SYN-SL-0170,SYN-AS-0333-DEMO,2026-06-05,2028-06-05,Calendar months from delivery date; illustrative terms,2026-06-05T12:00:00Z,true,installed_assets:00333,Operations,2026-09-29T23:00:00Z
SYN-AS-0062,SYN-SL-0031,SYN-AS-0062-DEMO,2026-04-17,2027-04-17,Calendar months from delivery date; illustrative terms,2026-04-17T12:00:00Z,true,installed_assets:00062,Operations,2026-09-29T23:00:00Z
SYN-AS-0160,SYN-SL-0082,SYN-AS-0160-DEMO,2026-05-13,2027-05-13,Calendar months from delivery date; illustrative terms,2026-05-13T12:00:00Z,true,installed_assets:00160,Operations,2026-09-29T23:00:00Z
SYN-AS-0080,SYN-SL-0041,SYN-AS-0080-DEMO,2026-05-06,2028-05-06,Calendar months from delivery date; illustrative terms,2026-05-06T12:00:00Z,true,installed_assets:00080,Operations,2026-09-29T23:00:00Z
SYN-AS-0078,SYN-SL-0040,SYN-AS-0078-DEMO,2026-05-06,2028-05-06,Calendar months from delivery date; illustrative terms,2026-05-06T12:00:00Z,true,installed_assets:00078,Operations,2026-09-29T23:00:00Z
SYN-AS-0131,SYN-SL-0069,SYN-AS-0131-DEMO,2026-09-02,2027-09-02,Calendar months from delivery date; illustrative terms,2026-09-02T12:00:00Z,true,installed_assets:00131,Operations,2026-09-29T23:00:00Z
SYN-AS-0249,SYN-SL-0128,SYN-AS-0249-DEMO,2026-06-07,2028-06-07,Calendar months from delivery date; illustrative terms,2026-06-07T12:00:00Z,true,installed_assets:00249,Operations,2026-09-29T23:00:00Z
SYN-AS-0264,SYN-SL-0137,SYN-AS-0264-DEMO,2026-07-02,2028-07-02,Calendar months from delivery date; illustrative terms,2026-07-02T12:00:00Z,true,installed_assets:00264,Operations,2026-09-29T23:00:00Z
SYN-AS-0014,SYN-SL-0008,SYN-AS-0014-DEMO,2026-08-19,2028-08-19,Calendar months from delivery date; illustrative terms,2026-08-19T12:00:00Z,true,installed_assets:00014,Operations,2026-09-29T23:00:00Z
SYN-AS-0015,SYN-SL-0009,SYN-AS-0015-DEMO,2026-07-29,2028-07-29,Calendar months from delivery date; illustrative terms,2026-07-29T12:00:00Z,true,installed_assets:00015,Operations,2026-09-29T23:00:00Z
SYN-AS-0033,SYN-SL-0016,SYN-AS-0033-DEMO,2026-04-15,2027-04-15,Calendar months from delivery date; illustrative terms,2026-04-15T12:00:00Z,true,installed_assets:00033,Operations,2026-09-29T23:00:00Z
SYN-AS-0079,SYN-SL-0041,SYN-AS-0079-DEMO,06/05/2026,2028-05-06,Calendar months from delivery date; illustrative terms,2026-05-06T12:00:00Z,true,installed_assets:00079,Operations,2026-09-29T23:00:00Z
SYN-AS-0311,SYN-SL-0160,SYN-AS-0311-DEMO,2026-09-08,2028-09-08,Calendar months from delivery date; illustrative terms,2026-09-08T12:00:00Z,true,installed_assets:DUP:00310,Operations,2026-09-29T23:00:00Z
SYN-AS-0143,SYN-SL-0074,SYN-AS-0143-DEMO,2026-04-27,2027-04-27,Calendar months from delivery date; illustrative terms,2026-04-27T12:00:00Z,true,installed_assets:00143,Operations,2026-09-29T23:00:00Z
SYN-AS-0299,SYN-SL-0154,SYN-AS-0299-DEMO,05/05/2026,2028-05-05,Calendar months from delivery date; illustrative terms,2026-05-05T12:00:00Z,true,installed_assets:00299,Operations,2026-09-29T23:00:00Z
SYN-AS-0328,SYN-SL-0168,SYN-AS-0328-DEMO,2026-09-09,2028-09-09,Calendar months from delivery date; illustrative terms,2026-09-09T12:00:00Z,true,installed_assets:00328,Operations,2026-09-29T23:00:00Z
SYN-AS-0289,SYN-SL-0150,SYN-AS-0289-DEMO,2026-07-08,2028-07-08,Calendar months from delivery date; illustrative terms,2026-07-08T12:00:00Z,true,installed_assets:00289,Operations,2026-09-29T23:00:00Z
SYN-AS-0218,SYN-SL-0113,SYN-AS-0218-DEMO,2026-06-22,2027-06-22,Calendar months from delivery date; illustrative terms,2026-06-22T12:00:00Z,YES,installed_assets:DUP:00217,Operations,2026-09-29T23:00:00Z
SYN-AS-0110,SYN-SL-0057,SYN-AS-0110-DEMO,2026-02-18,2028-02-18,Calendar months from delivery date; illustrative terms,2026-02-18T12:00:00Z,true,installed_assets:00110,Operations,2026-09-29T23:00:00Z
SYN-AS-0238,SYN-SL-0122,SYN-AS-0238-DEMO,2026-02-25,2028-02-25,Calendar months from delivery date; illustrative terms,2026-02-25T12:00:00Z,true,installed_assets:00238,Operations,2026-09-29T23:00:00Z
SYN-AS-0181,SYN-SL-0095,SYN-AS-0181-DEMO,2026-06-08,2028-06-08,Calendar months from delivery date; illustrative terms,2026-06-08T12:00:00Z,true,installed_assets:00181,Operations,2026-09-29T23:00:00Z
SYN-AS-0156,SYN-SL-0080,SYN-AS-0156-DEMO,13/05/2026,2028-05-13,Calendar months from delivery date; illustrative terms,2026-05-13T12:00:00Z,true,installed_assets:DUP:00155,Operations,2026-09-29T23:00:00Z
SYN-AS-0022,SYN-SL-0012,SYN-AS-0022-DEMO,2026-07-29,2027-07-29,Calendar months from delivery date; illustrative terms,2026-07-29T12:00:00Z,true,installed_assets:00022,Operations,2026-09-29T23:00:00Z
SYN-AS-0054,SYN-SL-0026,SYN-AS-0054-DEMO,2026-04-10,2028-04-10,Calendar months from delivery date; illustrative terms,2026-04-10T12:00:00Z,true,installed_assets:00054,Operations,2026-09-29T23:00:00Z
SYN-AS-0051,SYN-SL-0025,SYN-AS-0051-DEMO,2026-04-10,2028-04-10,Calendar months from delivery date; illustrative terms,2026-04-10T12:00:00Z,true,installed_assets:00051,Operations,2026-09-29T23:00:00Z
SYN-AS-0197,SYN-SL-0103,SYN-AS-0197-DEMO,2026-05-27,2027-05-27,Calendar months from delivery date; illustrative terms,2026-05-27T12:00:00Z,true,installed_assets:00197,Operations,2026-09-29T23:00:00Z
SYN-AS-0012,SYN-SL-0007,SYN-AS-0012-DEMO,2026-03-06,2027-03-06,Calendar months from delivery date; illustrative terms,2026-03-06T12:00:00Z,true,installed_assets:00012,Operations,2026-09-29T23:00:00Z
SYN-AS-0324,SYN-SL-0166,SYN-AS-0324-DEMO,2026-05-26,2028-05-26,Calendar months from delivery date; illustrative terms,2026-05-26T12:00:00Z,true,installed_assets:00324,Operations,2026-09-29T23:00:00Z
SYN-AS-0169,SYN-SL-0088,SYN-AS-0169-DEMO,2026-03-29,2028-03-29,Calendar months from delivery date; illustrative terms,2026-03-29T12:00:00Z,true,installed_assets:00169,Operations,2026-09-29T23:00:00Z
SYN-AS-0070,SYN-SL-0035,SYN-AS-0070-DEMO,2026-06-26,2027-06-26,Calendar months from delivery date; illustrative terms,2026-06-26T12:00:00Z,true,installed_assets:00070,Operations,2026-09-29T23:00:00Z
SYN-AS-0215,SYN-SL-0112,SYN-AS-0215-DEMO,2026-05-09,2028-05-09,Calendar months from delivery date; illustrative terms,2026-05-09T12:00:00Z,true,installed_assets:00215,Operations,2026-09-29T23:00:00Z
SYN-AS-0187,SYN-SL-0097,SYN-AS-0187-DEMO,2026-07-25,2028-07-25,Calendar months from delivery date; illustrative terms,2026-07-25T12:00:00Z,true,installed_assets:00187,Operations,2026-09-29T23:00:00Z
