installation_id,asset_id,engineer_employee_id,scheduled_date,completed_date,status,commissioning_result,updated_at,is_synthetic,_source_row_id,_source_system,_extract_at
SYN-IN-0232,SYN-AS-0232,SYN-EM-0001,2026-09-11,2026-09-12,Completed,Passed,2026-09-12T12:00:00Z,true,installations:00232,ServiceLog,2026-09-29T23:00:00Z
SYN-IN-0099,SYN-AS-0099,SYN-EM-0005,2026-07-19,2026-07-20,Completed,Passed,2026-07-20T12:00:00Z,true,installations:00099,ServiceLog,2026-09-29T23:00:00Z
SYN-IN-0325,SYN-AS-0325,SYN-EM-0001,2026-05-28,2026-05-29,COMPLETED ,Passed,2026-05-29T12:00:00Z,true,installations:00325,ServiceLog,2026-09-29T23:00:00Z
SYN-IN-0187,SYN-AS-0187,SYN-EM-0001,2026-07-27,2026-07-28,Completed,Passed,2026-07-28T12:00:00Z,true,installations:00187,ServiceLog,2026-09-29T23:00:00Z
SYN-IN-0219,SYN-AS-0219,SYN-EM-0001,2026-06-24,2026-06-25,Completed,Passed,2026-06-25T12:00:00Z,true,installations:00219,ServiceLog,2026-09-29T23:00:00Z
SYN-IN-0019,SYN-AS-0019,SYN-EM-0001,2026-07-31,2026-08-01,Completed,Passed,2026-08-01T12:00:00Z,true,installations:00019,ServiceLog,2026-09-29T23:00:00Z
SYN-IN-0002,SYN-AS-0002,SYN-EM-0005,03/06/2026,2026-06-04,Completed,Passed,2026-06-04T12:00:00Z,true,installations:00002,ServiceLog,2026-09-29T23:00:00Z
SYN-IN-0299,SYN-AS-0299,SYN-EM-0005,07/05/2026,2026-05-08,Completed,Passed,2026-05-08T12:00:00Z,true,installations:00299,ServiceLog,2026-09-29T23:00:00Z
SYN-IN-0249,SYN-AS-0249,SYN-EM-0001,2026-06-09,2026-06-10,Completed,Passed,2026-06-10T12:00:00Z,true,installations:DUP:00248,ServiceLog,2026-09-29T23:00:00Z
SYN-IN-0297,SYN-AS-0297,SYN-EM-0005,2026-03-27,2026-03-28,Completed,Passed,2026-03-28T12:00:00Z,true,installations:00297,ServiceLog,2026-09-29T23:00:00Z
SYN-IN-0263,SYN-AS-0263,SYN-EM-0001,2026-07-04,2026-07-05,Completed,Passed,2026-07-05T12:00:00Z,true,installations:00263,ServiceLog,2026-09-29T23:00:00Z
SYN-IN-0006,SYN-AS-0006,SYN-EM-0005,2026-06-03,2026-06-04,Completed,Passed,2026-06-04T12:00:00Z,true,installations:00006,ServiceLog,2026-09-29T23:00:00Z
SYN-IN-0149,SYN-AS-0149,SYN-EM-0005,2026-07-06,2026-07-07,Completed,Passed,2026-07-07T12:00:00Z,true,installations:00149,ServiceLog,2026-09-29T23:00:00Z
SYN-IN-0327,SYN-AS-0327,SYN-EM-0001,11-Sep-2026,2026-09-12,Completed,Passed,2026-09-12T12:00:00Z,true,installations:00327,ServiceLog,2026-09-29T23:00:00Z
SYN-IN-0213,SYN-AS-0213,SYN-EM-0001,2026-05-11,2026-05-12,Completed,Passed,2026-05-12T12:00:00Z,true,installations:00213,ServiceLog,2026-09-29T23:00:00Z
SYN-IN-0025,SYN-AS-0025,SYN-EM-0005,2026-09-08,2026-09-09,COMPLETED ,Passed,2026-09-09T12:00:00Z,true,installations:00025,ServiceLog,2026-09-29T23:00:00Z
SYN-IN-0004,SYN-AS-0004,SYN-EM-0001,03-Jun-2026,2026-06-04,Completed,Passed,2026-06-04T12:00:00Z,true,installations:00004,ServiceLog,2026-09-29T23:00:00Z
SYN-IN-0242,SYN-AS-0242,SYN-EM-0001,14-May-2026,2026-05-15,Completed,Passed,2026-05-15T12:00:00Z,true,installations:00242,ServiceLog,2026-09-29T23:00:00Z
SYN-IN-0148,SYN-AS-0148,SYN-EM-0001,2026-07-06,2026-07-07,Completed,Passed,2026-07-07T12:00:00Z,true,installations:00148,ServiceLog,2026-09-29T23:00:00Z
SYN-IN-0272,SYN-AS-0272,SYN-EM-0005,2026-02-12,2026-02-13,Completed,Passed,2026-02-13T12:00:00Z,true,installations:00272,ServiceLog,2026-09-29T23:00:00Z
SYN-IN-0151,SYN-AS-0151,SYN-EM-0005,2026-07-06,2026-07-07,Completed,Passed,2026-07-07T12:00:00Z,true,installations:00151,ServiceLog,2026-09-29T23:00:00Z
SYN-IN-0212,SYN-AS-0212,SYN-EM-0001,2026-05-11,2026-05-12,Completed,Passed,2026-05-12T12:00:00Z,true,installations:00212,ServiceLog,2026-09-29T23:00:00Z
SYN-IN-0117,SYN-AS-0117,SYN-EM-0001,2026-04-28,2026-04-29,Completed,Passed,2026-04-29T12:00:00Z,true,installations:00117,ServiceLog,2026-09-29T23:00:00Z
SYN-IN-0140,SYN-AS-0140,SYN-EM-0001,29-Apr-2026,2026-04-30,Completed,Passed,2026-04-30T12:00:00Z,true,installations:00140,ServiceLog,2026-09-29T23:00:00Z
SYN-IN-0247,SYN-AS-0247,SYN-EM-0005,2026-07-30,2026-07-31,Completed,Passed,2026-07-31T12:00:00Z,true,installations:00247,ServiceLog,2026-09-29T23:00:00Z
SYN-IN-0130,SYN-AS-0130,SYN-EM-0001,2026-09-04,2026-09-05,Completed,Passed,2026-09-05T12:00:00Z,true,installations:00130,ServiceLog,2026-09-29T23:00:00Z
SYN-IN-0155,SYN-AS-0155,SYN-EM-0005,2026-05-09,2026-05-10,COMPLETED ,Passed,2026-05-10T12:00:00Z,true,installations:00155,ServiceLog,2026-09-29T23:00:00Z
SYN-IN-0315,SYN-AS-0315,SYN-EM-0005,2026-08-27,2026-08-28,COMPLETED ,Passed,2026-08-28T12:00:00Z,true,installations:00315,ServiceLog,2026-09-29T23:00:00Z
SYN-IN-0278,SYN-AS-0278,SYN-EM-0005,2026-07-23,2026-07-24,Completed,Passed,2026-07-24T12:00:00Z,true,installations:00278,ServiceLog,2026-09-29T23:00:00Z
SYN-IN-0065,SYN-AS-0065,SYN-EM-0005,2026-03-30,2026-03-31,COMPLETED ,Passed,2026-03-31T12:00:00Z,true,installations:00065,ServiceLog,2026-09-29T23:00:00Z
SYN-IN-0053,SYN-AS-0053,SYN-EM-0001,2026-04-12,2026-04-13,Completed,Passed,2026-04-13T12:00:00Z,true,installations:00053,ServiceLog,2026-09-29T23:00:00Z
SYN-IN-0001,SYN-AS-0001,SYN-EM-0005,2026-06-03,2026-06-04,Completed,Passed,2026-06-04T12:00:00Z,true,installations:00001,ServiceLog,2026-09-29T23:00:00Z
SYN-IN-0280,SYN-AS-0280,SYN-EM-0001,2026-07-23,2026-07-24,Completed,Passed,2026-07-24T12:00:00Z,true,installations:00280,ServiceLog,2026-09-29T23:00:00Z
SYN-IN-0023,SYN-AS-0023,SYN-EM-0005,2026-09-08,2026-09-09,Completed,Passed,2026-09-09T12:00:00Z,true,installations:00023,ServiceLog,2026-09-29T23:00:00Z
SYN-IN-0275,SYN-AS-0275,SYN-EM-0005,2026-07-23,2026-07-24,COMPLETED ,Passed,2026-07-24T12:00:00Z,YES,installations:00275,ServiceLog,2026-09-29T23:00:00Z
SYN-IN-0308,SYN-AS-0308,SYN-EM-0005,2026-09-10,2026-09-11,Completed,Passed,2026-09-11T12:00:00Z,true,installations:00308,ServiceLog,2026-09-29T23:00:00Z
SYN-IN-0266,SYN-AS-0266,SYN-EM-0005,10/03/2026,2026-03-11,Completed,Passed,2026-03-11T12:00:00Z,true,installations:00266,ServiceLog,2026-09-29T23:00:00Z
SYN-IN-0234,SYN-AS-0234,SYN-EM-0005,2026-09-11,2026-09-12,Completed,Passed,2026-09-12T12:00:00Z,true,installations:00234,ServiceLog,2026-09-29T23:00:00Z
SYN-IN-0173,SYN-AS-0173,SYN-EM-0005,2026-04-12,2026-04-13,Completed,Passed,2026-04-13T12:00:00Z,true,installations:00173,ServiceLog,2026-09-29T23:00:00Z
SYN-IN-0215,SYN-AS-0215,SYN-EM-0001,2026-05-11,2026-05-12,COMPLETED ,Passed,2026-05-12T12:00:00Z,true,installations:00215,ServiceLog,2026-09-29T23:00:00Z
SYN-IN-0314,SYN-AS-0314,SYN-EM-0001,2026-08-27,2026-08-28,Completed,Passed,2026-08-28T12:00:00Z,true,installations:00314,ServiceLog,2026-09-29T23:00:00Z
SYN-IN-0131,SYN-AS-0131,SYN-EM-0005,2026-09-04,2026-09-05,Completed,Passed,2026-09-05T12:00:00Z,true,installations:00131,ServiceLog,2026-09-29T23:00:00Z
SYN-IN-0127,SYN-AS-0127,SYN-EM-0005,2026-02-18,2026-02-19,Completed,Passed,2026-02-19T12:00:00Z,true,installations:00127,ServiceLog,2026-09-29T23:00:00Z
SYN-IN-0024,SYN-AS-0024,SYN-EM-0005,08/09/2026,2026-09-09,Completed,Passed,2026-09-09T12:00:00Z,true,installations:00024,ServiceLog,2026-09-29T23:00:00Z
SYN-IN-0281,SYN-AS-0281,SYN-EM-0005,2026-07-23,2026-07-24,Completed,Passed,2026-07-24T12:00:00Z,true,installations:00281,ServiceLog,2026-09-29T23:00:00Z
SYN-IN-0176,SYN-AS-0176,SYN-EM-0001,2026-02-17,2026-02-18,Completed,Passed,2026-02-18T12:00:00Z,true,installations:00176,ServiceLog,2026-09-29T23:00:00Z
SYN-IN-0027,SYN-AS-0027,SYN-EM-0001,2026-09-08,2026-09-09,Completed,Passed,2026-09-09T12:00:00Z,true,installations:00027,ServiceLog,2026-09-29T23:00:00Z
SYN-IN-0116,SYN-AS-0116,SYN-EM-0001,2026-04-28,2026-04-29,Completed,Passed,2026-04-29T12:00:00Z,true,installations:00116,ServiceLog,2026-09-29T23:00:00Z
SYN-IN-0222,SYN-AS-0222,SYN-EM-0001,28/03/2026,2026-03-29,Completed,Passed,2026-03-29T12:00:00Z,true,installations:00222,ServiceLog,2026-09-29T23:00:00Z
SYN-IN-0217,SYN-AS-0217,SYN-EM-0001,2026-06-24,2026-06-25,Completed,Passed,2026-06-25T12:00:00Z,true,installations:00217,ServiceLog,2026-09-29T23:00:00Z
SYN-IN-0150,SYN-AS-0150,SYN-EM-0005,2026-07-06,2026-07-07,Completed,Passed,2026-07-07T12:00:00Z,true,installations:00150,ServiceLog,2026-09-29T23:00:00Z
SYN-IN-0237,SYN-AS-0237,SYN-EM-0005,2026-02-27,2026-02-28,Completed,Passed,2026-02-28T12:00:00Z,YES,installations:00237,ServiceLog,2026-09-29T23:00:00Z
SYN-IN-0075,SYN-AS-0075,SYN-EM-0001,2026-08-23,2026-08-24,COMPLETED ,Passed,2026-08-24T12:00:00Z,true,installations:00075,ServiceLog,2026-09-29T23:00:00Z
SYN-IN-0268,SYN-AS-0268,SYN-EM-0005,2026-03-10,2026-03-11,Completed,Passed,2026-03-11T12:00:00Z,true,installations:00268,ServiceLog,2026-09-29T23:00:00Z
SYN-IN-0199,SYN-AS-0199,SYN-EM-0005,2026-05-29,2026-05-30,Completed,Passed,2026-05-30T12:00:00Z,YES,installations:00199,ServiceLog,2026-09-29T23:00:00Z
SYN-IN-0271,SYN-AS-0271,SYN-EM-0005,2026-06-09,2026-06-10,Completed,Passed,2026-06-10T12:00:00Z,true,installations:00271,ServiceLog,2026-09-29T23:00:00Z
SYN-IN-0226,SYN-AS-0226,SYN-EM-0005,2026-03-28,2026-03-29,Completed,Passed,2026-03-29T12:00:00Z,true,installations:00226,ServiceLog,2026-09-29T23:00:00Z
SYN-IN-0013,SYN-AS-0013,SYN-EM-0001,08/03/2026,2026-03-09,Completed,Passed,2026-03-09T12:00:00Z,true,installations:00013,ServiceLog,2026-09-29T23:00:00Z
SYN-IN-0086,SYN-AS-0086,SYN-EM-0001,2026-06-04,2026-06-05,Completed,Passed,2026-06-05T12:00:00Z,true,installations:00086,ServiceLog,2026-09-29T23:00:00Z
SYN-IN-0073,SYN-AS-0073,SYN-EM-0005,2026-06-28,2026-06-29,Completed,Passed,2026-06-29T12:00:00Z,true,installations:00073,ServiceLog,2026-09-29T23:00:00Z
SYN-IN-0100,SYN-AS-0100,SYN-EM-0001,2026-07-19,2026-07-20,Completed,Passed,2026-07-20T12:00:00Z,true,installations:00100,ServiceLog,2026-09-29T23:00:00Z
SYN-IN-0165,SYN-AS-0165,SYN-EM-0005,2026-08-29,2026-08-30,COMPLETED ,Passed,2026-08-30T12:00:00Z,true,installations:00165,ServiceLog,2026-09-29T23:00:00Z
SYN-IN-0326,SYN-AS-0326,SYN-EM-0005,2026-09-11,2026-09-12,Completed,Passed,2026-09-12T12:00:00Z,true,installations:00326,ServiceLog,2026-09-29T23:00:00Z
SYN-IN-0332,SYN-AS-0332,SYN-EM-0001,07/06/2026,2026-06-08,Completed,Passed,2026-06-08T12:00:00Z,YES,installations:00332,ServiceLog,2026-09-29T23:00:00Z
SYN-IN-0020,SYN-AS-0020,SYN-EM-0005,2026-07-31,2026-08-01,Completed,Passed,2026-08-01T12:00:00Z,true,installations:00020,ServiceLog,2026-09-29T23:00:00Z
SYN-IN-0178,SYN-AS-0178,SYN-EM-0005,17/02/2026,2026-02-18,Completed,Passed,2026-02-18T12:00:00Z,true,installations:00178,ServiceLog,2026-09-29T23:00:00Z
SYN-IN-0182,SYN-AS-0182,SYN-EM-0001,2026-06-10,2026-06-11,Completed,Passed,2026-06-11T12:00:00Z,true,installations:00182,ServiceLog,2026-09-29T23:00:00Z
SYN-IN-0191,SYN-AS-0191,SYN-EM-0005,21-Feb-2026,2026-02-22,Completed,Passed,2026-02-22T12:00:00Z,true,installations:00191,ServiceLog,2026-09-29T23:00:00Z
SYN-IN-0324,SYN-AS-0324,SYN-EM-0001,2026-05-28,2026-05-29,Completed,Passed,2026-05-29T12:00:00Z,true,installations:00324,ServiceLog,2026-09-29T23:00:00Z
SYN-IN-0139,SYN-AS-0139,SYN-EM-0001,2026-05-10,2026-05-11,Completed,Passed,2026-05-11T12:00:00Z,true,installations:00139,ServiceLog,2026-09-29T23:00:00Z
SYN-IN-0160,SYN-AS-0160,SYN-EM-0005,2026-05-15,2026-05-16,Completed,Passed,2026-05-16T12:00:00Z,true,installations:00160,ServiceLog,2026-09-29T23:00:00Z
SYN-IN-0320,SYN-AS-0320,SYN-EM-0001,2026-04-14,2026-04-15,Completed,Passed,2026-04-15T12:00:00Z,true,installations:00320,ServiceLog,2026-09-29T23:00:00Z
SYN-IN-0186,SYN-AS-0186,SYN-EM-0001,2026-07-27,2026-07-28,Completed,Passed,2026-07-28T12:00:00Z,true,installations:00186,ServiceLog,2026-09-29T23:00:00Z
SYN-IN-0017,SYN-AS-0017,SYN-EM-0005,2026-07-31,2026-08-01,Completed,Passed,2026-08-01T12:00:00Z,true,installations:00017,ServiceLog,2026-09-29T23:00:00Z
SYN-IN-0110,SYN-AS-0110,SYN-EM-0001,2026-02-20,2026-02-21,Completed,Passed,2026-02-21T12:00:00Z,true,installations:00110,ServiceLog,2026-09-29T23:00:00Z
SYN-IN-0030,SYN-AS-0030,SYN-EM-0005,2026-09-08,2026-09-09,Completed,Passed,2026-09-09T12:00:00Z,true,installations:00030,ServiceLog,2026-09-29T23:00:00Z
SYN-IN-0162,SYN-AS-0162,SYN-EM-0001,2026-08-26,2026-08-27,Completed,Passed,2026-08-27T12:00:00Z,true,installations:00162,ServiceLog,2026-09-29T23:00:00Z
SYN-IN-0175,SYN-AS-0175,SYN-EM-0005,2026-02-17,2026-02-18,COMPLETED ,Passed,2026-02-18T12:00:00Z,true,installations:00175,ServiceLog,2026-09-29T23:00:00Z
SYN-IN-0187,SYN-AS-0187,SYN-EM-0001,2026-07-27,2026-07-28,Completed,Passed,2026-07-28T12:00:00Z,true,installations:DUP:00186,ServiceLog,2026-09-29T23:00:00Z
SYN-IN-0293,SYN-AS-0293,SYN-EM-0001,10-Jul-2026,2026-07-11,Completed,Passed,2026-07-11T12:00:00Z,true,installations:00293,ServiceLog,2026-09-29T23:00:00Z
SYN-IN-0068,SYN-AS-0068,SYN-EM-0001,12/09/2026,2026-09-13,Completed,Passed,2026-09-13T12:00:00Z,true,installations:00068,ServiceLog,2026-09-29T23:00:00Z
SYN-IN-0261,SYN-AS-0261,SYN-EM-0001,2026-07-04,2026-07-05,Completed,Passed,2026-07-05T12:00:00Z,true,installations:00261,ServiceLog,2026-09-29T23:00:00Z
SYN-IN-0301,SYN-AS-0301,SYN-EM-0001,2026-05-07,2026-05-08,Completed,Passed,2026-05-08T12:00:00Z,true,installations:00301,ServiceLog,2026-09-29T23:00:00Z
SYN-IN-0043,SYN-AS-0043,SYN-EM-0001,2026-02-15,2026-02-16,Completed,Passed,2026-02-16T12:00:00Z,true,installations:00043,ServiceLog,2026-09-29T23:00:00Z
SYN-IN-0174,SYN-AS-0174,SYN-EM-0005,17-Feb-2026,2026-02-18,Completed,Passed,2026-02-18T12:00:00Z,true,installations:00174,ServiceLog,2026-09-29T23:00:00Z
SYN-IN-0062,SYN-AS-0062,SYN-EM-0005,2026-04-19,2026-04-20,Completed,Passed,2026-04-20T12:00:00Z,true,installations:00062,ServiceLog,2026-09-29T23:00:00Z
SYN-IN-0094,SYN-AS-0094,SYN-EM-0005,2026-07-02,2026-07-03,Completed,Passed,2026-07-03T12:00:00Z,true,installations:DUP:00093,ServiceLog,2026-09-29T23:00:00Z
SYN-IN-0269,SYN-AS-0269,SYN-EM-0001,2026-03-10,2026-03-11,Completed,Passed,2026-03-11T12:00:00Z,true,installations:00269,ServiceLog,2026-09-29T23:00:00Z
SYN-IN-0018,SYN-AS-0018,SYN-EM-0005,2026-07-31,2026-08-01,Completed,Passed,2026-08-01T12:00:00Z,true,installations:00018,ServiceLog,2026-09-29T23:00:00Z
SYN-IN-0146,SYN-AS-0146,SYN-EM-0001,2026-04-29,2026-04-30,Completed,Passed,2026-04-30T12:00:00Z,true,installations:00146,ServiceLog,2026-09-29T23:00:00Z
SYN-IN-0291,SYN-AS-0291,SYN-EM-0001,2026-07-10,2026-07-11,Completed,Passed,2026-07-11T12:00:00Z,true,installations:00291,ServiceLog,2026-09-29T23:00:00Z
SYN-IN-0039,SYN-AS-0039,SYN-EM-0005,2026-02-15,2026-02-16,Completed,Passed,2026-02-16T12:00:00Z,true,installations:00039,ServiceLog,2026-09-29T23:00:00Z
SYN-IN-0156,SYN-AS-0156,SYN-EM-0005,15/05/2026,2026-05-16,Completed,Passed,2026-05-16T12:00:00Z,true,installations:DUP:00155,ServiceLog,2026-09-29T23:00:00Z
SYN-IN-0238,SYN-AS-0238,SYN-EM-0001,2026-02-27,2026-02-28,Completed,Passed,2026-02-28T12:00:00Z,true,installations:00238,ServiceLog,2026-09-29T23:00:00Z
SYN-IN-0047,SYN-AS-0047,SYN-EM-0001,2026-03-21,2026-03-22,Completed,Passed,2026-03-22T12:00:00Z,YES,installations:00047,ServiceLog,2026-09-29T23:00:00Z
SYN-IN-0330,SYN-AS-0330,SYN-EM-0005,2026-06-07,2026-06-08,Completed,Passed,2026-06-08T12:00:00Z,true,installations:00330,ServiceLog,2026-09-29T23:00:00Z
SYN-IN-0258,SYN-AS-0258,SYN-EM-0005,2026-04-26,2026-04-27,Completed,Passed,2026-04-27T12:00:00Z,true,installations:00258,ServiceLog,2026-09-29T23:00:00Z
SYN-IN-0265,SYN-AS-0265,SYN-EM-0001,2026-03-10,2026-03-11,COMPLETED ,Passed,2026-03-11T12:00:00Z,true,installations:00265,ServiceLog,2026-09-29T23:00:00Z
SYN-IN-0052,SYN-AS-0052,SYN-EM-0001,2026-04-12,2026-04-13,Completed,Passed,2026-04-13T12:00:00Z,true,installations:00052,ServiceLog,2026-09-29T23:00:00Z
SYN-IN-0003,SYN-AS-0003,SYN-EM-0001,2026-06-03,2026-06-04,Completed,Passed,2026-06-04T12:00:00Z,true,installations:00003,ServiceLog,2026-09-29T23:00:00Z
SYN-IN-0311,SYN-AS-0311,SYN-EM-0001,2026-09-10,2026-09-11,Completed,Passed,2026-09-11T12:00:00Z,true,installations:DUP:00310,ServiceLog,2026-09-29T23:00:00Z
SYN-IN-0113,SYN-AS-0113,SYN-EM-0001,2026-02-20,2026-02-21,Completed,Passed,2026-02-21T12:00:00Z,true,installations:00113,ServiceLog,2026-09-29T23:00:00Z
SYN-IN-0239,SYN-AS-0239,SYN-EM-0005,2026-08-15,2026-08-16,Completed,Passed,2026-08-16T12:00:00Z,true,installations:00239,ServiceLog,2026-09-29T23:00:00Z
SYN-IN-0126,SYN-AS-0126,SYN-EM-0005,2026-02-18,2026-02-19,Completed,Passed,2026-02-19T12:00:00Z,true,installations:00126,ServiceLog,2026-09-29T23:00:00Z
SYN-IN-0246,SYN-AS-0246,SYN-EM-0001,2026-07-30,2026-07-31,Completed,Passed,2026-07-31T12:00:00Z,true,installations:00246,ServiceLog,2026-09-29T23:00:00Z
SYN-IN-0104,SYN-AS-0104,SYN-EM-0001,2026-08-18,2026-08-19,Completed,Passed,2026-08-19T12:00:00Z,YES,installations:00104,ServiceLog,2026-09-29T23:00:00Z
SYN-IN-0152,SYN-AS-0152,SYN-EM-0001,2026-07-06,2026-07-07,Completed,Passed,2026-07-07T12:00:00Z,true,installations:00152,ServiceLog,2026-09-29T23:00:00Z
SYN-IN-0085,SYN-AS-0085,SYN-EM-0001,2026-06-04,2026-06-05,COMPLETED ,Passed,2026-06-05T12:00:00Z,YES,installations:00085,ServiceLog,2026-09-29T23:00:00Z
SYN-IN-0190,SYN-AS-0190,SYN-EM-0005,2026-02-21,2026-02-22,Completed,Passed,2026-02-22T12:00:00Z,true,installations:00190,ServiceLog,2026-09-29T23:00:00Z
SYN-IN-0034,SYN-AS-0034,SYN-EM-0001,2026-08-19,2026-08-20,Completed,Passed,2026-08-20T12:00:00Z,true,installations:00034,ServiceLog,2026-09-29T23:00:00Z
SYN-IN-0145,SYN-AS-0145,SYN-EM-0005,29/04/2026,2026-04-30,COMPLETED ,Passed,2026-04-30T12:00:00Z,true,installations:00145,ServiceLog,2026-09-29T23:00:00Z
SYN-IN-0042,SYN-AS-0042,SYN-EM-0001,2026-02-15,2026-02-16,Completed,Passed,2026-02-16T12:00:00Z,true,installations:00042,ServiceLog,2026-09-29T23:00:00Z
SYN-IN-0205,SYN-AS-0205,SYN-EM-0001,2026-05-05,2026-05-06,COMPLETED ,Passed,2026-05-06T12:00:00Z,true,installations:00205,ServiceLog,2026-09-29T23:00:00Z
SYN-IN-0295,SYN-AS-0295,SYN-EM-0001,2026-07-10,2026-07-11,COMPLETED ,Passed,2026-07-11T12:00:00Z,true,installations:00295,ServiceLog,2026-09-29T23:00:00Z
SYN-IN-0260,SYN-AS-0260,SYN-EM-0005,2026-07-17,2026-07-18,Completed,Passed,2026-07-18T12:00:00Z,true,installations:00260,ServiceLog,2026-09-29T23:00:00Z
SYN-IN-0282,SYN-AS-0282,SYN-EM-0005,2026-05-20,2026-05-21,Completed,Passed,2026-05-21T12:00:00Z,true,installations:00282,ServiceLog,2026-09-29T23:00:00Z
SYN-IN-0245,SYN-AS-0245,SYN-EM-0001,2026-05-14,2026-05-15,COMPLETED ,Passed,2026-05-15T12:00:00Z,true,installations:00245,ServiceLog,2026-09-29T23:00:00Z
SYN-IN-0223,SYN-AS-0223,SYN-EM-0005,2026-03-28,2026-03-29,Completed,Passed,2026-03-29T12:00:00Z,true,installations:00223,ServiceLog,2026-09-29T23:00:00Z
SYN-IN-0050,SYN-AS-0050,SYN-EM-0005,2026-03-21,2026-03-22,Completed,Passed,2026-03-22T12:00:00Z,true,installations:00050,ServiceLog,2026-09-29T23:00:00Z
SYN-IN-0283,SYN-AS-0283,SYN-EM-0005,2026-05-20,2026-05-21,Completed,Passed,2026-05-21T12:00:00Z,true,installations:00283,ServiceLog,2026-09-29T23:00:00Z
SYN-IN-0137,SYN-AS-0137,SYN-EM-0001,2026-05-10,2026-05-11,Completed,Passed,2026-05-11T12:00:00Z,true,installations:00137,ServiceLog,2026-09-29T23:00:00Z
SYN-IN-0048,SYN-AS-0048,SYN-EM-0005,2026-03-21,2026-03-22,Completed,Passed,2026-03-22T12:00:00Z,true,installations:00048,ServiceLog,2026-09-29T23:00:00Z
SYN-IN-0329,SYN-AS-0329,SYN-EM-0005,2026-09-11,2026-09-12,Completed,Passed,2026-09-12T12:00:00Z,true,installations:00329,ServiceLog,2026-09-29T23:00:00Z
SYN-IN-0123,SYN-AS-0123,SYN-EM-0005,18/02/2026,2026-02-19,Completed,Passed,2026-02-19T12:00:00Z,YES,installations:00123,ServiceLog,2026-09-29T23:00:00Z
SYN-IN-0333,SYN-AS-0333,SYN-EM-0001,2026-06-07,2026-06-08,Completed,Passed,2026-06-08T12:00:00Z,true,installations:00333,ServiceLog,2026-09-29T23:00:00Z
SYN-IN-0310,SYN-AS-0310,SYN-EM-0001,10/09/2026,2026-09-11,Completed,Passed,2026-09-11T12:00:00Z,true,installations:00310,ServiceLog,2026-09-29T23:00:00Z
SYN-IN-0059,SYN-AS-0059,SYN-EM-0001,2026-02-27,2026-02-28,Completed,Passed,2026-02-28T12:00:00Z,true,installations:00059,ServiceLog,2026-09-29T23:00:00Z
SYN-IN-0208,SYN-AS-0208,SYN-EM-0001,05-May-2026,2026-05-06,Completed,Passed,2026-05-06T12:00:00Z,true,installations:00208,ServiceLog,2026-09-29T23:00:00Z
SYN-IN-0224,SYN-AS-0224,SYN-EM-0005,2026-03-28,2026-03-29,Completed,Passed,2026-03-29T12:00:00Z,true,installations:00224,ServiceLog,2026-09-29T23:00:00Z
SYN-IN-0083,SYN-AS-0083,SYN-EM-0001,2026-04-26,2026-04-27,Completed,Passed,2026-04-27T12:00:00Z,true,installations:00083,ServiceLog,2026-09-29T23:00:00Z
SYN-IN-0011,SYN-AS-0011,SYN-EM-0001,2026-03-08,2026-03-09,Completed,Passed,2026-03-09T12:00:00Z,true,installations:00011,ServiceLog,2026-09-29T23:00:00Z
SYN-IN-0225,SYN-AS-0225,SYN-EM-0005,28-Mar-2026,2026-03-29,COMPLETED ,Passed,2026-03-29T12:00:00Z,true,installations:00225,ServiceLog,2026-09-29T23:00:00Z
SYN-IN-0029,SYN-AS-0029,SYN-EM-0001,2026-09-08,2026-09-09,Completed,Passed,2026-09-09T12:00:00Z,true,installations:00029,ServiceLog,2026-09-29T23:00:00Z
SYN-IN-0064,SYN-AS-0064,SYN-EM-0001,2026-04-19,2026-04-20,Completed,Passed,2026-04-20T12:00:00Z,true,installations:00064,ServiceLog,2026-09-29T23:00:00Z
SYN-IN-0035,SYN-AS-0035,SYN-EM-0001,19/08/2026,2026-08-20,COMPLETED ,Passed,2026-08-20T12:00:00Z,true,installations:00035,ServiceLog,2026-09-29T23:00:00Z
SYN-IN-0195,SYN-AS-0195,SYN-EM-0001,2026-03-21,2026-03-22,COMPLETED ,Passed,2026-03-22T12:00:00Z,true,installations:00195,ServiceLog,2026-09-29T23:00:00Z
SYN-IN-0231,SYN-AS-0231,SYN-EM-0001,2026-04-17,2026-04-18,Completed,Passed,2026-04-18T12:00:00Z,true,installations:00231,ServiceLog,2026-09-29T23:00:00Z
SYN-IN-0255,SYN-AS-0255,SYN-EM-0005,29/03/2026,2026-03-30,COMPLETED ,Passed,2026-03-30T12:00:00Z,true,installations:00255,ServiceLog,2026-09-29T23:00:00Z
SYN-IN-0063,SYN-AS-0063,SYN-EM-0001,2026-04-19,2026-04-20,Completed,Passed,2026-04-20T12:00:00Z,true,installations:00063,ServiceLog,2026-09-29T23:00:00Z
SYN-IN-0290,SYN-AS-0290,SYN-EM-0001,2026-07-10,2026-07-11,Completed,Passed,2026-07-11T12:00:00Z,true,installations:00290,ServiceLog,2026-09-29T23:00:00Z
SYN-IN-0294,SYN-AS-0294,SYN-EM-0001,2026-07-10,2026-07-11,Completed,Passed,2026-07-11T12:00:00Z,YES,installations:00294,ServiceLog,2026-09-29T23:00:00Z
SYN-IN-0273,SYN-AS-0273,SYN-EM-0001,2026-02-12,2026-02-13,Completed,Passed,2026-02-13T12:00:00Z,true,installations:00273,ServiceLog,2026-09-29T23:00:00Z
SYN-IN-0112,SYN-AS-0112,SYN-EM-0005,20/02/2026,2026-02-21,Completed,Passed,2026-02-21T12:00:00Z,true,installations:00112,ServiceLog,2026-09-29T23:00:00Z
SYN-IN-0253,SYN-AS-0253,SYN-EM-0005,2026-06-09,2026-06-10,Completed,Passed,2026-06-10T12:00:00Z,true,installations:00253,ServiceLog,2026-09-29T23:00:00Z
SYN-IN-0081,SYN-AS-0081,SYN-EM-0005,2026-04-26,2026-04-27,Completed,Passed,2026-04-27T12:00:00Z,true,installations:00081,ServiceLog,2026-09-29T23:00:00Z
SYN-IN-0251,SYN-AS-0251,SYN-EM-0001,2026-06-09,2026-06-10,Completed,Passed,2026-06-10T12:00:00Z,true,installations:00251,ServiceLog,2026-09-29T23:00:00Z
SYN-IN-0078,SYN-AS-0078,SYN-EM-0005,2026-05-08,2026-05-09,Completed,Passed,2026-05-09T12:00:00Z,true,installations:00078,ServiceLog,2026-09-29T23:00:00Z
SYN-IN-0097,SYN-AS-0097,SYN-EM-0005,2026-07-19,2026-07-20,Completed,Passed,2026-07-20T12:00:00Z,true,installations:00097,ServiceLog,2026-09-29T23:00:00Z
SYN-IN-0206,SYN-AS-0206,SYN-EM-0005,2026-05-05,2026-05-06,Completed,Passed,2026-05-06T12:00:00Z,true,installations:00206,ServiceLog,2026-09-29T23:00:00Z
SYN-IN-0228,SYN-AS-0228,SYN-EM-0005,2026-03-28,2026-03-29,Completed,Passed,2026-03-29T12:00:00Z,true,installations:00228,ServiceLog,2026-09-29T23:00:00Z
SYN-IN-0077,SYN-AS-0077,SYN-EM-0001,2026-05-08,2026-05-09,Completed,Passed,2026-05-09T12:00:00Z,true,installations:00077,ServiceLog,2026-09-29T23:00:00Z
SYN-IN-0049,SYN-AS-0049,SYN-EM-0005,2026-03-21,2026-03-22,Completed,Passed,2026-03-22T12:00:00Z,true,installations:00049,ServiceLog,2026-09-29T23:00:00Z
SYN-IN-0319,SYN-AS-0319,SYN-EM-0001,2026-04-14,2026-04-15,Completed,Passed,2026-04-15T12:00:00Z,true,installations:00319,ServiceLog,2026-09-29T23:00:00Z
SYN-IN-0207,SYN-AS-0207,SYN-EM-0001,2026-05-05,2026-05-06,Completed,Passed,2026-05-06T12:00:00Z,true,installations:00207,ServiceLog,2026-09-29T23:00:00Z
SYN-IN-0093,SYN-AS-0093,SYN-EM-0005,2026-05-15,2026-05-16,Completed,Passed,2026-05-16T12:00:00Z,true,installations:00093,ServiceLog,2026-09-29T23:00:00Z
SYN-IN-0109,SYN-AS-0109,SYN-EM-0001,2026-02-20,2026-02-21,Completed,Passed,2026-02-21T12:00:00Z,true,installations:00109,ServiceLog,2026-09-29T23:00:00Z
SYN-IN-0154,SYN-AS-0154,SYN-EM-0001,2026-07-06,2026-07-07,Completed,Passed,2026-07-07T12:00:00Z,true,installations:00154,ServiceLog,2026-09-29T23:00:00Z
SYN-IN-0120,SYN-AS-0120,SYN-EM-0001,2026-05-06,2026-05-07,Completed,Passed,2026-05-07T12:00:00Z,true,installations:00120,ServiceLog,2026-09-29T23:00:00Z
SYN-IN-0236,SYN-AS-0236,SYN-EM-0001,2026-02-27,2026-02-28,Completed,Passed,2026-02-28T12:00:00Z,true,installations:00236,ServiceLog,2026-09-29T23:00:00Z
SYN-IN-0305,SYN-AS-0305,SYN-EM-0001,2026-09-10,2026-09-11,COMPLETED ,Passed,2026-09-11T12:00:00Z,true,installations:00305,ServiceLog,2026-09-29T23:00:00Z
SYN-IN-0094,SYN-AS-0094,SYN-EM-0005,2026-07-02,2026-07-03,Completed,Passed,2026-07-03T12:00:00Z,true,installations:00094,ServiceLog,2026-09-29T23:00:00Z
SYN-IN-0125,SYN-AS-0125,SYN-EM-0001,2026-02-18,2026-02-19,COMPLETED ,Passed,2026-02-19T12:00:00Z,true,installations:DUP:00124,ServiceLog,2026-09-29T23:00:00Z
SYN-IN-0098,SYN-AS-0098,SYN-EM-0001,2026-07-19,2026-07-20,Completed,Passed,2026-07-20T12:00:00Z,true,installations:00098,ServiceLog,2026-09-29T23:00:00Z
SYN-IN-0063,SYN-AS-0063,SYN-EM-0001,2026-04-19,2026-04-20,Completed,Passed,2026-04-20T12:00:00Z,true,installations:DUP:00062,ServiceLog,2026-09-29T23:00:00Z
SYN-IN-0201,SYN-AS-0201,SYN-EM-0005,2026-05-29,2026-05-30,Completed,Passed,2026-05-30T12:00:00Z,true,installations:00201,ServiceLog,2026-09-29T23:00:00Z
SYN-IN-0168,SYN-AS-0168,SYN-EM-0005,2026-08-29,2026-08-30,Completed,Passed,2026-08-30T12:00:00Z,true,installations:00168,ServiceLog,2026-09-29T23:00:00Z
SYN-IN-0317,SYN-AS-0317,SYN-EM-0001,2026-08-27,2026-08-28,Completed,Passed,2026-08-28T12:00:00Z,true,installations:00317,ServiceLog,2026-09-29T23:00:00Z
SYN-IN-0115,SYN-AS-0115,SYN-EM-0001,2026-04-28,2026-04-29,COMPLETED ,Passed,2026-04-29T12:00:00Z,true,installations:00115,ServiceLog,2026-09-29T23:00:00Z
SYN-IN-0328,SYN-AS-0328,SYN-EM-0005,2026-09-11,2026-09-12,Completed,Passed,2026-09-12T12:00:00Z,true,installations:00328,ServiceLog,2026-09-29T23:00:00Z
SYN-IN-0129,SYN-AS-0129,SYN-EM-0001,2026-09-04,2026-09-05,Completed,Passed,2026-09-05T12:00:00Z,true,installations:00129,ServiceLog,2026-09-29T23:00:00Z
SYN-IN-0012,SYN-AS-0012,SYN-EM-0001,2026-03-08,2026-03-09,Completed,Passed,2026-03-09T12:00:00Z,true,installations:00012,ServiceLog,2026-09-29T23:00:00Z
SYN-IN-0210,SYN-AS-0210,SYN-EM-0005,2026-05-05,2026-05-06,Completed,Passed,2026-05-06T12:00:00Z,true,installations:00210,ServiceLog,2026-09-29T23:00:00Z
SYN-IN-0214,SYN-AS-0214,SYN-EM-0005,2026-05-11,2026-05-12,Completed,Passed,2026-05-12T12:00:00Z,true,installations:00214,ServiceLog,2026-09-29T23:00:00Z
SYN-IN-0088,SYN-AS-0088,SYN-EM-0005,2026-06-04,2026-06-05,Completed,Passed,2026-06-05T12:00:00Z,true,installations:00088,ServiceLog,2026-09-29T23:00:00Z
SYN-IN-0202,SYN-AS-0202,SYN-EM-0005,2026-05-29,2026-05-30,Completed,Passed,2026-05-30T12:00:00Z,true,installations:00202,ServiceLog,2026-09-29T23:00:00Z
SYN-IN-0254,SYN-AS-0254,SYN-EM-0001,2026-03-29,2026-03-30,Completed,Passed,2026-03-30T12:00:00Z,true,installations:00254,ServiceLog,2026-09-29T23:00:00Z
SYN-IN-0054,SYN-AS-0054,SYN-EM-0001,2026-04-12,2026-04-13,Completed,Passed,2026-04-13T12:00:00Z,true,installations:00054,ServiceLog,2026-09-29T23:00:00Z
SYN-IN-0300,SYN-AS-0300,SYN-EM-0001,2026-05-07,2026-05-08,Completed,Passed,2026-05-08T12:00:00Z,true,installations:00300,ServiceLog,2026-09-29T23:00:00Z
SYN-IN-0010,SYN-AS-0010,SYN-EM-0005,2026-03-08,2026-03-09,Completed,Passed,2026-03-09T12:00:00Z,true,installations:00010,ServiceLog,2026-09-29T23:00:00Z
SYN-IN-0284,SYN-AS-0284,SYN-EM-0005,2026-05-20,2026-05-21,Completed,Passed,2026-05-21T12:00:00Z,true,installations:00284,ServiceLog,2026-09-29T23:00:00Z
SYN-IN-0092,SYN-AS-0092,SYN-EM-0001,2026-05-15,2026-05-16,Completed,Passed,2026-05-16T12:00:00Z,true,installations:00092,ServiceLog,2026-09-29T23:00:00Z
SYN-IN-0250,SYN-AS-0250,SYN-EM-0005,2026-06-09,2026-06-10,Completed,Passed,2026-06-10T12:00:00Z,true,installations:00250,ServiceLog,2026-09-29T23:00:00Z
SYN-IN-0045,SYN-AS-0045,SYN-EM-0005,2026-02-15,2026-02-16,COMPLETED ,Passed,2026-02-16T12:00:00Z,true,installations:00045,ServiceLog,2026-09-29T23:00:00Z
SYN-IN-0090,SYN-AS-0090,SYN-EM-0001,15/05/2026,2026-05-16,Completed,Passed,2026-05-16T12:00:00Z,true,installations:00090,ServiceLog,2026-09-29T23:00:00Z
SYN-IN-0022,SYN-AS-0022,SYN-EM-0005,2026-07-31,2026-08-01,Completed,Passed,2026-08-01T12:00:00Z,true,installations:00022,ServiceLog,2026-09-29T23:00:00Z
SYN-IN-0028,SYN-AS-0028,SYN-EM-0005,2026-09-08,2026-09-09,Completed,Passed,2026-09-09T12:00:00Z,YES,installations:00028,ServiceLog,2026-09-29T23:00:00Z
SYN-IN-0181,SYN-AS-0181,SYN-EM-0001,2026-06-10,2026-06-11,Completed,Passed,2026-06-11T12:00:00Z,true,installations:00181,ServiceLog,2026-09-29T23:00:00Z
SYN-IN-0171,SYN-AS-0171,SYN-EM-0005,2026-04-12,2026-04-13,Completed,Passed,2026-04-13T12:00:00Z,true,installations:00171,ServiceLog,2026-09-29T23:00:00Z
SYN-IN-0108,SYN-AS-0108,SYN-EM-0001,2026-02-20,2026-02-21,Completed,Passed,2026-02-21T12:00:00Z,true,installations:00108,ServiceLog,2026-09-29T23:00:00Z
SYN-IN-0102,SYN-AS-0102,SYN-EM-0005,2026-08-18,2026-08-19,Completed,Passed,2026-08-19T12:00:00Z,true,installations:00102,ServiceLog,2026-09-29T23:00:00Z
SYN-IN-0005,SYN-AS-0005,SYN-EM-0001,2026-06-03,2026-06-04,COMPLETED ,Passed,2026-06-04T12:00:00Z,true,installations:00005,ServiceLog,2026-09-29T23:00:00Z
SYN-IN-0032,SYN-AS-0032,SYN-EM-0001,2026-04-17,2026-04-18,Completed,Passed,2026-04-18T12:00:00Z,true,installations:00032,ServiceLog,2026-09-29T23:00:00Z
SYN-IN-0001,SYN-AS-0001,SYN-EM-0005,2026-06-03,2026-06-04,Completed,Passed,2026-06-04T12:00:00Z,true,installations:DUP:00000,ServiceLog,2026-09-29T23:00:00Z
SYN-IN-0270,SYN-AS-0270,SYN-EM-0001,2026-06-09,2026-06-10,Completed,Passed,2026-06-10T12:00:00Z,true,installations:00270,ServiceLog,2026-09-29T23:00:00Z
SYN-IN-0058,SYN-AS-0058,SYN-EM-0005,2026-04-15,2026-04-16,Completed,Passed,2026-04-16T12:00:00Z,true,installations:00058,ServiceLog,2026-09-29T23:00:00Z
SYN-IN-0055,SYN-AS-0055,SYN-EM-0001,12-Apr-2026,2026-04-13,COMPLETED ,Passed,2026-04-13T12:00:00Z,true,installations:00055,ServiceLog,2026-09-29T23:00:00Z
SYN-IN-0111,SYN-AS-0111,SYN-EM-0005,2026-02-20,2026-02-21,Completed,Passed,2026-02-21T12:00:00Z,true,installations:00111,ServiceLog,2026-09-29T23:00:00Z
SYN-IN-0194,SYN-AS-0194,SYN-EM-0001,2026-03-21,2026-03-22,Completed,Passed,2026-03-22T12:00:00Z,true,installations:00194,ServiceLog,2026-09-29T23:00:00Z
SYN-IN-0277,SYN-AS-0277,SYN-EM-0001,23/07/2026,2026-07-24,Completed,Passed,2026-07-24T12:00:00Z,true,installations:00277,ServiceLog,2026-09-29T23:00:00Z
SYN-IN-0312,SYN-AS-0312,SYN-EM-0001,2026-09-10,2026-09-11,Completed,Passed,2026-09-11T12:00:00Z,true,installations:00312,ServiceLog,2026-09-29T23:00:00Z
SYN-IN-0211,SYN-AS-0211,SYN-EM-0005,05/05/2026,2026-05-06,Completed,Passed,2026-05-06T12:00:00Z,true,installations:00211,ServiceLog,2026-09-29T23:00:00Z
SYN-IN-0069,SYN-AS-0069,SYN-EM-0005,2026-09-12,2026-09-13,Completed,Passed,2026-09-13T12:00:00Z,true,installations:00069,ServiceLog,2026-09-29T23:00:00Z
SYN-IN-0031,SYN-AS-0031,SYN-EM-0001,2026-04-17,2026-04-18,Completed,Passed,2026-04-18T12:00:00Z,true,installations:00031,ServiceLog,2026-09-29T23:00:00Z
SYN-IN-0072,SYN-AS-0072,SYN-EM-0005,28-Jun-2026,2026-06-29,Completed,Passed,2026-06-29T12:00:00Z,true,installations:00072,ServiceLog,2026-09-29T23:00:00Z
SYN-IN-0142,SYN-AS-0142,SYN-EM-0005,2026-04-29,2026-04-30,Completed,Passed,2026-04-30T12:00:00Z,YES,installations:00142,ServiceLog,2026-09-29T23:00:00Z
SYN-IN-0243,SYN-AS-0243,SYN-EM-0005,2026-05-14,2026-05-15,Completed,Passed,2026-05-15T12:00:00Z,true,installations:00243,ServiceLog,2026-09-29T23:00:00Z
SYN-IN-0230,SYN-AS-0230,SYN-EM-0005,2026-04-17,2026-04-18,Completed,Passed,2026-04-18T12:00:00Z,true,installations:00230,ServiceLog,2026-09-29T23:00:00Z
SYN-IN-0323,SYN-AS-0323,SYN-EM-0005,2026-05-28,2026-05-29,Completed,Passed,2026-05-29T12:00:00Z,true,installations:00323,ServiceLog,2026-09-29T23:00:00Z
SYN-IN-0252,SYN-AS-0252,SYN-EM-0001,2026-06-09,2026-06-10,Completed,Passed,2026-06-10T12:00:00Z,true,installations:00252,ServiceLog,2026-09-29T23:00:00Z
SYN-IN-0046,SYN-AS-0046,SYN-EM-0005,21/03/2026,2026-03-22,Completed,Passed,2026-03-22T12:00:00Z,true,installations:00046,ServiceLog,2026-09-29T23:00:00Z
SYN-IN-0218,SYN-AS-0218,SYN-EM-0005,2026-06-24,2026-06-25,Completed,Passed,2026-06-25T12:00:00Z,YES,installations:00218,ServiceLog,2026-09-29T23:00:00Z
SYN-IN-0331,SYN-AS-0331,SYN-EM-0001,2026-06-07,2026-06-08,Completed,Passed,2026-06-08T12:00:00Z,true,installations:00331,ServiceLog,2026-09-29T23:00:00Z
SYN-IN-0289,SYN-AS-0289,SYN-EM-0005,2026-07-10,2026-07-11,Completed,Passed,2026-07-11T12:00:00Z,true,installations:00289,ServiceLog,2026-09-29T23:00:00Z
SYN-IN-0141,SYN-AS-0141,SYN-EM-0001,2026-04-29,2026-04-30,Completed,Passed,2026-04-30T12:00:00Z,true,installations:00141,ServiceLog,2026-09-29T23:00:00Z
SYN-IN-0107,SYN-AS-0107,SYN-EM-0005,2026-02-20,2026-02-21,Completed,Passed,2026-02-21T12:00:00Z,true,installations:00107,ServiceLog,2026-09-29T23:00:00Z
SYN-IN-0015,SYN-AS-0015,SYN-EM-0001,2026-07-31,2026-08-01,COMPLETED ,Passed,2026-08-01T12:00:00Z,true,installations:00015,ServiceLog,2026-09-29T23:00:00Z
SYN-IN-0257,SYN-AS-0257,SYN-EM-0005,2026-04-26,2026-04-27,Completed,Passed,2026-04-27T12:00:00Z,true,installations:00257,ServiceLog,2026-09-29T23:00:00Z
SYN-IN-0106,SYN-AS-0106,SYN-EM-0001,18-Aug-2026,2026-08-19,Completed,Passed,2026-08-19T12:00:00Z,true,installations:00106,ServiceLog,2026-09-29T23:00:00Z
SYN-IN-0322,SYN-AS-0322,SYN-EM-0005,2026-04-14,2026-04-15,Completed,Passed,2026-04-15T12:00:00Z,true,installations:00322,ServiceLog,2026-09-29T23:00:00Z
SYN-IN-0216,SYN-AS-0216,SYN-EM-0001,2026-05-11,2026-05-12,Completed,Passed,2026-05-12T12:00:00Z,true,installations:00216,ServiceLog,2026-09-29T23:00:00Z
SYN-IN-0105,SYN-AS-0105,SYN-EM-0001,2026-08-18,2026-08-19,COMPLETED ,Passed,2026-08-19T12:00:00Z,true,installations:00105,ServiceLog,2026-09-29T23:00:00Z
SYN-IN-0147,SYN-AS-0147,SYN-EM-0005,2026-04-29,2026-04-30,Completed,Passed,2026-04-30T12:00:00Z,true,installations:00147,ServiceLog,2026-09-29T23:00:00Z
SYN-IN-0179,SYN-AS-0179,SYN-EM-0001,2026-06-10,2026-06-11,Completed,Passed,2026-06-11T12:00:00Z,true,installations:00179,ServiceLog,2026-09-29T23:00:00Z
SYN-IN-0056,SYN-AS-0056,SYN-EM-0001,2026-04-12,2026-04-13,Completed,Passed,2026-04-13T12:00:00Z,true,installations:00056,ServiceLog,2026-09-29T23:00:00Z
SYN-IN-0121,SYN-AS-0121,SYN-EM-0001,2026-05-06,2026-05-07,Completed,Passed,2026-05-07T12:00:00Z,true,installations:00121,ServiceLog,2026-09-29T23:00:00Z
SYN-IN-0084,SYN-AS-0084,SYN-EM-0001,2026-04-26,2026-04-27,Completed,Passed,2026-04-27T12:00:00Z,true,installations:00084,ServiceLog,2026-09-29T23:00:00Z
SYN-IN-0307,SYN-AS-0307,SYN-EM-0001,2026-09-10,2026-09-11,Completed,Passed,2026-09-11T12:00:00Z,true,installations:00307,ServiceLog,2026-09-29T23:00:00Z
SYN-IN-0159,SYN-AS-0159,SYN-EM-0005,2026-05-15,2026-05-16,Completed,Passed,2026-05-16T12:00:00Z,true,installations:00159,ServiceLog,2026-09-29T23:00:00Z
SYN-IN-0198,SYN-AS-0198,SYN-EM-0001,2026-05-29,2026-05-30,Completed,Passed,2026-05-30T12:00:00Z,true,installations:00198,ServiceLog,2026-09-29T23:00:00Z
SYN-IN-0193,SYN-AS-0193,SYN-EM-0001,2026-03-21,2026-03-22,Completed,Passed,2026-03-22T12:00:00Z,true,installations:00193,ServiceLog,2026-09-29T23:00:00Z
SYN-IN-0153,SYN-AS-0153,SYN-EM-0001,2026-07-06,2026-07-07,Completed,Passed,2026-07-07T12:00:00Z,true,installations:00153,ServiceLog,2026-09-29T23:00:00Z
SYN-IN-0066,SYN-AS-0066,SYN-EM-0001,2026-03-30,2026-03-31,Completed,Passed,2026-03-31T12:00:00Z,YES,installations:00066,ServiceLog,2026-09-29T23:00:00Z
SYN-IN-0318,SYN-AS-0318,SYN-EM-0005,2026-08-27,2026-08-28,Completed,Passed,2026-08-28T12:00:00Z,true,installations:00318,ServiceLog,2026-09-29T23:00:00Z
SYN-IN-0288,SYN-AS-0288,SYN-EM-0001,10/07/2026,2026-07-11,Completed,Passed,2026-07-11T12:00:00Z,true,installations:00288,ServiceLog,2026-09-29T23:00:00Z
SYN-IN-0249,SYN-AS-0249,SYN-EM-0001,2026-06-09,2026-06-10,Completed,Passed,2026-06-10T12:00:00Z,true,installations:00249,ServiceLog,2026-09-29T23:00:00Z
SYN-IN-0321,SYN-AS-0321,SYN-EM-0005,14/04/2026,2026-04-15,Completed,Passed,2026-04-15T12:00:00Z,true,installations:00321,ServiceLog,2026-09-29T23:00:00Z
SYN-IN-0082,SYN-AS-0082,SYN-EM-0001,2026-04-26,2026-04-27,Completed,Passed,2026-04-27T12:00:00Z,true,installations:00082,ServiceLog,2026-09-29T23:00:00Z
SYN-IN-0070,SYN-AS-0070,SYN-EM-0005,2026-06-28,2026-06-29,Completed,Passed,2026-06-29T12:00:00Z,true,installations:00070,ServiceLog,2026-09-29T23:00:00Z
SYN-IN-0274,SYN-AS-0274,SYN-EM-0005,2026-07-23,2026-07-24,Completed,Passed,2026-07-24T12:00:00Z,true,installations:00274,ServiceLog,2026-09-29T23:00:00Z
SYN-IN-0167,SYN-AS-0167,SYN-EM-0001,29/08/2026,2026-08-30,Completed,Passed,2026-08-30T12:00:00Z,true,installations:00167,ServiceLog,2026-09-29T23:00:00Z
SYN-IN-0080,SYN-AS-0080,SYN-EM-0001,2026-05-08,2026-05-09,Completed,Passed,2026-05-09T12:00:00Z,true,installations:00080,ServiceLog,2026-09-29T23:00:00Z
SYN-IN-0008,SYN-AS-0008,SYN-EM-0001,2026-03-08,2026-03-09,Completed,Passed,2026-03-09T12:00:00Z,true,installations:00008,ServiceLog,2026-09-29T23:00:00Z
SYN-IN-0124,SYN-AS-0124,SYN-EM-0005,2026-02-18,2026-02-19,Completed,Passed,2026-02-19T12:00:00Z,true,installations:00124,ServiceLog,2026-09-29T23:00:00Z
SYN-IN-0197,SYN-AS-0197,SYN-EM-0001,2026-05-29,2026-05-30,Completed,Passed,2026-05-30T12:00:00Z,true,installations:00197,ServiceLog,2026-09-29T23:00:00Z
SYN-IN-0101,SYN-AS-0101,SYN-EM-0005,18/08/2026,2026-08-19,Completed,Passed,2026-08-19T12:00:00Z,true,installations:00101,ServiceLog,2026-09-29T23:00:00Z
SYN-IN-0135,SYN-AS-0135,SYN-EM-0005,2026-05-10,2026-05-11,COMPLETED ,Passed,2026-05-11T12:00:00Z,true,installations:00135,ServiceLog,2026-09-29T23:00:00Z
SYN-IN-0057,SYN-AS-0057,SYN-EM-0005,12/04/2026,2026-04-13,Completed,Passed,2026-04-13T12:00:00Z,true,installations:00057,ServiceLog,2026-09-29T23:00:00Z
SYN-IN-0311,SYN-AS-0311,SYN-EM-0001,2026-09-10,2026-09-11,Completed,Passed,2026-09-11T12:00:00Z,true,installations:00311,ServiceLog,2026-09-29T23:00:00Z
SYN-IN-0038,SYN-AS-0038,SYN-EM-0001,15-Feb-2026,2026-02-16,Completed,Passed,2026-02-16T12:00:00Z,true,installations:00038,ServiceLog,2026-09-29T23:00:00Z
SYN-IN-0172,SYN-AS-0172,SYN-EM-0001,2026-04-12,2026-04-13,Completed,Passed,2026-04-13T12:00:00Z,true,installations:00172,ServiceLog,2026-09-29T23:00:00Z
SYN-IN-0306,SYN-AS-0306,SYN-EM-0005,2026-09-10,2026-09-11,Completed,Passed,2026-09-11T12:00:00Z,true,installations:00306,ServiceLog,2026-09-29T23:00:00Z
SYN-IN-0096,SYN-AS-0096,SYN-EM-0001,2026-07-19,2026-07-20,Completed,Passed,2026-07-20T12:00:00Z,true,installations:00096,ServiceLog,2026-09-29T23:00:00Z
SYN-IN-0114,SYN-AS-0114,SYN-EM-0005,2026-04-28,2026-04-29,Completed,Passed,2026-04-29T12:00:00Z,true,installations:00114,ServiceLog,2026-09-29T23:00:00Z
SYN-IN-0279,SYN-AS-0279,SYN-EM-0001,2026-07-23,2026-07-24,Completed,Passed,2026-07-24T12:00:00Z,true,installations:00279,ServiceLog,2026-09-29T23:00:00Z
SYN-IN-0133,SYN-AS-0133,SYN-EM-0005,2026-05-10,2026-05-11,Completed,Passed,2026-05-11T12:00:00Z,true,installations:00133,ServiceLog,2026-09-29T23:00:00Z
SYN-IN-0040,SYN-AS-0040,SYN-EM-0001,2026-02-15,2026-02-16,Completed,Passed,2026-02-16T12:00:00Z,true,installations:00040,ServiceLog,2026-09-29T23:00:00Z
SYN-IN-0076,SYN-AS-0076,SYN-EM-0001,2026-05-08,2026-05-09,Completed,Passed,2026-05-09T12:00:00Z,true,installations:00076,ServiceLog,2026-09-29T23:00:00Z
SYN-IN-0061,SYN-AS-0061,SYN-EM-0001,2026-02-27,2026-01-01,Completed,Passed,2026-02-28T12:00:00Z,true,installations:00061,ServiceLog,2026-09-29T23:00:00Z
SYN-IN-0026,SYN-AS-0026,SYN-EM-0005,2026-09-08,2026-09-09,Completed,Passed,2026-09-09T12:00:00Z,true,installations:00026,ServiceLog,2026-09-29T23:00:00Z
SYN-IN-0259,SYN-AS-0259,SYN-EM-0001,17-Jul-2026,2026-07-18,Completed,Passed,2026-07-18T12:00:00Z,true,installations:00259,ServiceLog,2026-09-29T23:00:00Z
SYN-IN-0032,SYN-AS-0032,SYN-EM-0001,2026-04-17,2026-04-18,Completed,Passed,2026-04-18T12:00:00Z,true,installations:DUP:00031,ServiceLog,2026-09-29T23:00:00Z
SYN-IN-0262,SYN-AS-0262,SYN-EM-0005,2026-07-04,2026-07-05,Completed,Passed,2026-07-05T12:00:00Z,true,installations:00262,ServiceLog,2026-09-29T23:00:00Z
SYN-IN-0095,SYN-AS-0095,SYN-EM-0005,2026-07-19,2026-07-20,COMPLETED ,Passed,2026-07-20T12:00:00Z,true,installations:00095,ServiceLog,2026-09-29T23:00:00Z
SYN-IN-0041,SYN-AS-0041,SYN-EM-0005,2026-02-15,2026-02-16,Completed,Passed,2026-02-16T12:00:00Z,true,installations:00041,ServiceLog,2026-09-29T23:00:00Z
SYN-IN-0204,SYN-AS-0204,SYN-EM-0001,2026-05-05,2026-05-06,Completed,Passed,2026-05-06T12:00:00Z,true,installations:00204,ServiceLog,2026-09-29T23:00:00Z
SYN-IN-0144,SYN-AS-0144,SYN-EM-0005,2026-04-29,2026-04-30,Completed,Passed,2026-04-30T12:00:00Z,true,installations:00144,ServiceLog,2026-09-29T23:00:00Z
SYN-IN-0248,SYN-AS-0248,SYN-EM-0005,2026-06-09,2026-06-10,Completed,Passed,2026-06-10T12:00:00Z,true,installations:00248,ServiceLog,2026-09-29T23:00:00Z
SYN-IN-0184,SYN-AS-0184,SYN-EM-0001,2026-07-27,2026-07-28,Completed,Passed,2026-07-28T12:00:00Z,true,installations:00184,ServiceLog,2026-09-29T23:00:00Z
SYN-IN-0303,SYN-AS-0303,SYN-EM-0005,2026-04-19,2026-04-20,Completed,Passed,2026-04-20T12:00:00Z,true,installations:00303,ServiceLog,2026-09-29T23:00:00Z
SYN-IN-0280,SYN-AS-0280,SYN-EM-0001,2026-07-23,2026-07-24,Completed,Passed,2026-07-24T12:00:00Z,true,installations:DUP:00279,ServiceLog,2026-09-29T23:00:00Z
SYN-IN-0071,SYN-AS-0071,SYN-EM-0005,2026-06-28,2026-06-29,Completed,Passed,2026-06-29T12:00:00Z,true,installations:00071,ServiceLog,2026-09-29T23:00:00Z
SYN-IN-0169,SYN-AS-0169,SYN-EM-0001,2026-03-31,2026-04-01,Completed,Passed,2026-04-01T12:00:00Z,true,installations:00169,ServiceLog,2026-09-29T23:00:00Z
SYN-IN-0188,SYN-AS-0188,SYN-EM-0005,2026-07-27,2026-07-28,Completed,Passed,2026-07-28T12:00:00Z,true,installations:00188,ServiceLog,2026-09-29T23:00:00Z
SYN-IN-0136,SYN-AS-0136,SYN-EM-0005,2026-05-10,2026-05-11,Completed,Passed,2026-05-11T12:00:00Z,true,installations:00136,ServiceLog,2026-09-29T23:00:00Z
SYN-IN-0164,SYN-AS-0164,SYN-EM-0005,2026-08-29,2026-08-30,Completed,Passed,2026-08-30T12:00:00Z,true,installations:00164,ServiceLog,2026-09-29T23:00:00Z
SYN-IN-0189,SYN-AS-0189,SYN-EM-0005,21/02/2026,2026-02-22,Completed,Passed,2026-02-22T12:00:00Z,true,installations:00189,ServiceLog,2026-09-29T23:00:00Z
SYN-IN-0229,SYN-AS-0229,SYN-EM-0001,2026-04-17,2026-04-18,Completed,Passed,2026-04-18T12:00:00Z,true,installations:00229,ServiceLog,2026-09-29T23:00:00Z
SYN-IN-0227,SYN-AS-0227,SYN-EM-0005,2026-03-28,2026-03-29,Completed,Passed,2026-03-29T12:00:00Z,true,installations:00227,ServiceLog,2026-09-29T23:00:00Z
SYN-IN-0119,SYN-AS-0119,SYN-EM-0005,2026-09-07,2026-09-08,Completed,Passed,2026-09-08T12:00:00Z,true,installations:00119,ServiceLog,2026-09-29T23:00:00Z
SYN-IN-0218,SYN-AS-0218,SYN-EM-0005,2026-06-24,2026-06-25,Completed,Passed,2026-06-25T12:00:00Z,YES,installations:DUP:00217,ServiceLog,2026-09-29T23:00:00Z
SYN-IN-0118,SYN-AS-0118,SYN-EM-0005,2026-04-28,2026-04-29,Completed,Passed,2026-04-29T12:00:00Z,true,installations:00118,ServiceLog,2026-09-29T23:00:00Z
SYN-IN-0285,SYN-AS-0285,SYN-EM-0005,2026-05-17,2026-05-18,COMPLETED ,Passed,2026-05-18T12:00:00Z,true,installations:00285,ServiceLog,2026-09-29T23:00:00Z
SYN-IN-0192,SYN-AS-0192,SYN-EM-0005,2026-02-21,2026-02-22,Completed,Passed,2026-02-22T12:00:00Z,true,installations:00192,ServiceLog,2026-09-29T23:00:00Z
SYN-IN-0267,SYN-AS-0267,SYN-EM-0005,2026-03-10,2026-03-11,Completed,Passed,2026-03-11T12:00:00Z,true,installations:00267,ServiceLog,2026-09-29T23:00:00Z
SYN-IN-0316,SYN-AS-0316,SYN-EM-0001,2026-08-27,2026-08-28,Completed,Passed,2026-08-28T12:00:00Z,true,installations:00316,ServiceLog,2026-09-29T23:00:00Z
SYN-IN-0138,SYN-AS-0138,SYN-EM-0001,2026-05-10,2026-05-11,Completed,Passed,2026-05-11T12:00:00Z,true,installations:00138,ServiceLog,2026-09-29T23:00:00Z
SYN-IN-0132,SYN-AS-0132,SYN-EM-0001,2026-09-04,2026-09-05,Completed,Passed,2026-09-05T12:00:00Z,true,installations:00132,ServiceLog,2026-09-29T23:00:00Z
SYN-IN-0309,SYN-AS-0309,SYN-EM-0001,2026-09-10,2026-09-11,Completed,Passed,2026-09-11T12:00:00Z,true,installations:00309,ServiceLog,2026-09-29T23:00:00Z
SYN-IN-0200,SYN-AS-0200,SYN-EM-0005,29/05/2026,2026-05-30,Completed,Passed,2026-05-30T12:00:00Z,true,installations:00200,ServiceLog,2026-09-29T23:00:00Z
SYN-IN-0051,SYN-AS-0051,SYN-EM-0005,2026-04-12,2026-04-13,Completed,Passed,2026-04-13T12:00:00Z,true,installations:00051,ServiceLog,2026-09-29T23:00:00Z
SYN-IN-0089,SYN-AS-0089,SYN-EM-0005,04-Jun-2026,2026-06-05,Completed,Passed,2026-06-05T12:00:00Z,true,installations:00089,ServiceLog,2026-09-29T23:00:00Z
SYN-IN-0016,SYN-AS-0016,SYN-EM-0005,2026-07-31,2026-08-01,Completed,Passed,2026-08-01T12:00:00Z,true,installations:00016,ServiceLog,2026-09-29T23:00:00Z
SYN-IN-0009,SYN-AS-0009,SYN-EM-0001,2026-03-08,2026-03-09,Completed,Passed,2026-03-09T12:00:00Z,YES,installations:00009,ServiceLog,2026-09-29T23:00:00Z
SYN-IN-0156,SYN-AS-0156,SYN-EM-0005,15/05/2026,2026-05-16,Completed,Passed,2026-05-16T12:00:00Z,true,installations:00156,ServiceLog,2026-09-29T23:00:00Z
SYN-IN-0166,SYN-AS-0166,SYN-EM-0005,2026-08-29,2026-08-30,Completed,Passed,2026-08-30T12:00:00Z,true,installations:00166,ServiceLog,2026-09-29T23:00:00Z
SYN-IN-0060,SYN-AS-0060,SYN-EM-0001,2026-02-27,2026-02-28,Completed,Passed,2026-02-28T12:00:00Z,true,installations:00060,ServiceLog,2026-09-29T23:00:00Z
SYN-IN-0287,SYN-AS-0287,SYN-EM-0001,2026-05-17,2026-05-18,Completed,Passed,2026-05-18T12:00:00Z,true,installations:00287,ServiceLog,2026-09-29T23:00:00Z
SYN-IN-0302,SYN-AS-0302,SYN-EM-0005,2026-04-19,2026-04-20,Completed,Passed,2026-04-20T12:00:00Z,true,installations:00302,ServiceLog,2026-09-29T23:00:00Z
SYN-IN-0292,SYN-AS-0292,SYN-EM-0005,2026-07-10,2026-07-11,Completed,Passed,2026-07-11T12:00:00Z,true,installations:00292,ServiceLog,2026-09-29T23:00:00Z
SYN-IN-0240,SYN-AS-0240,SYN-EM-0001,2026-08-15,2026-08-16,Completed,Passed,2026-08-16T12:00:00Z,true,installations:00240,ServiceLog,2026-09-29T23:00:00Z
SYN-IN-0103,SYN-AS-0103,SYN-EM-0005,2026-08-18,2026-08-19,Completed,Passed,2026-08-19T12:00:00Z,true,installations:00103,ServiceLog,2026-09-29T23:00:00Z
SYN-IN-0203,SYN-AS-0203,SYN-EM-0001,2026-05-29,2026-05-30,Completed,Passed,2026-05-30T12:00:00Z,true,installations:00203,ServiceLog,2026-09-29T23:00:00Z
SYN-IN-0183,SYN-AS-0183,SYN-EM-0001,2026-07-27,2026-07-28,Completed,Passed,2026-07-28T12:00:00Z,true,installations:00183,ServiceLog,2026-09-29T23:00:00Z
SYN-IN-0235,SYN-AS-0235,SYN-EM-0005,2026-09-11,2026-09-12,COMPLETED ,Passed,2026-09-12T12:00:00Z,true,installations:00235,ServiceLog,2026-09-29T23:00:00Z
SYN-IN-0298,SYN-AS-0298,SYN-EM-0001,2026-03-27,2026-03-28,Completed,Passed,2026-03-28T12:00:00Z,true,installations:00298,ServiceLog,2026-09-29T23:00:00Z
SYN-IN-0158,SYN-AS-0158,SYN-EM-0001,2026-05-15,2026-05-16,Completed,Passed,2026-05-16T12:00:00Z,true,installations:00158,ServiceLog,2026-09-29T23:00:00Z
SYN-IN-0033,SYN-AS-0033,SYN-EM-0005,2026-04-17,2026-04-18,Completed,Passed,2026-04-18T12:00:00Z,true,installations:00033,ServiceLog,2026-09-29T23:00:00Z
SYN-IN-0244,SYN-AS-0244,SYN-EM-0005,14/05/2026,2026-05-15,Completed,Passed,2026-05-15T12:00:00Z,true,installations:00244,ServiceLog,2026-09-29T23:00:00Z
SYN-IN-0304,SYN-AS-0304,SYN-EM-0001,2026-04-19,2026-04-20,Completed,Passed,2026-04-20T12:00:00Z,true,installations:00304,ServiceLog,2026-09-29T23:00:00Z
SYN-IN-0087,SYN-AS-0087,SYN-EM-0005,2026-06-04,2026-06-05,Completed,Passed,2026-06-05T12:00:00Z,true,installations:00087,ServiceLog,2026-09-29T23:00:00Z
SYN-IN-0044,SYN-AS-0044,SYN-EM-0001,2026-02-15,2026-02-16,Completed,Passed,2026-02-16T12:00:00Z,true,installations:00044,ServiceLog,2026-09-29T23:00:00Z
SYN-IN-0091,SYN-AS-0091,SYN-EM-0005,2026-05-15,2026-05-16,Completed,Passed,2026-05-16T12:00:00Z,true,installations:00091,ServiceLog,2026-09-29T23:00:00Z
SYN-IN-0125,SYN-AS-0125,SYN-EM-0001,2026-02-18,2026-02-19,COMPLETED ,Passed,2026-02-19T12:00:00Z,true,installations:00125,ServiceLog,2026-09-29T23:00:00Z
SYN-IN-0177,SYN-AS-0177,SYN-EM-0001,2026-02-17,2026-02-18,Completed,Passed,2026-02-18T12:00:00Z,true,installations:00177,ServiceLog,2026-09-29T23:00:00Z
SYN-IN-0036,SYN-AS-0036,SYN-EM-0001,2026-08-19,2026-08-20,Completed,Passed,2026-08-20T12:00:00Z,true,installations:00036,ServiceLog,2026-09-29T23:00:00Z
SYN-IN-0161,SYN-AS-0161,SYN-EM-0005,2026-08-26,2026-08-27,Completed,Passed,2026-08-27T12:00:00Z,YES,installations:00161,ServiceLog,2026-09-29T23:00:00Z
SYN-IN-0170,SYN-AS-0170,SYN-EM-0005,2026-03-31,2026-04-01,Completed,Passed,2026-04-01T12:00:00Z,true,installations:00170,ServiceLog,2026-09-29T23:00:00Z
SYN-IN-0163,SYN-AS-0163,SYN-EM-0005,2026-08-29,2026-08-30,Completed,Passed,2026-08-30T12:00:00Z,true,installations:00163,ServiceLog,2026-09-29T23:00:00Z
SYN-IN-0286,SYN-AS-0286,SYN-EM-0001,2026-05-17,2026-05-18,Completed,Passed,2026-05-18T12:00:00Z,true,installations:00286,ServiceLog,2026-09-29T23:00:00Z
SYN-IN-0122,SYN-AS-0122,SYN-EM-0005,2026-05-06,2026-05-07,Completed,Passed,2026-05-07T12:00:00Z,true,installations:00122,ServiceLog,2026-09-29T23:00:00Z
SYN-IN-0233,SYN-AS-0233,SYN-EM-0001,11/09/2026,2026-09-12,Completed,Passed,2026-09-12T12:00:00Z,true,installations:00233,ServiceLog,2026-09-29T23:00:00Z
SYN-IN-0157,SYN-AS-0157,SYN-EM-0005,15-May-2026,2026-05-16,Completed,Passed,2026-05-16T12:00:00Z,true,installations:00157,ServiceLog,2026-09-29T23:00:00Z
SYN-IN-0014,SYN-AS-0014,SYN-EM-0005,2026-08-21,2026-08-22,Completed,Passed,2026-08-22T12:00:00Z,true,installations:00014,ServiceLog,2026-09-29T23:00:00Z
SYN-IN-0021,SYN-AS-0021,SYN-EM-0005,31-Jul-2026,2026-01-01,Completed,Passed,2026-08-01T12:00:00Z,true,installations:00021,ServiceLog,2026-09-29T23:00:00Z
SYN-IN-0128,SYN-AS-0128,SYN-EM-0005,2026-02-18,2026-02-19,Completed,Passed,2026-02-19T12:00:00Z,true,installations:00128,ServiceLog,2026-09-29T23:00:00Z
SYN-IN-0143,SYN-AS-0143,SYN-EM-0001,2026-04-29,2026-04-30,Completed,Passed,2026-04-30T12:00:00Z,true,installations:00143,ServiceLog,2026-09-29T23:00:00Z
SYN-IN-0313,SYN-AS-0313,SYN-EM-0005,2026-05-22,2026-05-23,Completed,Passed,2026-05-23T12:00:00Z,YES,installations:00313,ServiceLog,2026-09-29T23:00:00Z
SYN-IN-0067,SYN-AS-0067,SYN-EM-0005,2026-09-12,2026-09-13,Completed,Passed,2026-09-13T12:00:00Z,true,installations:00067,ServiceLog,2026-09-29T23:00:00Z
SYN-IN-0220,SYN-AS-0220,SYN-EM-0005,2026-05-13,2026-05-14,Completed,Passed,2026-05-14T12:00:00Z,true,installations:00220,ServiceLog,2026-09-29T23:00:00Z
SYN-IN-0037,SYN-AS-0037,SYN-EM-0005,2026-08-19,2026-08-20,Completed,Passed,2026-08-20T12:00:00Z,true,installations:00037,ServiceLog,2026-09-29T23:00:00Z
SYN-IN-0209,SYN-AS-0209,SYN-EM-0001,2026-05-05,2026-05-06,Completed,Passed,2026-05-06T12:00:00Z,true,installations:00209,ServiceLog,2026-09-29T23:00:00Z
SYN-IN-0079,SYN-AS-0079,SYN-EM-0005,08/05/2026,2026-05-09,Completed,Passed,2026-05-09T12:00:00Z,true,installations:00079,ServiceLog,2026-09-29T23:00:00Z
SYN-IN-0264,SYN-AS-0264,SYN-EM-0005,2026-07-04,2026-07-05,Completed,Passed,2026-07-05T12:00:00Z,true,installations:00264,ServiceLog,2026-09-29T23:00:00Z
SYN-IN-0180,SYN-AS-0180,SYN-EM-0005,2026-06-10,2026-06-11,Completed,Passed,2026-06-11T12:00:00Z,YES,installations:00180,ServiceLog,2026-09-29T23:00:00Z
SYN-IN-0256,SYN-AS-0256,SYN-EM-0005,2026-03-29,2026-03-30,Completed,Passed,2026-03-30T12:00:00Z,YES,installations:00256,ServiceLog,2026-09-29T23:00:00Z
SYN-IN-0221,SYN-AS-0221,SYN-EM-0005,2026-05-13,2026-05-14,Completed,Passed,2026-05-14T12:00:00Z,true,installations:00221,ServiceLog,2026-09-29T23:00:00Z
SYN-IN-0134,SYN-AS-0134,SYN-EM-0001,10/05/2026,2026-05-11,Completed,Passed,2026-05-11T12:00:00Z,true,installations:00134,ServiceLog,2026-09-29T23:00:00Z
SYN-IN-0007,SYN-AS-0007,SYN-EM-0001,2026-06-07,2026-06-08,Completed,Passed,2026-06-08T12:00:00Z,true,installations:00007,ServiceLog,2026-09-29T23:00:00Z
SYN-IN-0296,SYN-AS-0296,SYN-EM-0005,2026-03-27,2026-03-28,Completed,Passed,2026-03-28T12:00:00Z,true,installations:00296,ServiceLog,2026-09-29T23:00:00Z
SYN-IN-0276,SYN-AS-0276,SYN-EM-0005,23-Jul-2026,2026-07-24,Completed,Passed,2026-07-24T12:00:00Z,true,installations:00276,ServiceLog,2026-09-29T23:00:00Z
SYN-IN-0185,SYN-AS-0185,SYN-EM-0001,2026-07-27,2026-07-28,COMPLETED ,Passed,2026-07-28T12:00:00Z,true,installations:00185,ServiceLog,2026-09-29T23:00:00Z
SYN-IN-0196,SYN-AS-0196,SYN-EM-0005,2026-03-21,2026-03-22,Completed,Passed,2026-03-22T12:00:00Z,true,installations:00196,ServiceLog,2026-09-29T23:00:00Z
SYN-IN-0241,SYN-AS-0241,SYN-EM-0001,2026-08-15,2026-08-16,Completed,Passed,2026-08-16T12:00:00Z,true,installations:00241,ServiceLog,2026-09-29T23:00:00Z
SYN-IN-0074,SYN-AS-0074,SYN-EM-0001,2026-08-23,2026-08-24,Completed,Passed,2026-08-24T12:00:00Z,true,installations:00074,ServiceLog,2026-09-29T23:00:00Z
