opportunity_id,customer_id,branch_id,owner_employee_id,opened_date,decision_date,channel,status,estimated_value_pkr,updated_at,is_synthetic,tender_reference,department,performance_guarantee_pct,_source_row_id,_source_system,_extract_at
SYN-OP-0046,SYN-CU-0042,SYN-BR-0001,SYN-EM-0010,04/04/2026,2026-05-02,Tender,Won,8080000,2026-05-04T12:00:00Z,true,ENQ-2026-0046,Civil Engineering,10,opportunities:00046,CRM,2026-09-29T23:00:00Z
SYN-OP-0159,SYN-CU-0049,SYN-BR-0004,SYN-EM-0001,2026-01-14,2026-02-01,Tender,Open,3520000,2026-02-13T12:00:00Z,true,ENQ-2026-0159,Electrical Engineering,10,opportunities:00159,CRM,2026-09-29T23:00:00Z
SYN-OP-0169,SYN-CU-0049,SYN-BR-0003,SYN-EM-0006,2026-05-16,2026-06-07,Tender,Open,5820000,2026-06-15T12:00:00Z,true,ENQ-2026-0169,Mechanical Engineering,10,opportunities:00169,CRM,2026-09-29T23:00:00Z
SYN-OP-0047,SYN-CU-0032,SYN-BR-0005,SYN-EM-0002,2026-03-18,2026-04-08,Direct enquiry,Won,450000,2026-04-17T12:00:00Z,YES,,Skills Laboratory,0,opportunities:00047,CRM,2026-09-29T23:00:00Z
SYN-OP-0067,SYN-CU-0040,SYN-BR-0002,SYN-EM-0009,2026-06-13,2026-06-26,Tender,Won,2630000,2026-07-13T12:00:00Z,true,ENQ-2026-0067,Civil Engineering,10,opportunities:00067,CRM,2026-09-29T23:00:00Z
SYN-OP-0005,SYN-CU-0036,SYN-BR-0003,SYN-EM-0013,2026-06-04,2026-07-04,Direct enquiry,WON ,1740000,2026-07-04T12:00:00Z,true,,Mechanical Engineering,0,opportunities:00005,CRM,2026-09-29T23:00:00Z
SYN-OP-0101,SYN-CU-0045,SYN-BR-0003,SYN-EM-0002,25/03/2026,2026-04-01,Tender,Open,4130000,2026-04-24T12:00:00Z,true,ENQ-2026-0101,Water Research,10,opportunities:00101,CRM,2026-09-29T23:00:00Z
SYN-OP-0021,SYN-CU-0046,SYN-BR-0003,SYN-EM-0010,17-Apr-2026,2026-05-08,Tender,Won,4650000,2026-05-17T12:00:00Z,true,ENQ-2026-0021,Skills Laboratory,10,opportunities:00021,CRM,2026-09-29T23:00:00Z
SYN-OP-0029,SYN-CU-0034,SYN-BR-0003,SYN-EM-0003,2026-03-11,2026-04-09,Tender,Won,5270000,2026-04-10T12:00:00Z,true,ENQ-2026-0029,Skills Laboratory,10,opportunities:00029,CRM,2026-09-29T23:00:00Z
SYN-OP-0152,SYN-CU-0001,SYN-BR-0005,SYN-EM-0012,2026-03-26,2026-04-25,Tender,Lost,510000,2026-04-25T12:00:00Z,true,ENQ-2026-0152,Civil Engineering,10,opportunities:00152,CRM,2026-09-29T23:00:00Z
SYN-OP-0012,SYN-CU-0042,SYN-BR-0005,SYN-EM-0005,2026-03-03,2026-03-19,Direct enquiry,Won,5830000,2026-04-02T12:00:00Z,true,,Water Research,0,opportunities:00012,CRM,2026-09-29T23:00:00Z
SYN-OP-0100,SYN-CU-0060,SYN-BR-0005,SYN-EM-0006,2026-06-20,2026-07-15,Direct enquiry,Won,4370000,2026-07-20T12:00:00Z,true,,Electrical Engineering,0,opportunities:00100,CRM,2026-09-29T23:00:00Z
SYN-OP-0026,SYN-CU-0016,SYN-BR-0004,SYN-EM-0011,2026-01-17,2026-01-24,Tender,Won,4900000,2026-02-16T12:00:00Z,true,ENQ-2026-0026,Physiology,10,opportunities:00026,CRM,2026-09-29T23:00:00Z
SYN-OP-0053,SYN-CU-0045,SYN-BR-0005,SYN-EM-0006,2026-07-24,2026-08-15,Direct enquiry,Won,4180000,2026-08-23T12:00:00Z,true,,Mechanical Engineering,0,opportunities:00053,CRM,2026-09-29T23:00:00Z
SYN-OP-0078,SYN-CU-0005,SYN-BR-0003,SYN-EM-0015,2026-04-01,2026-05-01,Direct enquiry,Won,"PKR 9,170,000.00",2026-05-01T12:00:00Z,true,,Physiology,0,opportunities:00078,CRM,2026-09-29T23:00:00Z
SYN-OP-0126,SYN-CU-0054,SYN-BR-0001,SYN-EM-0001,2026-05-15,2026-06-09,Tender,Open,"PKR 1,780,000.00",2026-06-14T12:00:00Z,true,ENQ-2026-0126,Mechanical Engineering,10,opportunities:00126,CRM,2026-09-29T23:00:00Z
SYN-OP-0001,SYN-CU-0055,SYN-BR-0005,SYN-EM-0008,2026-04-10,2026-05-07,Tender,Won,6270000,2026-05-10T12:00:00Z,true,ENQ-2026-0001,Electrical Engineering,10,opportunities:DUP:00000,CRM,2026-09-29T23:00:00Z
SYN-OP-0146,SYN-CU-0031,SYN-BR-0001,SYN-EM-0012,2026-01-14,2026-02-09,Direct enquiry,Open,1480000,2026-02-13T12:00:00Z,true,,Physiology,0,opportunities:00146,CRM,2026-09-29T23:00:00Z
SYN-OP-0018,SYN-CU-0008,SYN-BR-0005,SYN-EM-0008,2026-07-07,2026-07-27,Direct enquiry,Won,"PKR 4,960,000.00",2026-08-06T12:00:00Z,true,,Skills Laboratory,0,opportunities:00018,CRM,2026-09-29T23:00:00Z
SYN-OP-0077,SYN-CU-0026,SYN-BR-0004,SYN-EM-0005,2026-03-09,2026-03-18,Tender,Won,1090000,2026-04-08T12:00:00Z,true,ENQ-2026-0077,Mechanical Engineering,10,opportunities:00077,CRM,2026-09-29T23:00:00Z
SYN-OP-0149,SYN-CU-0040,SYN-BR-0004,SYN-EM-0004,2026-07-17,2026-08-05,Direct enquiry,Lost,4270000,2026-08-16T12:00:00Z,true,,Mechanical Engineering,0,opportunities:00149,CRM,2026-09-29T23:00:00Z
SYN-OP-0015,SYN-CU-0018,SYN-BR-0001,SYN-EM-0008,2026-02-11,2026-03-03,Tender,WON ,8500000,2026-03-13T12:00:00Z,true,ENQ-2026-0015,Physiology,10,opportunities:00015,CRM,2026-09-29T23:00:00Z
SYN-OP-0055,SYN-CU-0041,SYN-BR-0005,SYN-EM-0013,07-Jul-2026,2026-07-19,Direct enquiry,WON ,3370000,2026-08-06T12:00:00Z,true,,Civil Engineering,0,opportunities:00055,CRM,2026-09-29T23:00:00Z
SYN-OP-0138,SYN-CU-0051,SYN-BR-0003,SYN-EM-0007,2026-04-13,2026-05-06,Tender,Lost,"PKR 2,670,000.00",2026-05-13T12:00:00Z,true,ENQ-2026-0138,Electrical Engineering,10,opportunities:00138,CRM,2026-09-29T23:00:00Z
SYN-OP-0051,SYN-CU-0028,SYN-BR-0003,SYN-EM-0001,2026-02-03,2026-03-01,Tender,Won,9720000,2026-03-05T12:00:00Z,true,ENQ-2026-0051,Civil Engineering,10,opportunities:00051,CRM,2026-09-29T23:00:00Z
SYN-OP-0061,SYN-CU-0015,SYN-BR-0004,SYN-EM-0001,2026-06-06,2026-06-20,Direct enquiry,Won,6510000,2026-07-06T12:00:00Z,true,,Skills Laboratory,0,opportunities:00061,CRM,2026-09-29T23:00:00Z
SYN-OP-0007,SYN-CU-0037,SYN-BR-0005,SYN-EM-0008,2026-02-25,2026-03-21,Tender,Won,2740000,2026-03-27T12:00:00Z,true,ENQ-2026-0007,Mechanical Engineering,10,opportunities:00007,CRM,2026-09-29T23:00:00Z
SYN-OP-0016,SYN-CU-0051,SYN-BR-0005,SYN-EM-0003,2026-07-25,2026-08-16,Direct enquiry,Won,3530000,2026-08-24T12:00:00Z,true,,Civil Engineering,0,opportunities:00016,CRM,2026-09-29T23:00:00Z
SYN-OP-0162,SYN-CU-0005,SYN-BR-0005,SYN-EM-0006,2026-02-10,2026-03-03,Direct enquiry,Open,"PKR 2,920,000.00",2026-03-12T12:00:00Z,true,,Civil Engineering,0,opportunities:00162,CRM,2026-09-29T23:00:00Z
SYN-OP-0084,SYN-CU-0015,SYN-BR-0002,SYN-EM-0014,2026-06-08,2026-07-08,Direct enquiry,Won,7520000,2026-07-08T12:00:00Z,true,,Civil Engineering,0,opportunities:00084,CRM,2026-09-29T23:00:00Z
SYN-OP-0158,SYN-CU-0011,SYN-BR-0002,SYN-EM-0013,2026-05-12,2026-06-06,Tender,Lost,5140000,2026-06-11T12:00:00Z,true,ENQ-2026-0158,Civil Engineering,10,opportunities:00158,CRM,2026-09-29T23:00:00Z
SYN-OP-0142,SYN-CU-0043,SYN-BR-0004,SYN-EM-0010,2026-06-15,2026-07-06,Direct enquiry,Lost,5720000,2026-07-15T12:00:00Z,YES,,Civil Engineering,0,opportunities:00142,CRM,2026-09-29T23:00:00Z
SYN-OP-0114,SYN-CU-0059,SYN-BR-0004,SYN-EM-0015,2026-07-30,2026-08-23,Tender,Lost,"PKR 2,060,000.00",2026-08-29T12:00:00Z,true,ENQ-2026-0114,Water Research,10,opportunities:00114,CRM,2026-09-29T23:00:00Z
SYN-OP-0003,SYN-CU-0017,SYN-BR-0003,SYN-EM-0011,2026-01-15,2026-02-09,Direct enquiry,Won,9910000,2026-02-14T12:00:00Z,true,,Physiology,0,opportunities:00003,CRM,2026-09-29T23:00:00Z
SYN-OP-0133,SYN-CU-0022,SYN-BR-0004,SYN-EM-0013,2026-03-13,2026-03-28,Tender,Lost,4370000,2026-04-12T12:00:00Z,true,ENQ-2026-0133,Water Research,10,opportunities:00133,CRM,2026-09-29T23:00:00Z
SYN-OP-0032,SYN-CU-0045,SYN-BR-0004,SYN-EM-0005,2026-03-28,2026-04-13,Direct enquiry,Won,3320000,2026-04-27T12:00:00Z,true,,Water Research,0,opportunities:00032,CRM,2026-09-29T23:00:00Z
SYN-OP-0163,SYN-CU-0035,SYN-BR-0005,SYN-EM-0009,2026-06-02,2026-06-16,Tender,Open,390000,2026-07-02T12:00:00Z,true,ENQ-2026-0163,Physiology,10,opportunities:00163,CRM,2026-09-29T23:00:00Z
SYN-OP-0088,SYN-CU-0009,SYN-BR-0002,SYN-EM-0011,2026-06-04,2026-06-20,Direct enquiry,Won,5340000,2026-07-04T12:00:00Z,true,,Civil Engineering,0,opportunities:00088,CRM,2026-09-29T23:00:00Z
SYN-OP-0056,SYN-CU-0029,SYN-BR-0001,SYN-EM-0006,2026-04-10,2026-04-17,Direct enquiry,Won,6640000,2026-05-10T12:00:00Z,true,,Skills Laboratory,0,opportunities:00056,CRM,2026-09-29T23:00:00Z
SYN-OP-0059,SYN-CU-0007,SYN-BR-0001,SYN-EM-0015,2026-02-18,2026-03-02,Tender,Won,5590000,2026-03-20T12:00:00Z,true,ENQ-2026-0059,Mechanical Engineering,10,opportunities:00059,CRM,2026-09-29T23:00:00Z
SYN-OP-0095,SYN-CU-0021,SYN-BR-0004,SYN-EM-0008,2026-04-12,2026-04-21,Tender,WON ,1360000,2026-05-12T12:00:00Z,true,ENQ-2026-0095,Electrical Engineering,10,opportunities:00095,CRM,2026-09-29T23:00:00Z
SYN-OP-0111,SYN-CU-0010,SYN-BR-0001,SYN-EM-0001,2026-03-07,2026-03-21,Tender,Lost,9090000,2026-04-06T12:00:00Z,true,ENQ-2026-0111,Electrical Engineering,10,opportunities:00111,CRM,2026-09-29T23:00:00Z
SYN-OP-0170,SYN-CU-0024,SYN-BR-0004,SYN-EM-0004,2026-02-21,2026-03-09,Direct enquiry,Lost,9610000,2026-03-23T12:00:00Z,true,,Mechanical Engineering,0,opportunities:00170,CRM,2026-09-29T23:00:00Z
SYN-OP-0156,SYN-CU-0026,SYN-BR-0005,SYN-EM-0004,17/03/2026,2026-04-16,Direct enquiry,Open,2340000,2026-04-16T12:00:00Z,true,,Water Research,0,opportunities:DUP:00155,CRM,2026-09-29T23:00:00Z
SYN-OP-0011,SYN-CU-0005,SYN-BR-0002,SYN-EM-0010,2026-03-05,2026-03-16,Tender,Won,6310000,2026-04-04T12:00:00Z,true,ENQ-2026-0011,Water Research,10,opportunities:00011,CRM,2026-09-29T23:00:00Z
SYN-OP-0123,SYN-CU-0055,SYN-BR-0004,SYN-EM-0014,04/03/2026,2026-03-19,Direct enquiry,Open,870000,2026-04-03T12:00:00Z,YES,,Electrical Engineering,0,opportunities:00123,CRM,2026-09-29T23:00:00Z
SYN-OP-0090,SYN-CU-0058,SYN-BR-0003,SYN-EM-0002,05/07/2026,2026-07-26,Tender,Won,"PKR 5,460,000.00",2026-08-04T12:00:00Z,true,ENQ-2026-0090,Electrical Engineering,10,opportunities:00090,CRM,2026-09-29T23:00:00Z
SYN-OP-0107,SYN-CU-0031,SYN-BR-0003,SYN-EM-0013,2026-02-07,2026-03-03,Tender,Lost,5420000,2026-03-09T12:00:00Z,true,ENQ-2026-0107,Physiology,10,opportunities:00107,CRM,2026-09-29T23:00:00Z
SYN-OP-0151,SYN-CU-0009,SYN-BR-0005,SYN-EM-0005,2026-02-17,2026-03-09,Tender,Lost,1130000,2026-03-19T12:00:00Z,true,ENQ-2026-0151,Physiology,10,opportunities:00151,CRM,2026-09-29T23:00:00Z
SYN-OP-0006,SYN-CU-0004,SYN-BR-0001,SYN-EM-0012,2026-07-15,2026-08-12,Tender,Won,"PKR 1,080,000.00",2026-08-14T12:00:00Z,true,ENQ-2026-0006,Water Research,10,opportunities:00006,CRM,2026-09-29T23:00:00Z
SYN-OP-0017,SYN-CU-0048,SYN-BR-0002,SYN-EM-0004,2026-05-06,2026-06-01,Direct enquiry,Won,3360000,2026-06-05T12:00:00Z,true,,Water Research,0,opportunities:00017,CRM,2026-09-29T23:00:00Z
SYN-OP-0081,SYN-CU-0046,SYN-BR-0001,SYN-EM-0006,2026-07-14,2026-07-28,Direct enquiry,Won,4580000,2026-08-13T12:00:00Z,true,,Electrical Engineering,0,opportunities:00081,CRM,2026-09-29T23:00:00Z
SYN-OP-0129,SYN-CU-0025,SYN-BR-0001,SYN-EM-0009,2026-05-07,2026-06-05,Tender,Open,1110000,2026-06-06T12:00:00Z,true,ENQ-2026-0129,Mechanical Engineering,10,opportunities:00129,CRM,2026-09-29T23:00:00Z
SYN-OP-0104,SYN-CU-0053,SYN-BR-0002,SYN-EM-0005,2026-05-30,2026-06-09,Direct enquiry,Lost,170000,2026-06-29T12:00:00Z,YES,,Water Research,0,opportunities:00104,CRM,2026-09-29T23:00:00Z
SYN-OP-0044,SYN-CU-0031,SYN-BR-0002,SYN-EM-0005,2026-01-07,2026-01-25,Direct enquiry,Won,6530000,2026-02-06T12:00:00Z,true,,Electrical Engineering,0,opportunities:00044,CRM,2026-09-29T23:00:00Z
SYN-OP-0154,SYN-CU-0014,SYN-BR-0001,SYN-EM-0003,2026-05-05,2026-06-04,Direct enquiry,Lost,2950000,2026-06-04T12:00:00Z,true,,Skills Laboratory,0,opportunities:00154,CRM,2026-09-29T23:00:00Z
SYN-OP-0140,SYN-CU-0002,SYN-BR-0004,SYN-EM-0012,15-Feb-2026,2026-03-07,Direct enquiry,Lost,9620000,2026-03-17T12:00:00Z,true,,Civil Engineering,0,opportunities:00140,CRM,2026-09-29T23:00:00Z
SYN-OP-0164,SYN-CU-0034,SYN-BR-0003,SYN-EM-0008,2026-05-13,2026-06-04,Direct enquiry,Open,8390000,2026-06-12T12:00:00Z,true,,Skills Laboratory,0,opportunities:00164,CRM,2026-09-29T23:00:00Z
SYN-OP-0128,SYN-CU-0022,SYN-BR-0005,SYN-EM-0003,2026-03-01,2026-03-25,Tender,Open,5670000,2026-03-31T12:00:00Z,true,ENQ-2026-0128,Electrical Engineering,10,opportunities:00128,CRM,2026-09-29T23:00:00Z
SYN-OP-0001,SYN-CU-0055,SYN-BR-0005,SYN-EM-0008,2026-04-10,2026-05-07,Tender,Won,6270000,2026-05-10T12:00:00Z,true,ENQ-2026-0001,Electrical Engineering,10,opportunities:00001,CRM,2026-09-29T23:00:00Z
SYN-OP-0076,SYN-CU-0032,SYN-BR-0004,SYN-EM-0010,2026-07-05,2026-07-31,Direct enquiry,Won,1010000,2026-08-04T12:00:00Z,true,,Mechanical Engineering,0,opportunities:00076,CRM,2026-09-29T23:00:00Z
SYN-OP-0042,SYN-CU-0013,SYN-BR-0002,SYN-EM-0003,2026-04-28,2026-05-14,Tender,Won,"PKR 8,330,000.00",2026-05-28T12:00:00Z,true,ENQ-2026-0042,Water Research,10,opportunities:00042,CRM,2026-09-29T23:00:00Z
SYN-OP-0121,SYN-CU-0037,SYN-BR-0002,SYN-EM-0002,2026-05-08,2026-06-02,Direct enquiry,Lost,3740000,2026-06-07T12:00:00Z,true,,Mechanical Engineering,0,opportunities:00121,CRM,2026-09-29T23:00:00Z
SYN-OP-0156,SYN-CU-0026,SYN-BR-0005,SYN-EM-0004,17/03/2026,2026-04-16,Direct enquiry,Open,2340000,2026-04-16T12:00:00Z,true,,Water Research,0,opportunities:00156,CRM,2026-09-29T23:00:00Z
SYN-OP-0004,SYN-CU-0004,SYN-BR-0005,SYN-EM-0005,01-Jul-2026,2026-07-25,Direct enquiry,Won,8630000,2026-07-31T12:00:00Z,true,,Civil Engineering,0,opportunities:00004,CRM,2026-09-29T23:00:00Z
SYN-OP-0033,SYN-CU-0014,SYN-BR-0002,SYN-EM-0009,2026-03-11,2026-04-02,Direct enquiry,Won,5800000,2026-04-10T12:00:00Z,true,,Civil Engineering,0,opportunities:00033,CRM,2026-09-29T23:00:00Z
SYN-OP-0034,SYN-CU-0049,SYN-BR-0003,SYN-EM-0013,2026-05-29,2026-06-09,Direct enquiry,Won,1570000,2026-06-28T12:00:00Z,true,,Civil Engineering,0,opportunities:00034,CRM,2026-09-29T23:00:00Z
SYN-OP-0040,SYN-CU-0035,SYN-BR-0001,SYN-EM-0007,2026-02-14,2026-03-16,Tender,Won,5020000,2026-03-16T12:00:00Z,true,ENQ-2026-0040,Skills Laboratory,10,opportunities:00040,CRM,2026-09-29T23:00:00Z
SYN-OP-0094,SYN-CU-0055,SYN-BR-0003,SYN-EM-0005,2026-04-11,2026-04-23,Direct enquiry,Won,8530000,2026-05-11T12:00:00Z,true,,Electrical Engineering,0,opportunities:DUP:00093,CRM,2026-09-29T23:00:00Z
SYN-OP-0127,SYN-CU-0049,SYN-BR-0002,SYN-EM-0011,2026-07-28,2026-08-14,Direct enquiry,Lost,6790000,2026-08-27T12:00:00Z,true,,Civil Engineering,0,opportunities:00127,CRM,2026-09-29T23:00:00Z
SYN-OP-0071,SYN-CU-0057,SYN-BR-0004,SYN-EM-0006,2026-02-15,2026-02-28,Tender,Won,2240000,2026-03-17T12:00:00Z,true,ENQ-2026-0071,Physiology,10,opportunities:00071,CRM,2026-09-29T23:00:00Z
SYN-OP-0057,SYN-CU-0003,SYN-BR-0003,SYN-EM-0006,26/06/2026,2026-07-03,Tender,Won,5000000,2026-07-26T12:00:00Z,true,ENQ-2026-0057,Skills Laboratory,10,opportunities:00057,CRM,2026-09-29T23:00:00Z
SYN-OP-0108,SYN-CU-0018,SYN-BR-0002,SYN-EM-0014,2026-01-28,2026-02-21,Tender,Lost,480000,2026-02-27T12:00:00Z,true,ENQ-2026-0108,Water Research,10,opportunities:00108,CRM,2026-09-29T23:00:00Z
SYN-OP-0106,SYN-CU-0037,SYN-BR-0005,SYN-EM-0003,02-Jan-2026,2026-01-14,Tender,Lost,6100000,2026-02-01T12:00:00Z,true,ENQ-2026-0106,Skills Laboratory,10,opportunities:00106,CRM,2026-09-29T23:00:00Z
SYN-OP-0050,SYN-CU-0033,SYN-BR-0001,SYN-EM-0006,2026-04-06,2026-04-16,Direct enquiry,Won,7060000,2026-05-06T12:00:00Z,true,,Skills Laboratory,0,opportunities:00050,CRM,2026-09-29T23:00:00Z
SYN-OP-0096,SYN-CU-0054,SYN-BR-0005,SYN-EM-0010,2026-04-10,2026-04-29,Direct enquiry,Won,7380000,2026-05-10T12:00:00Z,true,,Mechanical Engineering,0,opportunities:00096,CRM,2026-09-29T23:00:00Z
SYN-OP-0113,SYN-CU-0002,SYN-BR-0004,SYN-EM-0003,2026-07-05,2026-07-20,Direct enquiry,Open,1500000,2026-08-04T12:00:00Z,true,,Water Research,0,opportunities:00113,CRM,2026-09-29T23:00:00Z
SYN-OP-0080,SYN-CU-0042,SYN-BR-0003,SYN-EM-0006,2026-04-16,2026-05-11,Direct enquiry,Won,3220000,2026-05-16T12:00:00Z,true,,Electrical Engineering,0,opportunities:00080,CRM,2026-09-29T23:00:00Z
SYN-OP-0179,SYN-CU-0006,SYN-BR-0004,SYN-EM-0014,2026-05-27,2026-06-10,Tender,Open,5220000,2026-06-26T12:00:00Z,true,ENQ-2026-0179,Mechanical Engineering,10,opportunities:00179,CRM,2026-09-29T23:00:00Z
SYN-OP-0157,SYN-CU-0029,SYN-BR-0005,SYN-EM-0015,10-May-2026,2026-06-01,Direct enquiry,Open,9230000,2026-06-09T12:00:00Z,true,,Water Research,0,opportunities:00157,CRM,2026-09-29T23:00:00Z
SYN-OP-0171,SYN-CU-0048,SYN-BR-0004,SYN-EM-0010,2026-07-22,2026-07-30,Direct enquiry,Lost,1710000,2026-08-21T12:00:00Z,true,,Mechanical Engineering,0,opportunities:00171,CRM,2026-09-29T23:00:00Z
SYN-OP-0045,SYN-CU-0037,SYN-BR-0004,SYN-EM-0008,2026-01-27,2026-02-22,Direct enquiry,WON ,280000,2026-02-26T12:00:00Z,true,,Civil Engineering,0,opportunities:00045,CRM,2026-09-29T23:00:00Z
SYN-OP-0063,SYN-CU-0049,SYN-BR-0005,SYN-EM-0004,2026-01-15,2026-02-11,Tender,Won,3800000,2026-02-14T12:00:00Z,true,ENQ-2026-0063,Water Research,10,opportunities:00063,CRM,2026-09-29T23:00:00Z
SYN-OP-0147,SYN-CU-0015,SYN-BR-0001,SYN-EM-0009,2026-07-07,2026-07-16,Direct enquiry,Open,2450000,2026-08-06T12:00:00Z,true,,Electrical Engineering,0,opportunities:00147,CRM,2026-09-29T23:00:00Z
SYN-OP-0085,SYN-CU-0013,SYN-BR-0004,SYN-EM-0001,2026-07-22,2026-08-20,Tender,WON ,390000,2026-08-21T12:00:00Z,YES,ENQ-2026-0085,Physiology,10,opportunities:00085,CRM,2026-09-29T23:00:00Z
SYN-OP-0002,SYN-CU-0057,SYN-BR-0001,SYN-EM-0013,23/04/2026,2026-05-11,Tender,Won,8270000,2026-05-23T12:00:00Z,true,ENQ-2026-0002,Civil Engineering,10,opportunities:00002,CRM,2026-09-29T23:00:00Z
SYN-OP-0174,SYN-CU-0058,SYN-BR-0005,SYN-EM-0003,27-Jan-2026,2026-02-24,Tender,Lost,"PKR 6,320,000.00",2026-02-26T12:00:00Z,true,ENQ-2026-0174,Water Research,10,opportunities:00174,CRM,2026-09-29T23:00:00Z
SYN-OP-0137,SYN-CU-0060,SYN-BR-0005,SYN-EM-0009,2026-03-10,2026-03-20,Direct enquiry,Lost,6470000,2026-04-09T12:00:00Z,true,,Skills Laboratory,0,opportunities:00137,CRM,2026-09-29T23:00:00Z
SYN-OP-0155,SYN-CU-0007,SYN-BR-0001,SYN-EM-0009,2026-04-07,2026-04-30,Direct enquiry,LOST ,5130000,2026-05-07T12:00:00Z,true,,Water Research,0,opportunities:00155,CRM,2026-09-29T23:00:00Z
SYN-OP-0141,SYN-CU-0021,SYN-BR-0005,SYN-EM-0006,2026-03-21,2026-04-19,Tender,Lost,5690000,2026-04-20T12:00:00Z,true,ENQ-2026-0141,Physiology,10,opportunities:00141,CRM,2026-09-29T23:00:00Z
SYN-OP-0093,SYN-CU-0022,SYN-BR-0001,SYN-EM-0010,2026-04-16,2026-05-10,Direct enquiry,Won,4280000,2026-05-16T12:00:00Z,true,,Civil Engineering,0,opportunities:00093,CRM,2026-09-29T23:00:00Z
SYN-OP-0082,SYN-CU-0032,SYN-BR-0001,SYN-EM-0002,2026-06-12,2026-06-23,Direct enquiry,Won,5410000,2026-07-12T12:00:00Z,true,,Skills Laboratory,0,opportunities:00082,CRM,2026-09-29T23:00:00Z
SYN-OP-0136,SYN-CU-0023,SYN-BR-0001,SYN-EM-0008,2026-02-26,2026-03-17,Direct enquiry,Lost,5740000,2026-03-28T12:00:00Z,true,,Skills Laboratory,0,opportunities:00136,CRM,2026-09-29T23:00:00Z
SYN-OP-0054,SYN-CU-0020,SYN-BR-0002,SYN-EM-0002,2026-01-04,2026-01-31,Tender,Won,"PKR 680,000.00",2026-02-03T12:00:00Z,true,ENQ-2026-0054,Skills Laboratory,10,opportunities:00054,CRM,2026-09-29T23:00:00Z
SYN-OP-0041,SYN-CU-0046,SYN-BR-0001,SYN-EM-0007,2026-01-07,2026-01-21,Direct enquiry,Won,9510000,2026-02-06T12:00:00Z,true,,Physiology,0,opportunities:00041,CRM,2026-09-29T23:00:00Z
SYN-OP-0065,SYN-CU-0035,SYN-BR-0001,SYN-EM-0002,2026-01-03,2026-01-16,Direct enquiry,WON ,4820000,2026-02-02T12:00:00Z,true,,Mechanical Engineering,0,opportunities:00065,CRM,2026-09-29T23:00:00Z
SYN-OP-0120,SYN-CU-0025,SYN-BR-0001,SYN-EM-0006,2026-07-01,2026-07-30,Tender,Lost,9370000,2026-07-31T12:00:00Z,true,ENQ-2026-0120,Mechanical Engineering,10,opportunities:00120,CRM,2026-09-29T23:00:00Z
SYN-OP-0117,SYN-CU-0052,SYN-BR-0001,SYN-EM-0014,2026-06-04,2026-07-04,Direct enquiry,Open,8890000,2026-07-04T12:00:00Z,true,,Mechanical Engineering,0,opportunities:00117,CRM,2026-09-29T23:00:00Z
SYN-OP-0130,SYN-CU-0023,SYN-BR-0004,SYN-EM-0013,2026-07-28,2026-08-13,Tender,Open,3280000,2026-08-27T12:00:00Z,true,ENQ-2026-0130,Water Research,10,opportunities:00130,CRM,2026-09-29T23:00:00Z
SYN-OP-0122,SYN-CU-0033,SYN-BR-0004,SYN-EM-0010,2026-07-20,2026-08-19,Direct enquiry,Open,2510000,2026-08-19T12:00:00Z,true,,Physiology,0,opportunities:00122,CRM,2026-09-29T23:00:00Z
SYN-OP-0119,SYN-CU-0017,SYN-BR-0005,SYN-EM-0015,2026-06-23,2026-07-23,Direct enquiry,Lost,1880000,2026-07-23T12:00:00Z,true,,Water Research,0,opportunities:00119,CRM,2026-09-29T23:00:00Z
SYN-OP-0064,SYN-CU-0014,SYN-BR-0002,SYN-EM-0009,2026-04-17,2026-05-13,Direct enquiry,Won,8450000,2026-05-17T12:00:00Z,true,,Skills Laboratory,0,opportunities:00064,CRM,2026-09-29T23:00:00Z
SYN-OP-0089,SYN-CU-0001,SYN-BR-0005,SYN-EM-0011,27-Jun-2026,2026-07-13,Direct enquiry,Won,690000,2026-07-27T12:00:00Z,true,,Water Research,0,opportunities:00089,CRM,2026-09-29T23:00:00Z
SYN-OP-0024,SYN-CU-0023,SYN-BR-0001,SYN-EM-0002,30/05/2026,2026-06-22,Tender,Won,7120000,2026-06-29T12:00:00Z,true,ENQ-2026-0024,Mechanical Engineering,10,opportunities:00024,CRM,2026-09-29T23:00:00Z
SYN-OP-0099,SYN-CU-0044,SYN-BR-0001,SYN-EM-0008,2026-07-17,2026-08-12,Tender,Won,7730000,2026-08-16T12:00:00Z,true,ENQ-2026-0099,Civil Engineering,10,opportunities:00099,CRM,2026-09-29T23:00:00Z
SYN-OP-0125,SYN-CU-0046,SYN-BR-0001,SYN-EM-0006,2026-04-14,2026-05-07,Tender,OPEN ,3520000,2026-05-14T12:00:00Z,true,ENQ-2026-0125,Water Research,10,opportunities:DUP:00124,CRM,2026-09-29T23:00:00Z
SYN-OP-0178,SYN-CU-0047,SYN-BR-0002,SYN-EM-0001,17/03/2026,2026-04-01,Direct enquiry,Lost,3970000,2026-04-16T12:00:00Z,true,,Skills Laboratory,0,opportunities:00178,CRM,2026-09-29T23:00:00Z
SYN-OP-0150,SYN-CU-0003,SYN-BR-0005,SYN-EM-0001,2026-05-18,2026-05-31,Direct enquiry,Open,"PKR 2,820,000.00",2026-06-17T12:00:00Z,true,,Physiology,0,opportunities:00150,CRM,2026-09-29T23:00:00Z
SYN-OP-0143,SYN-CU-0023,SYN-BR-0001,SYN-EM-0003,2026-02-04,2026-03-03,Direct enquiry,Open,5320000,2026-03-06T12:00:00Z,true,,Civil Engineering,0,opportunities:00143,CRM,2026-09-29T23:00:00Z
SYN-OP-0020,SYN-CU-0052,SYN-BR-0001,SYN-EM-0004,2026-03-02,2026-03-30,Direct enquiry,Won,7840000,2026-04-01T12:00:00Z,true,,Civil Engineering,0,opportunities:00020,CRM,2026-09-29T23:00:00Z
SYN-OP-0167,SYN-CU-0023,SYN-BR-0004,SYN-EM-0005,10/03/2026,2026-03-18,Tender,Lost,4920000,2026-04-09T12:00:00Z,true,ENQ-2026-0167,Electrical Engineering,10,opportunities:00167,CRM,2026-09-29T23:00:00Z
SYN-OP-0028,SYN-CU-0029,SYN-BR-0001,SYN-EM-0009,2026-07-30,2026-08-11,Direct enquiry,Won,4710000,2026-08-29T12:00:00Z,YES,,Physiology,0,opportunities:00028,CRM,2026-09-29T23:00:00Z
SYN-OP-0030,SYN-CU-0022,SYN-BR-0002,SYN-EM-0002,2026-01-07,2026-01-22,Direct enquiry,Won,"PKR 7,580,000.00",2026-02-06T12:00:00Z,true,,Civil Engineering,0,opportunities:00030,CRM,2026-09-29T23:00:00Z
SYN-OP-0058,SYN-CU-0020,SYN-BR-0005,SYN-EM-0001,2026-04-30,2026-05-13,Tender,Won,3290000,2026-05-30T12:00:00Z,true,ENQ-2026-0058,Water Research,10,opportunities:00058,CRM,2026-09-29T23:00:00Z
SYN-OP-0166,SYN-CU-0020,SYN-BR-0004,SYN-EM-0013,2026-04-05,2026-04-17,Tender,Lost,9770000,2026-05-05T12:00:00Z,true,ENQ-2026-0166,Skills Laboratory,10,opportunities:00166,CRM,2026-09-29T23:00:00Z
SYN-OP-0075,SYN-CU-0052,SYN-BR-0002,SYN-EM-0015,2026-03-27,2026-04-25,Direct enquiry,WON ,5600000,2026-04-26T12:00:00Z,true,,Skills Laboratory,0,opportunities:00075,CRM,2026-09-29T23:00:00Z
SYN-OP-0009,SYN-CU-0028,SYN-BR-0001,SYN-EM-0012,2026-01-07,2026-01-19,Tender,Won,2250000,2026-02-06T12:00:00Z,YES,ENQ-2026-0009,Civil Engineering,10,opportunities:00009,CRM,2026-09-29T23:00:00Z
SYN-OP-0139,SYN-CU-0008,SYN-BR-0001,SYN-EM-0014,2026-07-26,2026-08-19,Direct enquiry,Open,1160000,2026-08-25T12:00:00Z,true,,Physiology,0,opportunities:00139,CRM,2026-09-29T23:00:00Z
SYN-OP-0070,SYN-CU-0060,SYN-BR-0001,SYN-EM-0011,2026-05-31,2026-06-13,Tender,Won,1910000,2026-06-30T12:00:00Z,true,ENQ-2026-0070,Physiology,10,opportunities:00070,CRM,2026-09-29T23:00:00Z
SYN-OP-0175,SYN-CU-0005,SYN-BR-0004,SYN-EM-0003,2026-07-13,2026-07-21,Direct enquiry,OPEN ,240000,2026-08-12T12:00:00Z,true,,Civil Engineering,0,opportunities:00175,CRM,2026-09-29T23:00:00Z
SYN-OP-0094,SYN-CU-0055,SYN-BR-0003,SYN-EM-0005,2026-04-11,2026-04-23,Direct enquiry,Won,8530000,2026-05-11T12:00:00Z,true,,Electrical Engineering,0,opportunities:00094,CRM,2026-09-29T23:00:00Z
SYN-OP-0022,SYN-CU-0054,SYN-BR-0002,SYN-EM-0015,2026-04-01,2026-04-18,Direct enquiry,Won,4480000,2026-05-01T12:00:00Z,true,,Water Research,0,opportunities:00022,CRM,2026-09-29T23:00:00Z
SYN-OP-0035,SYN-CU-0019,SYN-BR-0002,SYN-EM-0009,16/03/2026,2026-04-12,Direct enquiry,WON ,3870000,2026-04-15T12:00:00Z,true,,Water Research,0,opportunities:00035,CRM,2026-09-29T23:00:00Z
SYN-OP-0037,SYN-CU-0014,SYN-BR-0004,SYN-EM-0005,2026-07-20,2026-07-30,Tender,Won,7450000,2026-08-19T12:00:00Z,true,ENQ-2026-0037,Civil Engineering,10,opportunities:00037,CRM,2026-09-29T23:00:00Z
SYN-OP-0008,SYN-CU-0028,SYN-BR-0005,SYN-EM-0005,2026-07-01,2026-07-23,Tender,Won,9640000,2026-07-31T12:00:00Z,true,ENQ-2026-0008,Skills Laboratory,10,opportunities:00008,CRM,2026-09-29T23:00:00Z
SYN-OP-0048,SYN-CU-0039,SYN-BR-0003,SYN-EM-0013,2026-03-29,2026-04-14,Tender,Won,3500000,2026-04-28T12:00:00Z,true,ENQ-2026-0048,Water Research,10,opportunities:00048,CRM,2026-09-29T23:00:00Z
SYN-OP-0086,SYN-CU-0020,SYN-BR-0004,SYN-EM-0007,2026-06-24,2026-07-07,Tender,Won,7830000,2026-07-24T12:00:00Z,true,ENQ-2026-0086,Skills Laboratory,10,opportunities:00086,CRM,2026-09-29T23:00:00Z
SYN-OP-0092,SYN-CU-0021,SYN-BR-0005,SYN-EM-0003,2026-03-25,2026-04-06,Direct enquiry,Won,7930000,2026-04-24T12:00:00Z,true,,Physiology,0,opportunities:00092,CRM,2026-09-29T23:00:00Z
SYN-OP-0074,SYN-CU-0014,SYN-BR-0003,SYN-EM-0009,2026-07-22,2026-08-14,Direct enquiry,Won,2650000,2026-08-21T12:00:00Z,true,,Civil Engineering,0,opportunities:00074,CRM,2026-09-29T23:00:00Z
SYN-OP-0049,SYN-CU-0007,SYN-BR-0002,SYN-EM-0015,2026-05-21,2026-05-28,Tender,Won,5900000,2026-06-20T12:00:00Z,true,ENQ-2026-0049,Water Research,10,opportunities:00049,CRM,2026-09-29T23:00:00Z
SYN-OP-0124,SYN-CU-0044,SYN-BR-0004,SYN-EM-0015,2026-03-05,2026-03-16,Tender,Lost,9440000,2026-04-04T12:00:00Z,true,ENQ-2026-0124,Electrical Engineering,10,opportunities:00124,CRM,2026-09-29T23:00:00Z
SYN-OP-0116,SYN-CU-0008,SYN-BR-0001,SYN-EM-0012,2026-06-07,2026-06-14,Direct enquiry,Open,870000,2026-07-07T12:00:00Z,true,,Physiology,0,opportunities:00116,CRM,2026-09-29T23:00:00Z
SYN-OP-0083,SYN-CU-0009,SYN-BR-0001,SYN-EM-0002,2026-06-27,2026-07-15,Direct enquiry,Won,4680000,2026-07-27T12:00:00Z,true,,Mechanical Engineering,0,opportunities:00083,CRM,2026-09-29T23:00:00Z
SYN-OP-0031,SYN-CU-0025,SYN-BR-0001,SYN-EM-0007,2026-07-17,2026-08-08,Direct enquiry,Won,9160000,2026-08-16T12:00:00Z,true,,Civil Engineering,0,opportunities:00031,CRM,2026-09-29T23:00:00Z
SYN-OP-0161,SYN-CU-0037,SYN-BR-0002,SYN-EM-0005,2026-03-09,2026-03-27,Direct enquiry,Open,8350000,2026-04-08T12:00:00Z,YES,,Electrical Engineering,0,opportunities:00161,CRM,2026-09-29T23:00:00Z
SYN-OP-0032,SYN-CU-0045,SYN-BR-0004,SYN-EM-0005,2026-03-28,2026-04-13,Direct enquiry,Won,3320000,2026-04-27T12:00:00Z,true,,Water Research,0,opportunities:DUP:00031,CRM,2026-09-29T23:00:00Z
SYN-OP-0176,SYN-CU-0017,SYN-BR-0001,SYN-EM-0005,2026-05-20,2026-06-06,Tender,Open,6480000,2026-06-19T12:00:00Z,true,ENQ-2026-0176,Electrical Engineering,10,opportunities:00176,CRM,2026-09-29T23:00:00Z
SYN-OP-0019,SYN-CU-0005,SYN-BR-0002,SYN-EM-0011,2026-04-04,2026-04-11,Tender,Won,5220000,2026-05-04T12:00:00Z,true,ENQ-2026-0019,Skills Laboratory,10,opportunities:00019,CRM,2026-09-29T23:00:00Z
SYN-OP-0165,SYN-CU-0014,SYN-BR-0002,SYN-EM-0005,2026-02-22,2026-03-21,Direct enquiry,OPEN ,2470000,2026-03-24T12:00:00Z,true,,Electrical Engineering,0,opportunities:00165,CRM,2026-09-29T23:00:00Z
SYN-OP-0102,SYN-CU-0018,SYN-BR-0005,SYN-EM-0011,2026-03-28,2026-04-25,Tender,Lost,"PKR 8,070,000.00",2026-04-27T12:00:00Z,true,ENQ-2026-0102,Electrical Engineering,10,opportunities:00102,CRM,2026-09-29T23:00:00Z
SYN-OP-0125,SYN-CU-0046,SYN-BR-0001,SYN-EM-0006,2026-04-14,2026-05-07,Tender,OPEN ,3520000,2026-05-14T12:00:00Z,true,ENQ-2026-0125,Water Research,10,opportunities:00125,CRM,2026-09-29T23:00:00Z
SYN-OP-0079,SYN-CU-0007,SYN-BR-0002,SYN-EM-0010,24/07/2026,2026-08-15,Direct enquiry,Won,3170000,2026-08-23T12:00:00Z,true,,Water Research,0,opportunities:00079,CRM,2026-09-29T23:00:00Z
SYN-OP-0097,SYN-CU-0054,SYN-BR-0005,SYN-EM-0005,2026-06-05,2026-06-14,Direct enquiry,Won,9830000,2026-07-05T12:00:00Z,true,,Electrical Engineering,0,opportunities:00097,CRM,2026-09-29T23:00:00Z
SYN-OP-0039,SYN-CU-0013,SYN-BR-0001,SYN-EM-0015,2026-02-03,2026-03-04,Tender,Won,9410000,2026-03-05T12:00:00Z,true,ENQ-2026-0039,Physiology,10,opportunities:00039,CRM,2026-09-29T23:00:00Z
SYN-OP-0153,SYN-CU-0055,SYN-BR-0004,SYN-EM-0014,2026-01-21,2026-02-20,Tender,Lost,5900000,2026-02-20T12:00:00Z,true,ENQ-2026-0153,Water Research,10,opportunities:00153,CRM,2026-09-29T23:00:00Z
SYN-OP-0072,SYN-CU-0053,SYN-BR-0002,SYN-EM-0002,28-Mar-2026,2026-04-10,Tender,Won,8640000,2026-04-27T12:00:00Z,true,ENQ-2026-0072,Civil Engineering,10,opportunities:00072,CRM,2026-09-29T23:00:00Z
SYN-OP-0098,SYN-CU-0015,SYN-BR-0001,SYN-EM-0015,2026-06-04,2026-06-14,Direct enquiry,Won,8570000,2026-07-04T12:00:00Z,true,,Civil Engineering,0,opportunities:00098,CRM,2026-09-29T23:00:00Z
SYN-OP-0144,SYN-CU-0031,SYN-BR-0002,SYN-EM-0010,2026-05-11,2026-05-29,Tender,Open,9750000,2026-06-10T12:00:00Z,true,ENQ-2026-0144,Physiology,10,opportunities:00144,CRM,2026-09-29T23:00:00Z
SYN-OP-0036,SYN-CU-0040,SYN-BR-0003,SYN-EM-0006,2026-04-09,2026-04-18,Tender,Won,9030000,2026-05-09T12:00:00Z,true,ENQ-2026-0036,Water Research,10,opportunities:00036,CRM,2026-09-29T23:00:00Z
SYN-OP-0060,SYN-CU-0053,SYN-BR-0004,SYN-EM-0001,2026-03-17,2026-03-30,Direct enquiry,Won,2920000,2026-04-16T12:00:00Z,true,,Skills Laboratory,0,opportunities:00060,CRM,2026-09-29T23:00:00Z
SYN-OP-0091,SYN-CU-0033,SYN-BR-0001,SYN-EM-0007,2026-03-29,2026-04-22,Tender,Won,8780000,2026-04-28T12:00:00Z,true,ENQ-2026-0091,Skills Laboratory,10,opportunities:00091,CRM,2026-09-29T23:00:00Z
SYN-OP-0103,SYN-CU-0045,SYN-BR-0005,SYN-EM-0004,2026-01-13,2026-01-24,Direct enquiry,Lost,8740000,2026-02-12T12:00:00Z,true,,Physiology,0,opportunities:00103,CRM,2026-09-29T23:00:00Z
SYN-OP-0043,SYN-CU-0036,SYN-BR-0004,SYN-EM-0009,2026-06-19,2026-06-30,Direct enquiry,Won,130000,2026-07-19T12:00:00Z,true,,Mechanical Engineering,0,opportunities:00043,CRM,2026-09-29T23:00:00Z
SYN-OP-0168,SYN-CU-0030,SYN-BR-0001,SYN-EM-0002,2026-06-05,2026-06-23,Tender,Lost,4900000,2026-07-05T12:00:00Z,true,ENQ-2026-0168,Water Research,10,opportunities:00168,CRM,2026-09-29T23:00:00Z
SYN-OP-0160,SYN-CU-0026,SYN-BR-0005,SYN-EM-0010,2026-07-13,2026-08-05,Direct enquiry,Open,2970000,2026-08-12T12:00:00Z,true,,Mechanical Engineering,0,opportunities:00160,CRM,2026-09-29T23:00:00Z
SYN-OP-0115,SYN-CU-0020,SYN-BR-0005,SYN-EM-0007,2026-05-30,2026-06-28,Tender,LOST ,2160000,2026-06-29T12:00:00Z,true,ENQ-2026-0115,Water Research,10,opportunities:00115,CRM,2026-09-29T23:00:00Z
SYN-OP-0073,SYN-CU-0004,SYN-BR-0004,SYN-EM-0001,2026-02-28,2026-03-23,Direct enquiry,Won,8450000,2026-03-30T12:00:00Z,true,,Water Research,0,opportunities:00073,CRM,2026-09-29T23:00:00Z
SYN-OP-0131,SYN-CU-0009,SYN-BR-0004,SYN-EM-0002,2026-07-22,2026-08-20,Tender,Lost,2650000,2026-08-21T12:00:00Z,true,ENQ-2026-0131,Civil Engineering,10,opportunities:00131,CRM,2026-09-29T23:00:00Z
SYN-OP-0014,SYN-CU-0035,SYN-BR-0005,SYN-EM-0013,2026-03-05,2026-03-23,Direct enquiry,Won,2960000,2026-04-04T12:00:00Z,true,,Mechanical Engineering,0,opportunities:00014,CRM,2026-09-29T23:00:00Z
SYN-OP-0118,SYN-CU-0013,SYN-BR-0003,SYN-EM-0007,2026-01-23,2026-02-16,Direct enquiry,Lost,3280000,2026-02-22T12:00:00Z,true,,Electrical Engineering,0,opportunities:00118,CRM,2026-09-29T23:00:00Z
SYN-OP-0023,SYN-CU-0040,SYN-BR-0004,SYN-EM-0006,2026-05-20,2026-06-05,Tender,Won,9820000,2026-06-19T12:00:00Z,true,ENQ-2026-0023,Civil Engineering,10,opportunities:00023,CRM,2026-09-29T23:00:00Z
SYN-OP-0132,SYN-CU-0044,SYN-BR-0001,SYN-EM-0005,2026-06-04,2026-06-23,Tender,Open,2800000,2026-07-04T12:00:00Z,true,ENQ-2026-0132,Mechanical Engineering,10,opportunities:00132,CRM,2026-09-29T23:00:00Z
SYN-OP-0105,SYN-CU-0021,SYN-BR-0001,SYN-EM-0004,2026-02-12,2026-03-05,Direct enquiry,OPEN ,3820000,2026-03-14T12:00:00Z,true,,Physiology,0,opportunities:00105,CRM,2026-09-29T23:00:00Z
SYN-OP-0177,SYN-CU-0019,SYN-BR-0005,SYN-EM-0003,2026-06-13,2026-06-22,Direct enquiry,Open,3750000,2026-07-13T12:00:00Z,true,,Skills Laboratory,0,opportunities:00177,CRM,2026-09-29T23:00:00Z
SYN-OP-0038,SYN-CU-0003,SYN-BR-0005,SYN-EM-0014,13-Jul-2026,2026-08-02,Direct enquiry,Won,9640000,2026-08-12T12:00:00Z,true,,Physiology,0,opportunities:00038,CRM,2026-09-29T23:00:00Z
SYN-OP-0027,SYN-CU-0025,SYN-BR-0004,SYN-EM-0015,2026-03-18,2026-04-01,Direct enquiry,Won,1500000,2026-04-17T12:00:00Z,true,,Civil Engineering,0,opportunities:00027,CRM,2026-09-29T23:00:00Z
SYN-OP-0109,SYN-CU-0016,SYN-BR-0003,SYN-EM-0010,2026-02-19,2026-03-11,Direct enquiry,Open,8840000,2026-03-21T12:00:00Z,true,,Physiology,0,opportunities:00109,CRM,2026-09-29T23:00:00Z
SYN-OP-0068,SYN-CU-0040,SYN-BR-0002,SYN-EM-0009,31/03/2026,2026-04-23,Direct enquiry,Won,7400000,2026-04-30T12:00:00Z,true,,Physiology,0,opportunities:00068,CRM,2026-09-29T23:00:00Z
SYN-OP-0062,SYN-CU-0048,SYN-BR-0001,SYN-EM-0001,2026-05-22,2026-06-07,Tender,Won,1320000,2026-06-21T12:00:00Z,true,ENQ-2026-0062,Physiology,10,opportunities:00062,CRM,2026-09-29T23:00:00Z
SYN-OP-0173,SYN-CU-0035,SYN-BR-0004,SYN-EM-0005,2026-07-16,2026-07-26,Direct enquiry,Lost,8010000,2026-08-15T12:00:00Z,true,,Water Research,0,opportunities:00173,CRM,2026-09-29T23:00:00Z
SYN-OP-0063,SYN-CU-0049,SYN-BR-0005,SYN-EM-0004,2026-01-15,2026-02-11,Tender,Won,3800000,2026-02-14T12:00:00Z,true,ENQ-2026-0063,Water Research,10,opportunities:DUP:00062,CRM,2026-09-29T23:00:00Z
SYN-OP-0112,SYN-CU-0046,SYN-BR-0005,SYN-EM-0005,03/04/2026,2026-04-17,Tender,Open,9240000,2026-05-03T12:00:00Z,true,ENQ-2026-0112,Mechanical Engineering,10,opportunities:00112,CRM,2026-09-29T23:00:00Z
SYN-OP-0135,SYN-CU-0046,SYN-BR-0004,SYN-EM-0002,2026-04-09,2026-04-19,Tender,OPEN ,6330000,2026-05-09T12:00:00Z,true,ENQ-2026-0135,Skills Laboratory,10,opportunities:00135,CRM,2026-09-29T23:00:00Z
SYN-OP-0066,SYN-CU-0010,SYN-BR-0002,SYN-EM-0003,2026-06-07,2026-06-26,Tender,Won,"PKR 7,570,000.00",2026-07-07T12:00:00Z,YES,ENQ-2026-0066,Skills Laboratory,10,opportunities:00066,CRM,2026-09-29T23:00:00Z
SYN-OP-0069,SYN-CU-0021,SYN-BR-0005,SYN-EM-0003,2026-04-07,2026-04-20,Tender,Won,9360000,2026-05-07T12:00:00Z,true,ENQ-2026-0069,Skills Laboratory,10,opportunities:00069,CRM,2026-09-29T23:00:00Z
SYN-OP-0148,SYN-CU-0048,SYN-BR-0004,SYN-EM-0009,2026-02-11,2026-02-19,Direct enquiry,Open,1570000,2026-03-13T12:00:00Z,true,,Civil Engineering,0,opportunities:00148,CRM,2026-09-29T23:00:00Z
SYN-OP-0013,SYN-CU-0018,SYN-BR-0002,SYN-EM-0013,11/01/2026,2026-01-31,Direct enquiry,Won,6270000,2026-02-10T12:00:00Z,true,,Physiology,0,opportunities:00013,CRM,2026-09-29T23:00:00Z
SYN-OP-0145,SYN-CU-0008,SYN-BR-0004,SYN-EM-0004,17/04/2026,2026-05-14,Direct enquiry,LOST ,5430000,2026-05-17T12:00:00Z,true,,Civil Engineering,0,opportunities:00145,CRM,2026-09-29T23:00:00Z
SYN-OP-0010,SYN-CU-0031,SYN-BR-0002,SYN-EM-0001,2026-02-02,2026-02-22,Direct enquiry,Won,6510000,2026-03-04T12:00:00Z,true,,Civil Engineering,0,opportunities:00010,CRM,2026-09-29T23:00:00Z
SYN-OP-0052,SYN-CU-0016,SYN-BR-0005,SYN-EM-0011,2026-02-20,2026-03-21,Tender,Won,6380000,2026-03-22T12:00:00Z,true,ENQ-2026-0052,Water Research,10,opportunities:00052,CRM,2026-09-29T23:00:00Z
SYN-OP-0172,SYN-CU-0006,SYN-BR-0001,SYN-EM-0007,2026-02-11,2026-03-03,Direct enquiry,Open,8730000,2026-03-13T12:00:00Z,true,,Skills Laboratory,0,opportunities:00172,CRM,2026-09-29T23:00:00Z
SYN-OP-0087,SYN-CU-0040,SYN-BR-0002,SYN-EM-0012,2026-07-10,2026-07-29,Direct enquiry,Won,2240000,2026-08-09T12:00:00Z,true,,Mechanical Engineering,0,opportunities:00087,CRM,2026-09-29T23:00:00Z
SYN-OP-0110,SYN-CU-0001,SYN-BR-0003,SYN-EM-0008,2026-02-12,2026-03-07,Direct enquiry,Open,6880000,2026-03-14T12:00:00Z,true,,Water Research,0,opportunities:00110,CRM,2026-09-29T23:00:00Z
SYN-OP-0025,SYN-CU-0035,SYN-BR-0003,SYN-EM-0013,2026-06-27,2026-07-22,Tender,WON ,8250000,2026-07-27T12:00:00Z,true,ENQ-2026-0025,Physiology,10,opportunities:00025,CRM,2026-09-29T23:00:00Z
SYN-OP-0180,SYN-CU-0011,SYN-BR-0004,SYN-EM-0004,2026-04-15,2026-05-03,Tender,Lost,4760000,2026-05-15T12:00:00Z,YES,ENQ-2026-0180,Physiology,10,opportunities:00180,CRM,2026-09-29T23:00:00Z
SYN-OP-0134,SYN-CU-0014,SYN-BR-0002,SYN-EM-0001,22/04/2026,2026-05-22,Direct enquiry,Lost,9350000,2026-05-22T12:00:00Z,true,,Civil Engineering,0,opportunities:00134,CRM,2026-09-29T23:00:00Z
