payment_id,invoice_id,payment_date,amount_pkr,method,updated_at,is_synthetic,_source_row_id,_source_system,_extract_at
SYN-PA-0029,SYN-IV-0042,2026-06-13,23098500,Bank transfer,2026-06-13T12:00:00Z,true,payments:00029,Finance,2026-09-29T23:00:00Z
SYN-PA-0056,SYN-IV-0077,2026-04-17,15795000,Cheque,2026-04-17T12:00:00Z,true,payments:00056,Finance,2026-09-29T23:00:00Z
SYN-PA-0032,SYN-IV-0049,2026-06-27,3138750,Bank transfer,2026-06-27T12:00:00Z,true,payments:00032,Finance,2026-09-29T23:00:00Z
SYN-PA-0002,SYN-IV-0003,11/03/2026,31630500,Cheque,2026-03-11T12:00:00Z,true,payments:00002,Finance,2026-09-29T23:00:00Z
SYN-PA-0007,SYN-IV-0008,2026-08-22,17583075,Cheque,2026-08-22T12:00:00Z,true,payments:00007,Finance,2026-09-29T23:00:00Z
SYN-PA-0034,SYN-IV-0052,2026-04-20,9272475,Bank transfer,2026-04-20T12:00:00Z,true,payments:00034,Finance,2026-09-29T23:00:00Z
SYN-PA-0037,SYN-IV-0056,2026-05-17,17736975,Cheque,2026-05-17T12:00:00Z,true,payments:00037,Finance,2026-09-29T23:00:00Z
SYN-PA-0030,SYN-IV-0045,2026-03-24,"PKR 7,873,200.00",Bank transfer,2026-03-24T12:00:00Z,true,payments:00030,Finance,2026-09-29T23:00:00Z
SYN-PA-0058,SYN-IV-0080,2026-06-10,2898787.5,Cheque,2026-06-10T12:00:00Z,true,payments:00058,Finance,2026-09-29T23:00:00Z
SYN-PA-0016,SYN-IV-0022,2026-05-18,15079500,Bank transfer,2026-05-18T12:00:00Z,true,payments:00016,Finance,2026-09-29T23:00:00Z
SYN-PA-0015,SYN-IV-0020,2026-04-29,13099725,Cheque,2026-04-29T12:00:00Z,true,payments:00015,Finance,2026-09-29T23:00:00Z
SYN-PA-0024,SYN-IV-0034,09/07/2026,28370250,Cheque,2026-07-09T12:00:00Z,true,payments:00024,Finance,2026-09-29T23:00:00Z
SYN-PA-0025,SYN-IV-0036,2026-05-18,20736675,Bank transfer,2026-05-18T12:00:00Z,true,payments:00025,Finance,2026-09-29T23:00:00Z
SYN-PA-0048,SYN-IV-0069,2026-05-20,8893800,Bank transfer,2026-05-20T12:00:00Z,true,payments:00048,Finance,2026-09-29T23:00:00Z
SYN-PA-0041,SYN-IV-0061,2026-07-20,8370000,Cheque,2026-07-20T12:00:00Z,true,payments:00041,Finance,2026-09-29T23:00:00Z
SYN-PA-0054,SYN-IV-0075,2026-05-25,"PKR 173,137.50",Bank transfer,2026-05-25T12:00:00Z,true,payments:00054,Finance,2026-09-29T23:00:00Z
SYN-PA-0012,SYN-IV-0017,2026-07-01,14269500,Bank transfer,2026-07-01T12:00:00Z,true,payments:00012,Finance,2026-09-29T23:00:00Z
SYN-PA-0032,SYN-IV-0049,2026-06-27,3138750,Bank transfer,2026-06-27T12:00:00Z,true,payments:DUP:00031,Finance,2026-09-29T23:00:00Z
SYN-PA-0050,SYN-IV-0071,2026-03-30,12388950,Bank transfer,2026-03-30T12:00:00Z,true,payments:00050,Finance,2026-09-29T23:00:00Z
SYN-PA-0013,SYN-IV-0018,26/08/2026,3873150,Cheque,2026-08-26T12:00:00Z,true,payments:00013,Finance,2026-09-29T23:00:00Z
SYN-PA-0001,SYN-IV-0002,2026-06-10,3456000,Bank transfer,2026-06-10T12:00:00Z,true,payments:DUP:00000,Finance,2026-09-29T23:00:00Z
SYN-PA-0018,SYN-IV-0025,2026-08-21,"PKR 15,844,950.00",Cheque,2026-08-21T12:00:00Z,true,payments:00018,Finance,2026-09-29T23:00:00Z
SYN-PA-0022,SYN-IV-0031,2026-09-07,11703150,Bank transfer,2026-09-07T12:00:00Z,true,payments:00022,Finance,2026-09-29T23:00:00Z
SYN-PA-0017,SYN-IV-0024,2026-07-22,18156150,Bank transfer,2026-07-22T12:00:00Z,true,payments:00017,Finance,2026-09-29T23:00:00Z
SYN-PA-0053,SYN-IV-0074,2026-09-13,15662700,Cheque,2026-09-13T12:00:00Z,true,payments:00053,Finance,2026-09-29T23:00:00Z
SYN-PA-0042,SYN-IV-0062,2026-07-07,"PKR 13,635,000.00",Cheque,2026-07-07T12:00:00Z,true,payments:00042,Finance,2026-09-29T23:00:00Z
SYN-PA-0001,SYN-IV-0002,2026-06-10,3456000,Bank transfer,2026-06-10T12:00:00Z,true,payments:00001,Finance,2026-09-29T23:00:00Z
SYN-PA-0023,SYN-IV-0032,2026-05-13,29390175,Cheque,2026-05-13T12:00:00Z,true,payments:00023,Finance,2026-09-29T23:00:00Z
SYN-PA-0047,SYN-IV-0068,2026-05-23,6266025,Cheque,2026-05-23T12:00:00Z,YES,payments:00047,Finance,2026-09-29T23:00:00Z
SYN-PA-0028,SYN-IV-0041,2026-02-20,13868550,Bank transfer,2026-02-20T12:00:00Z,YES,payments:00028,Finance,2026-09-29T23:00:00Z
SYN-PA-0014,SYN-IV-0019,2026-05-11,11612700,Bank transfer,2026-05-11T12:00:00Z,true,payments:00014,Finance,2026-09-29T23:00:00Z
SYN-PA-0044,SYN-IV-0064,2026-06-12,11610000,Cheque,2026-06-12T12:00:00Z,true,payments:00044,Finance,2026-09-29T23:00:00Z
SYN-PA-0010,SYN-IV-0011,2026-04-15,8114850,Cheque,2026-04-15T12:00:00Z,true,payments:00010,Finance,2026-09-29T23:00:00Z
SYN-PA-0049,SYN-IV-0070,2026-07-13,19427850,Bank transfer,2026-07-13T12:00:00Z,true,payments:00049,Finance,2026-09-29T23:00:00Z
SYN-PA-0043,SYN-IV-0063,2026-03-13,19745100,Bank transfer,2026-03-13T12:00:00Z,true,payments:00043,Finance,2026-09-29T23:00:00Z
SYN-PA-0035,SYN-IV-0053,14/09/2026,15592500,Bank transfer,2026-09-14T12:00:00Z,true,payments:00035,Finance,2026-09-29T23:00:00Z
SYN-PA-0006,SYN-IV-0007,2026-04-20,"PKR 9,310,950.00",Cheque,2026-04-20T12:00:00Z,true,payments:00006,Finance,2026-09-29T23:00:00Z
SYN-PA-0038,SYN-IV-0057,02-Aug-2026,5994000,Bank transfer,2026-08-02T12:00:00Z,true,payments:00038,Finance,2026-09-29T23:00:00Z
SYN-PA-0051,SYN-IV-0072,2026-05-10,4919400,Cheque,2026-05-10T12:00:00Z,true,payments:00051,Finance,2026-09-29T23:00:00Z
SYN-PA-0005,SYN-IV-0006,2026-09-11,21558150,Bank transfer,2026-09-11T12:00:00Z,true,payments:00005,Finance,2026-09-29T23:00:00Z
SYN-PA-0046,SYN-IV-0066,26/07/2026,15218550,Cheque,2026-07-26T12:00:00Z,true,payments:00046,Finance,2026-09-29T23:00:00Z
SYN-PA-0008,SYN-IV-0009,2026-02-18,18996525,Bank transfer,2026-02-18T12:00:00Z,true,payments:00008,Finance,2026-09-29T23:00:00Z
SYN-PA-0004,SYN-IV-0005,03-Aug-2026,15441300,Cheque,2026-08-03T12:00:00Z,true,payments:00004,Finance,2026-09-29T23:00:00Z
SYN-PA-0027,SYN-IV-0040,2026-04-15,10223550,Cheque,2026-04-15T12:00:00Z,true,payments:00027,Finance,2026-09-29T23:00:00Z
SYN-PA-0020,SYN-IV-0027,2026-05-01,10621125,Cheque,2026-05-01T12:00:00Z,true,payments:00020,Finance,2026-09-29T23:00:00Z
SYN-PA-0045,SYN-IV-0065,2026-02-15,11718000,Bank transfer,2026-02-15T12:00:00Z,true,payments:00045,Finance,2026-09-29T23:00:00Z
SYN-PA-0055,SYN-IV-0076,30-Aug-2026,20530800,Cheque,2026-08-30T12:00:00Z,true,payments:00055,Finance,2026-09-29T23:00:00Z
SYN-PA-0011,SYN-IV-0012,2026-04-18,999999999,Cheque,2026-04-18T12:00:00Z,true,payments:00011,Finance,2026-09-29T23:00:00Z
SYN-PA-0033,SYN-IV-0050,2026-05-16,3680775,Cheque,2026-05-16T12:00:00Z,true,payments:00033,Finance,2026-09-29T23:00:00Z
SYN-PA-0009,SYN-IV-0010,2026-03-24,13741650,Cheque,2026-03-24T12:00:00Z,YES,payments:00009,Finance,2026-09-29T23:00:00Z
SYN-PA-0036,SYN-IV-0055,2026-08-18,11299500,Bank transfer,2026-08-18T12:00:00Z,true,payments:00036,Finance,2026-09-29T23:00:00Z
SYN-PA-0040,SYN-IV-0059,2026-04-01,4924800,Bank transfer,2026-04-01T12:00:00Z,true,payments:00040,Finance,2026-09-29T23:00:00Z
SYN-PA-0052,SYN-IV-0073,2026-04-22,9445612.5,Bank transfer,2026-04-22T12:00:00Z,true,payments:00052,Finance,2026-09-29T23:00:00Z
SYN-PA-0039,SYN-IV-0058,2026-06-12,8442900,Bank transfer,2026-06-12T12:00:00Z,true,payments:00039,Finance,2026-09-29T23:00:00Z
SYN-PA-0019,SYN-IV-0026,2026-02-23,30334500,Bank transfer,2026-02-23T12:00:00Z,true,payments:00019,Finance,2026-09-29T23:00:00Z
SYN-PA-0026,SYN-IV-0038,2026-09-01,33127650,Bank transfer,2026-09-01T12:00:00Z,true,payments:00026,Finance,2026-09-29T23:00:00Z
SYN-PA-0021,SYN-IV-0028,10-Sep-2026,6277500,Bank transfer,2026-09-10T12:00:00Z,true,payments:00021,Finance,2026-09-29T23:00:00Z
SYN-PA-0031,SYN-IV-0046,2026-06-01,12295800,Cheque,2026-06-01T12:00:00Z,true,payments:00031,Finance,2026-09-29T23:00:00Z
SYN-PA-0003,SYN-IV-0004,2026-08-24,2284200,Bank transfer,2026-08-24T12:00:00Z,true,payments:00003,Finance,2026-09-29T23:00:00Z
SYN-PA-0057,SYN-IV-0078,31/05/2026,14908050,Bank transfer,2026-05-31T12:00:00Z,true,payments:00057,Finance,2026-09-29T23:00:00Z
