product_id,product_name,category,supplier_id,model_code,unit,standard_cost_pkr,list_price_pkr,warranty_months,reorder_level,updated_at,is_synthetic,reference_brand,brand_basis,_source_row_id,_source_system,_extract_at
SYN-PR-0005,Electronics training platform Configuration 1,Electrical engineering,SYN-SU-0005,PIC-DEMO-005,Each,760000,1026000,12,3,2026-01-01T12:00:00Z,true,Nida Corporation,Website category reference; fictional SKU and supplier relationship,products:00005,Operations,2026-09-29T23:00:00Z
SYN-PR-0028,Laboratory research training system Configuration 3,Life science research,SYN-SU-0004,PIC-DEMO-028,Each,1880000,2538000,24,2,2026-01-01T12:00:00Z,YES,Panlab - Harvard Apparatus,Website category reference; fictional SKU and supplier relationship,products:00028,Operations,2026-09-29T23:00:00Z
SYN-PR-0023,Electrical measurement instrument Configuration 2,Instrumentation,SYN-SU-0011,PIC-DEMO-023,Each,3000000,4050000,12,2,2026-01-01T12:00:00Z,true,Fluke,Website category reference; fictional SKU and supplier relationship,products:00023,Operations,2026-09-29T23:00:00Z
SYN-PR-0041,Electronics training platform Configuration 4,Electrical engineering,SYN-SU-0005,PIC-DEMO-041,Each,910000,1228500,24,4,2026-01-01T12:00:00Z,true,Nida Corporation,Website category reference; fictional SKU and supplier relationship,products:00041,Operations,2026-09-29T23:00:00Z
SYN-PR-0001,Physiology teaching system Configuration 1,Medical education,SYN-SU-0001,PIC-DEMO-001,Each,4400000,5940000,24,1,2026-01-01T12:00:00Z,true,ADInstruments,Website category reference; fictional SKU and supplier relationship,products:DUP:00000,Operations,2026-09-29T23:00:00Z
SYN-PR-0016,  Laboratory research training system Configuration 2  ,Life science research,SYN-SU-0004,PIC-DEMO-016,Each,1090000,1471500,12,3,2026-01-01T12:00:00Z,true,Panlab - Harvard Apparatus,Website category reference; fictional SKU and supplier relationship,products:00016,Operations,2026-09-29T23:00:00Z
SYN-PR-0031,Concrete testing machine Configuration 3,Civil engineering,SYN-SU-0007,PIC-DEMO-031,Each,3120000,4212000,12,3,2026-01-01T12:00:00Z,true,Hira Laboratory,Website category reference; fictional SKU and supplier relationship,products:00031,Operations,2026-09-29T23:00:00Z
SYN-PR-0045,Renewable energy training system Configuration 4,Energy engineering,SYN-SU-0009,PIC-DEMO-045,Each,1810000,2443500,12,2,2026-01-01T12:00:00Z,true,EDIBON,Website category reference; fictional SKU and supplier relationship,products:00045,Operations,2026-09-29T23:00:00Z
SYN-PR-0025,Physiology teaching system Configuration 3,Medical education,SYN-SU-0001,PIC-DEMO-025,Each,1920000,2592000,24,3,2026-01-01T12:00:00Z,true,ADInstruments,Website category reference; fictional SKU and supplier relationship,products:00025,Operations,2026-09-29T23:00:00Z
SYN-PR-0035,Electrical measurement instrument Configuration 3,Instrumentation,SYN-SU-0011,PIC-DEMO-035,Each,4150000,5602500,12,1,2026-01-01T12:00:00Z,true,Fluke,Website category reference; fictional SKU and supplier relationship,products:00035,Operations,2026-09-29T23:00:00Z
SYN-PR-0003,  Clinical skills simulator Configuration 1  ,Medical education,SYN-SU-0003,PIC-DEMO-003,Each,1550000,2092500,12,3,2026-01-01T12:00:00Z,true,Simulation equipment (unverified brand),Website category reference; fictional SKU and supplier relationship,products:00003,Operations,2026-09-29T23:00:00Z
SYN-PR-0027,Clinical skills simulator Configuration 3,Medical education,SYN-SU-0003,PIC-DEMO-027,Each,3470000,4684500,12,4,2026-01-01T12:00:00Z,true,Simulation equipment (unverified brand),Website category reference; fictional SKU and supplier relationship,products:00027,Operations,2026-09-29T23:00:00Z
SYN-PR-0013,Physiology teaching system Configuration 2,Medical education,SYN-SU-0001,PIC-DEMO-013,Each,3230000,4360500,12,3,2026-01-01T12:00:00Z,true,ADInstruments,Website category reference; fictional SKU and supplier relationship,products:00013,Operations,2026-09-29T23:00:00Z
SYN-PR-0042,  IC engine training rig Configuration 4  ,Mechanical engineering,SYN-SU-0006,PIC-DEMO-042,Each,"PKR 4,280,000.00",5778000,24,3,2026-01-01T12:00:00Z,true,Mega Tech,Website category reference; fictional SKU and supplier relationship,products:00042,Operations,2026-09-29T23:00:00Z
SYN-PR-0001,Physiology teaching system Configuration 1,Medical education,SYN-SU-0001,PIC-DEMO-001,Each,4400000,5940000,24,1,2026-01-01T12:00:00Z,true,ADInstruments,Website category reference; fictional SKU and supplier relationship,products:00001,Operations,2026-09-29T23:00:00Z
SYN-PR-0044,Hydraulics teaching bench Configuration 4,Water engineering,SYN-SU-0008,PIC-DEMO-044,Each,4340000,5859000,24,1,2026-01-01T12:00:00Z,true,EDIBON,Website category reference; fictional SKU and supplier relationship,products:00044,Operations,2026-09-29T23:00:00Z
SYN-PR-0008,Hydraulics teaching bench Configuration 1,Water engineering,SYN-SU-0008,PIC-DEMO-008,Each,4090000,5521500,24,3,2026-01-01T12:00:00Z,true,EDIBON,Website category reference; fictional SKU and supplier relationship,products:00008,Operations,2026-09-29T23:00:00Z
SYN-PR-0004,Laboratory research training system Configuration 1,Life science research,SYN-SU-0004,PIC-DEMO-004,Each,4650000,6277500,24,1,2026-01-01T12:00:00Z,true,Panlab - Harvard Apparatus,Website category reference; fictional SKU and supplier relationship,products:00004,Operations,2026-09-29T23:00:00Z
SYN-PR-0012,Automotive diagnostic trainer Configuration 1,Automotive education,SYN-SU-0012,PIC-DEMO-012,Each,4210000,5683500,24,1,2026-01-01T12:00:00Z,true,Mega Tech,Website category reference; fictional SKU and supplier relationship,products:00012,Operations,2026-09-29T23:00:00Z
SYN-PR-0029,  Electronics training platform Configuration 3  ,Electrical engineering,SYN-SU-0005,PIC-DEMO-029,Each,4750000,6412500,12,1,2026-01-01T12:00:00Z,true,Nida Corporation,Website category reference; fictional SKU and supplier relationship,products:00029,Operations,2026-09-29T23:00:00Z
SYN-PR-0015,Clinical skills simulator Configuration 2,Medical education,SYN-SU-0003,PIC-DEMO-015,Each,3350000,4522500,24,1,2026-01-01T12:00:00Z,true,Simulation equipment (unverified brand),Website category reference; fictional SKU and supplier relationship,products:00015,Operations,2026-09-29T23:00:00Z
SYN-PR-0040,Laboratory research training system Configuration 4,Life science research,SYN-SU-0004,PIC-DEMO-040,Each,4840000,6534000,12,2,2026-01-01T12:00:00Z,true,Panlab - Harvard Apparatus,Website category reference; fictional SKU and supplier relationship,products:00040,Operations,2026-09-29T23:00:00Z
SYN-PR-0039,Clinical skills simulator Configuration 4,Medical education,SYN-SU-0003,PIC-DEMO-039,Each,3040000,4104000,12,2,2026-01-01T12:00:00Z,true,Simulation equipment (unverified brand),Website category reference; fictional SKU and supplier relationship,products:00039,Operations,2026-09-29T23:00:00Z
SYN-PR-0046,CNC training system Configuration 4,Manufacturing engineering,SYN-SU-0010,PIC-DEMO-046,Each,1360000,1836000,24,4,2026-01-01T12:00:00Z,true,CNC equipment (unverified brand),Website category reference; fictional SKU and supplier relationship,products:00046,Operations,2026-09-29T23:00:00Z
SYN-PR-0017,Electronics training platform Configuration 2,Electrical engineering,SYN-SU-0005,PIC-DEMO-017,Each,4170000,5629500,24,3,2026-01-01T12:00:00Z,true,Nida Corporation,Website category reference; fictional SKU and supplier relationship,products:00017,Operations,2026-09-29T23:00:00Z
SYN-PR-0048,Automotive diagnostic trainer Configuration 4,Automotive education,SYN-SU-0012,PIC-DEMO-048,Each,1890000,2551500,24,2,2026-01-01T12:00:00Z,true,Mega Tech,Website category reference; fictional SKU and supplier relationship,products:00048,Operations,2026-09-29T23:00:00Z
SYN-PR-0002,Anatomical teaching model Configuration 1,Medical education,SYN-SU-0002,PIC-DEMO-002,Each,4910000,6628500,24,2,2026-01-01T12:00:00Z,true,Denoyer-Geppert,Website category reference; fictional SKU and supplier relationship,products:00002,Operations,2026-09-29T23:00:00Z
SYN-PR-0021,Renewable energy training system Configuration 2,Energy engineering,SYN-SU-0009,PIC-DEMO-021,Each,unknown,364500,12,3,2026-01-01T12:00:00Z,true,EDIBON,Website category reference; fictional SKU and supplier relationship,products:00021,Operations,2026-09-29T23:00:00Z
SYN-PR-0036,Automotive diagnostic trainer Configuration 3,Automotive education,SYN-SU-0012,PIC-DEMO-036,Each,4930000,6655500,12,2,2026-01-01T12:00:00Z,true,Mega Tech,Website category reference; fictional SKU and supplier relationship,products:00036,Operations,2026-09-29T23:00:00Z
SYN-PR-0019,Concrete testing machine Configuration 2,Civil engineering,SYN-SU-0007,PIC-DEMO-019,Each,4440000,5994000,12,2,2026-01-01T12:00:00Z,true,Hira Laboratory,Website category reference; fictional SKU and supplier relationship,products:00019,Operations,2026-09-29T23:00:00Z
SYN-PR-0033,Renewable energy training system Configuration 3,Energy engineering,SYN-SU-0009,PIC-DEMO-033,Each,2560000,3456000,24,2,2026-01-01T12:00:00Z,true,EDIBON,Website category reference; fictional SKU and supplier relationship,products:00033,Operations,2026-09-29T23:00:00Z
SYN-PR-0020,Hydraulics teaching bench Configuration 2,Water engineering,SYN-SU-0008,PIC-DEMO-020,Each,4260000,5751000,24,4,2026-01-01T12:00:00Z,true,EDIBON,Website category reference; fictional SKU and supplier relationship,products:00020,Operations,2026-09-29T23:00:00Z
SYN-PR-0032,Hydraulics teaching bench Configuration 3,Water engineering,SYN-SU-0008,PIC-DEMO-032,Each,570000,769500,24,4,2026-01-01T12:00:00Z,true,EDIBON,Website category reference; fictional SKU and supplier relationship,products:DUP:00031,Operations,2026-09-29T23:00:00Z
SYN-PR-0009,Renewable energy training system Configuration 1,Energy engineering,SYN-SU-0009,PIC-DEMO-009,Each,960000,1296000,12,3,2026-01-01T12:00:00Z,YES,EDIBON,Website category reference; fictional SKU and supplier relationship,products:00009,Operations,2026-09-29T23:00:00Z
SYN-PR-0011,Electrical measurement instrument Configuration 1,Instrumentation,SYN-SU-0011,PIC-DEMO-011,Each,2870000,3874500,12,2,2026-01-01T12:00:00Z,true,Fluke,Website category reference; fictional SKU and supplier relationship,products:00011,Operations,2026-09-29T23:00:00Z
SYN-PR-0038,Anatomical teaching model Configuration 4,Medical education,SYN-SU-0002,PIC-DEMO-038,Each,4820000,6507000,24,1,2026-01-01T12:00:00Z,true,Denoyer-Geppert,Website category reference; fictional SKU and supplier relationship,products:00038,Operations,2026-09-29T23:00:00Z
SYN-PR-0007,Concrete testing machine Configuration 1,Civil engineering,SYN-SU-0007,PIC-DEMO-007,Each,1510000,2038500,24,3,2026-01-01T12:00:00Z,true,Hira Laboratory,Website category reference; fictional SKU and supplier relationship,products:00007,Operations,2026-09-29T23:00:00Z
SYN-PR-0030,IC engine training rig Configuration 3,Mechanical engineering,SYN-SU-0006,PIC-DEMO-030,Each,"PKR 3,170,000.00",4279500,24,4,2026-01-01T12:00:00Z,true,Mega Tech,Website category reference; fictional SKU and supplier relationship,products:00030,Operations,2026-09-29T23:00:00Z
SYN-PR-0047,Electrical measurement instrument Configuration 4,Instrumentation,SYN-SU-0011,PIC-DEMO-047,Each,1610000,2173500,24,2,2026-01-01T12:00:00Z,YES,Fluke,Website category reference; fictional SKU and supplier relationship,products:00047,Operations,2026-09-29T23:00:00Z
SYN-PR-0014,Anatomical teaching model Configuration 2,Medical education,SYN-SU-0002,PIC-DEMO-014,Each,1060000,1431000,24,2,2026-01-01T12:00:00Z,true,Denoyer-Geppert,Website category reference; fictional SKU and supplier relationship,products:00014,Operations,2026-09-29T23:00:00Z
SYN-PR-0032,Hydraulics teaching bench Configuration 3,Water engineering,SYN-SU-0008,PIC-DEMO-032,Each,570000,769500,24,4,2026-01-01T12:00:00Z,true,EDIBON,Website category reference; fictional SKU and supplier relationship,products:00032,Operations,2026-09-29T23:00:00Z
SYN-PR-0026,Anatomical teaching model Configuration 3,Medical education,SYN-SU-0002,PIC-DEMO-026,Each,370000,499500,12,4,2026-01-01T12:00:00Z,true,Denoyer-Geppert,Website category reference; fictional SKU and supplier relationship,products:00026,Operations,2026-09-29T23:00:00Z
SYN-PR-0022,CNC training system Configuration 2,Manufacturing engineering,SYN-SU-0010,PIC-DEMO-022,Each,4100000,5535000,24,1,2026-01-01T12:00:00Z,true,CNC equipment (unverified brand),Website category reference; fictional SKU and supplier relationship,products:00022,Operations,2026-09-29T23:00:00Z
SYN-PR-0006,IC engine training rig Configuration 1,Mechanical engineering,SYN-SU-0006,PIC-DEMO-006,Each,"PKR 320,000.00",432000,12,2,2026-01-01T12:00:00Z,true,Mega Tech,Website category reference; fictional SKU and supplier relationship,products:00006,Operations,2026-09-29T23:00:00Z
SYN-PR-0034,CNC training system Configuration 3,Manufacturing engineering,SYN-SU-0010,PIC-DEMO-034,Each,3780000,5103000,24,4,2026-01-01T12:00:00Z,true,CNC equipment (unverified brand),Website category reference; fictional SKU and supplier relationship,products:00034,Operations,2026-09-29T23:00:00Z
SYN-PR-0024,Automotive diagnostic trainer Configuration 2,Automotive education,SYN-SU-0012,PIC-DEMO-024,Each,2600000,3510000,24,4,2026-01-01T12:00:00Z,true,Mega Tech,Website category reference; fictional SKU and supplier relationship,products:00024,Operations,2026-09-29T23:00:00Z
SYN-PR-0043,Concrete testing machine Configuration 4,Civil engineering,SYN-SU-0007,PIC-DEMO-043,Each,3600000,4860000,24,3,2026-01-01T12:00:00Z,true,Hira Laboratory,Website category reference; fictional SKU and supplier relationship,products:00043,Operations,2026-09-29T23:00:00Z
SYN-PR-0037,Physiology teaching system Configuration 4,Medical education,SYN-SU-0001,PIC-DEMO-037,Each,3220000,4347000,24,1,2026-01-01T12:00:00Z,true,ADInstruments,Website category reference; fictional SKU and supplier relationship,products:00037,Operations,2026-09-29T23:00:00Z
SYN-PR-0010,CNC training system Configuration 1,Manufacturing engineering,SYN-SU-0010,PIC-DEMO-010,Each,4880000,6588000,24,3,2026-01-01T12:00:00Z,true,CNC equipment (unverified brand),Website category reference; fictional SKU and supplier relationship,products:00010,Operations,2026-09-29T23:00:00Z
SYN-PR-0018,IC engine training rig Configuration 2,Mechanical engineering,SYN-SU-0006,PIC-DEMO-018,Each,"PKR 1,370,000.00",1849500,24,4,2026-01-01T12:00:00Z,true,Mega Tech,Website category reference; fictional SKU and supplier relationship,products:00018,Operations,2026-09-29T23:00:00Z
