purchase_line_id,purchase_order_id,order_line_id,product_id,quantity,unit_landed_cost_pkr,is_synthetic,_source_row_id,_source_system,_extract_at
SYN-PL-0167,SYN-PO-0167,SYN-SL-0167,SYN-PR-0014,1,1060000,true,purchase_order_lines:00167,Operations,2026-09-29T23:00:00Z
SYN-PL-0082,SYN-PO-0082,SYN-SL-0082,SYN-PR-0016,1,1090000,true,purchase_order_lines:00082,Operations,2026-09-29T23:00:00Z
SYN-PL-0168,SYN-PO-0168,SYN-SL-0168,SYN-PR-0044,3,4340000,true,purchase_order_lines:00168,Operations,2026-09-29T23:00:00Z
SYN-PL-0205,SYN-PO-0205,SYN-SL-0205,SYN-PR-0003,2,1550000,true,purchase_order_lines:00205,Operations,2026-09-29T23:00:00Z
SYN-PL-0097,SYN-PO-0097,SYN-SL-0097,SYN-PR-0012,3,4210000,true,purchase_order_lines:00097,Operations,2026-09-29T23:00:00Z
SYN-PL-0215,SYN-PO-0215,SYN-SL-0215,SYN-PR-0038,3,4820000,true,purchase_order_lines:00215,Operations,2026-09-29T23:00:00Z
SYN-PL-0029,SYN-PO-0029,SYN-SL-0029,SYN-PR-0025,2,1920000,true,purchase_order_lines:00029,Operations,2026-09-29T23:00:00Z
SYN-PL-0191,SYN-PO-0191,SYN-SL-0191,SYN-PR-0040,3,4840000,true,purchase_order_lines:00191,Operations,2026-09-29T23:00:00Z
SYN-PL-0036,SYN-PO-0036,SYN-SL-0036,SYN-PR-0003,2,1550000,true,purchase_order_lines:00036,Operations,2026-09-29T23:00:00Z
SYN-PL-0204,SYN-PO-0204,SYN-SL-0204,SYN-PR-0002,2,4910000,true,purchase_order_lines:00204,Operations,2026-09-29T23:00:00Z
SYN-PL-0109,SYN-PO-0109,SYN-SL-0109,SYN-PR-0004,3,4650000,true,purchase_order_lines:00109,Operations,2026-09-29T23:00:00Z
SYN-PL-0194,SYN-PO-0194,SYN-SL-0194,SYN-PR-0046,3,1360000,true,purchase_order_lines:00194,Operations,2026-09-29T23:00:00Z
SYN-PL-0185,SYN-PO-0185,SYN-SL-0185,SYN-PR-0006,2,320000,true,purchase_order_lines:00185,Operations,2026-09-29T23:00:00Z
SYN-PL-0135,SYN-PO-0135,SYN-SL-0135,SYN-PR-0023,1,3000000,true,purchase_order_lines:00135,Operations,2026-09-29T23:00:00Z
SYN-PL-0195,SYN-PO-0195,SYN-SL-0195,SYN-PR-0038,3,4820000,true,purchase_order_lines:00195,Operations,2026-09-29T23:00:00Z
SYN-PL-0084,SYN-PO-0084,SYN-SL-0084,SYN-PR-0047,1,1610000,true,purchase_order_lines:00084,Operations,2026-09-29T23:00:00Z
SYN-PL-0054,SYN-PO-0054,SYN-SL-0054,SYN-PR-0025,1,"PKR 1,920,000.00",true,purchase_order_lines:00054,Operations,2026-09-29T23:00:00Z
SYN-PL-0161,SYN-PO-0161,SYN-SL-0161,SYN-PR-0021,1,270000,YES,purchase_order_lines:00161,Operations,2026-09-29T23:00:00Z
SYN-PL-0131,SYN-PO-0131,SYN-SL-0131,SYN-PR-0033,3,2560000,true,purchase_order_lines:00131,Operations,2026-09-29T23:00:00Z
SYN-PL-0106,SYN-PO-0106,SYN-SL-0106,SYN-PR-0041,2,910000,true,purchase_order_lines:00106,Operations,2026-09-29T23:00:00Z
SYN-PL-0182,SYN-PO-0182,SYN-SL-0182,SYN-PR-0029,3,4750000,true,purchase_order_lines:00182,Operations,2026-09-29T23:00:00Z
SYN-PL-0081,SYN-PO-0081,SYN-SL-0081,SYN-PR-0029,1,4750000,true,purchase_order_lines:00081,Operations,2026-09-29T23:00:00Z
SYN-PL-0067,SYN-PO-0067,SYN-SL-0067,SYN-PR-0033,1,2560000,true,purchase_order_lines:00067,Operations,2026-09-29T23:00:00Z
SYN-PL-0063,SYN-PO-0063,SYN-SL-0063,SYN-PR-0021,3,270000,true,purchase_order_lines:DUP:00062,Operations,2026-09-29T23:00:00Z
SYN-PL-0089,SYN-PO-0089,SYN-SL-0089,SYN-PR-0030,2,3170000,true,purchase_order_lines:00089,Operations,2026-09-29T23:00:00Z
SYN-PL-0010,SYN-PO-0010,SYN-SL-0010,SYN-PR-0013,2,3230000,true,purchase_order_lines:00010,Operations,2026-09-29T23:00:00Z
SYN-PL-0165,SYN-PO-0165,SYN-SL-0165,SYN-PR-0007,2,1510000,true,purchase_order_lines:00165,Operations,2026-09-29T23:00:00Z
SYN-PL-0214,SYN-PO-0214,SYN-SL-0214,SYN-PR-0002,3,4910000,true,purchase_order_lines:00214,Operations,2026-09-29T23:00:00Z
SYN-PL-0056,SYN-PO-0056,SYN-SL-0056,SYN-PR-0009,2,960000,true,purchase_order_lines:00056,Operations,2026-09-29T23:00:00Z
SYN-PL-0031,SYN-PO-0031,SYN-SL-0031,SYN-PR-0003,3,1550000,true,purchase_order_lines:00031,Operations,2026-09-29T23:00:00Z
SYN-PL-0015,SYN-PO-0015,SYN-SL-0015,SYN-PR-0024,3,2600000,true,purchase_order_lines:00015,Operations,2026-09-29T23:00:00Z
SYN-PL-0065,SYN-PO-0065,SYN-SL-0065,SYN-PR-0007,3,1510000,true,purchase_order_lines:00065,Operations,2026-09-29T23:00:00Z
SYN-PL-0145,SYN-PO-0145,SYN-SL-0145,SYN-PR-0026,3,370000,true,purchase_order_lines:00145,Operations,2026-09-29T23:00:00Z
SYN-PL-0125,SYN-PO-0125,SYN-SL-0125,SYN-PR-0017,1,4170000,true,purchase_order_lines:DUP:00124,Operations,2026-09-29T23:00:00Z
SYN-PL-0207,SYN-PO-0207,SYN-SL-0207,SYN-PR-0030,1,3170000,true,purchase_order_lines:00207,Operations,2026-09-29T23:00:00Z
SYN-PL-0209,SYN-PO-0209,SYN-SL-0209,SYN-PR-0002,3,4910000,true,purchase_order_lines:00209,Operations,2026-09-29T23:00:00Z
SYN-PL-0160,SYN-PO-0160,SYN-SL-0160,SYN-PR-0034,2,3780000,true,purchase_order_lines:00160,Operations,2026-09-29T23:00:00Z
SYN-PL-0112,SYN-PO-0112,SYN-SL-0112,SYN-PR-0012,3,4210000,true,purchase_order_lines:00112,Operations,2026-09-29T23:00:00Z
SYN-PL-0080,SYN-PO-0080,SYN-SL-0080,SYN-PR-0015,3,3350000,true,purchase_order_lines:00080,Operations,2026-09-29T23:00:00Z
SYN-PL-0187,SYN-PO-0187,SYN-SL-0187,SYN-PR-0018,3,1370000,true,purchase_order_lines:DUP:00186,Operations,2026-09-29T23:00:00Z
SYN-PL-0068,SYN-PO-0068,SYN-SL-0068,SYN-PR-0004,1,4650000,true,purchase_order_lines:00068,Operations,2026-09-29T23:00:00Z
SYN-PL-0115,SYN-PO-0115,SYN-SL-0115,SYN-PR-0013,2,3230000,true,purchase_order_lines:00115,Operations,2026-09-29T23:00:00Z
SYN-PL-0102,SYN-PO-0102,SYN-SL-0102,SYN-PR-0005,3,"PKR 760,000.00",true,purchase_order_lines:00102,Operations,2026-09-29T23:00:00Z
SYN-PL-0141,SYN-PO-0141,SYN-SL-0141,SYN-PR-0022,1,4100000,true,purchase_order_lines:00141,Operations,2026-09-29T23:00:00Z
SYN-PL-0180,SYN-PO-0180,SYN-SL-0180,SYN-PR-0038,2,4820000,YES,purchase_order_lines:00180,Operations,2026-09-29T23:00:00Z
SYN-PL-0174,SYN-PO-0174,SYN-SL-0174,SYN-PR-0025,1,"PKR 1,920,000.00",true,purchase_order_lines:00174,Operations,2026-09-29T23:00:00Z
SYN-PL-0051,SYN-PO-0051,SYN-SL-0051,SYN-PR-0026,3,370000,true,purchase_order_lines:00051,Operations,2026-09-29T23:00:00Z
SYN-PL-0013,SYN-PO-0013,SYN-SL-0013,SYN-PR-0031,2,3120000,true,purchase_order_lines:00013,Operations,2026-09-29T23:00:00Z
SYN-PL-0208,SYN-PO-0208,SYN-SL-0208,SYN-PR-0030,1,3170000,true,purchase_order_lines:00208,Operations,2026-09-29T23:00:00Z
SYN-PL-0133,SYN-PO-0133,SYN-SL-0133,SYN-PR-0047,1,1610000,true,purchase_order_lines:00133,Operations,2026-09-29T23:00:00Z
SYN-PL-0058,SYN-PO-0058,SYN-SL-0058,SYN-PR-0012,3,4210000,true,purchase_order_lines:00058,Operations,2026-09-29T23:00:00Z
SYN-PL-0047,SYN-PO-0047,SYN-SL-0047,SYN-PR-0025,1,1920000,YES,purchase_order_lines:00047,Operations,2026-09-29T23:00:00Z
SYN-PL-0146,SYN-PO-0146,SYN-SL-0146,SYN-PR-0012,2,4210000,true,purchase_order_lines:00146,Operations,2026-09-29T23:00:00Z
SYN-PL-0003,SYN-PO-0003,SYN-SL-0003,SYN-PR-0004,2,4650000,true,purchase_order_lines:00003,Operations,2026-09-29T23:00:00Z
SYN-PL-0164,SYN-PO-0164,SYN-SL-0164,SYN-PR-0044,2,4340000,true,purchase_order_lines:00164,Operations,2026-09-29T23:00:00Z
SYN-PL-0078,SYN-PO-0078,SYN-SL-0078,SYN-PR-0041,1,"PKR 910,000.00",true,purchase_order_lines:00078,Operations,2026-09-29T23:00:00Z
SYN-PL-0128,SYN-PO-0128,SYN-SL-0128,SYN-PR-0047,2,1610000,true,purchase_order_lines:00128,Operations,2026-09-29T23:00:00Z
SYN-PL-0188,SYN-PO-0188,SYN-SL-0188,SYN-PR-0007,2,1510000,true,purchase_order_lines:00188,Operations,2026-09-29T23:00:00Z
SYN-PL-0037,SYN-PO-0037,SYN-SL-0037,SYN-PR-0007,2,1510000,true,purchase_order_lines:00037,Operations,2026-09-29T23:00:00Z
SYN-PL-0170,SYN-PO-0170,SYN-SL-0170,SYN-PR-0048,1,1890000,true,purchase_order_lines:00170,Operations,2026-09-29T23:00:00Z
SYN-PL-0042,SYN-PO-0042,SYN-SL-0042,SYN-PR-0047,1,"PKR 1,610,000.00",true,purchase_order_lines:00042,Operations,2026-09-29T23:00:00Z
SYN-PL-0152,SYN-PO-0152,SYN-SL-0152,SYN-PR-0017,2,4170000,true,purchase_order_lines:00152,Operations,2026-09-29T23:00:00Z
SYN-PL-0039,SYN-PO-0039,SYN-SL-0039,SYN-PR-0005,1,760000,true,purchase_order_lines:00039,Operations,2026-09-29T23:00:00Z
SYN-PL-0026,SYN-PO-0026,SYN-SL-0026,SYN-PR-0032,3,570000,true,purchase_order_lines:00026,Operations,2026-09-29T23:00:00Z
SYN-PL-0049,SYN-PO-0049,SYN-SL-0049,SYN-PR-0026,1,370000,true,purchase_order_lines:00049,Operations,2026-09-29T23:00:00Z
SYN-PL-0011,SYN-PO-0011,SYN-SL-0011,SYN-PR-0013,3,3230000,true,purchase_order_lines:00011,Operations,2026-09-29T23:00:00Z
SYN-PL-0025,SYN-PO-0025,SYN-SL-0025,SYN-PR-0028,1,1880000,true,purchase_order_lines:00025,Operations,2026-09-29T23:00:00Z
SYN-PL-0001,SYN-PO-0001,SYN-SL-0001,SYN-PR-0024,1,2600000,true,purchase_order_lines:DUP:00000,Operations,2026-09-29T23:00:00Z
SYN-PL-0057,SYN-PO-0057,SYN-SL-0057,SYN-PR-0001,2,4400000,true,purchase_order_lines:00057,Operations,2026-09-29T23:00:00Z
SYN-PL-0210,SYN-PO-0210,SYN-SL-0210,SYN-PR-0042,2,"PKR 4,280,000.00",true,purchase_order_lines:00210,Operations,2026-09-29T23:00:00Z
SYN-PL-0142,SYN-PO-0142,SYN-SL-0142,SYN-PR-0044,2,4340000,YES,purchase_order_lines:00142,Operations,2026-09-29T23:00:00Z
SYN-PL-0196,SYN-PO-0196,SYN-SL-0196,SYN-PR-0019,3,4440000,true,purchase_order_lines:00196,Operations,2026-09-29T23:00:00Z
SYN-PL-0124,SYN-PO-0124,SYN-SL-0124,SYN-PR-0024,2,2600000,true,purchase_order_lines:00124,Operations,2026-09-29T23:00:00Z
SYN-PL-0012,SYN-PO-0012,SYN-SL-0012,SYN-PR-0005,1,760000,true,purchase_order_lines:00012,Operations,2026-09-29T23:00:00Z
SYN-PL-0132,SYN-PO-0132,SYN-SL-0132,SYN-PR-0011,1,2870000,true,purchase_order_lines:00132,Operations,2026-09-29T23:00:00Z
SYN-PL-0121,SYN-PO-0121,SYN-SL-0121,SYN-PR-0001,1,4400000,true,purchase_order_lines:00121,Operations,2026-09-29T23:00:00Z
SYN-PL-0001,SYN-PO-0001,SYN-SL-0001,SYN-PR-0024,1,2600000,true,purchase_order_lines:00001,Operations,2026-09-29T23:00:00Z
SYN-PL-0092,SYN-PO-0092,SYN-SL-0092,SYN-PR-0030,2,3170000,true,purchase_order_lines:00092,Operations,2026-09-29T23:00:00Z
SYN-PL-0094,SYN-PO-0094,SYN-SL-0094,SYN-PR-0035,2,4150000,true,purchase_order_lines:00094,Operations,2026-09-29T23:00:00Z
SYN-PL-0136,SYN-PO-0136,SYN-SL-0136,SYN-PR-0044,1,4340000,true,purchase_order_lines:00136,Operations,2026-09-29T23:00:00Z
SYN-PL-0062,SYN-PO-0062,SYN-SL-0062,SYN-PR-0004,1,4650000,true,purchase_order_lines:00062,Operations,2026-09-29T23:00:00Z
SYN-PL-0093,SYN-PO-0093,SYN-SL-0093,SYN-PR-0032,2,570000,true,purchase_order_lines:00093,Operations,2026-09-29T23:00:00Z
SYN-PL-0137,SYN-PO-0137,SYN-SL-0137,SYN-PR-0025,3,1920000,true,purchase_order_lines:00137,Operations,2026-09-29T23:00:00Z
SYN-PL-0040,SYN-PO-0040,SYN-SL-0040,SYN-PR-0014,1,1060000,true,purchase_order_lines:00040,Operations,2026-09-29T23:00:00Z
SYN-PL-0017,SYN-PO-0017,SYN-SL-0017,SYN-PR-0045,1,1810000,true,purchase_order_lines:00017,Operations,2026-09-29T23:00:00Z
SYN-PL-0041,SYN-PO-0041,SYN-SL-0041,SYN-PR-0025,2,1920000,true,purchase_order_lines:00041,Operations,2026-09-29T23:00:00Z
SYN-PL-0123,SYN-PO-0123,SYN-SL-0123,SYN-PR-0022,1,4100000,YES,purchase_order_lines:00123,Operations,2026-09-29T23:00:00Z
SYN-PL-0007,SYN-PO-0007,SYN-SL-0007,SYN-PR-0027,3,3470000,true,purchase_order_lines:00007,Operations,2026-09-29T23:00:00Z
SYN-PL-0138,SYN-PO-0138,SYN-SL-0138,SYN-PR-0045,3,"PKR 1,810,000.00",true,purchase_order_lines:00138,Operations,2026-09-29T23:00:00Z
SYN-PL-0166,SYN-PO-0166,SYN-SL-0166,SYN-PR-0008,3,4090000,true,purchase_order_lines:00166,Operations,2026-09-29T23:00:00Z
SYN-PL-0201,SYN-PO-0201,SYN-SL-0201,SYN-PR-0046,1,1360000,true,purchase_order_lines:00201,Operations,2026-09-29T23:00:00Z
SYN-PL-0156,SYN-PO-0156,SYN-SL-0156,SYN-PR-0002,3,4910000,true,purchase_order_lines:DUP:00155,Operations,2026-09-29T23:00:00Z
SYN-PL-0048,SYN-PO-0048,SYN-SL-0048,SYN-PR-0043,3,3600000,true,purchase_order_lines:00048,Operations,2026-09-29T23:00:00Z
SYN-PL-0176,SYN-PO-0176,SYN-SL-0176,SYN-PR-0043,3,3600000,true,purchase_order_lines:00176,Operations,2026-09-29T23:00:00Z
SYN-PL-0158,SYN-PO-0158,SYN-SL-0158,SYN-PR-0015,1,3350000,true,purchase_order_lines:00158,Operations,2026-09-29T23:00:00Z
SYN-PL-0055,SYN-PO-0055,SYN-SL-0055,SYN-PR-0007,3,1510000,true,purchase_order_lines:00055,Operations,2026-09-29T23:00:00Z
SYN-PL-0069,SYN-PO-0069,SYN-SL-0069,SYN-PR-0016,2,1090000,true,purchase_order_lines:00069,Operations,2026-09-29T23:00:00Z
SYN-PL-0143,SYN-PO-0143,SYN-SL-0143,SYN-PR-0017,2,4170000,true,purchase_order_lines:00143,Operations,2026-09-29T23:00:00Z
SYN-PL-0162,SYN-PO-0162,SYN-SL-0162,SYN-PR-0047,2,"PKR 1,610,000.00",true,purchase_order_lines:00162,Operations,2026-09-29T23:00:00Z
SYN-PL-0088,SYN-PO-0088,SYN-SL-0088,SYN-PR-0014,2,1060000,true,purchase_order_lines:00088,Operations,2026-09-29T23:00:00Z
SYN-PL-0073,SYN-PO-0073,SYN-SL-0073,SYN-PR-0038,3,4820000,true,purchase_order_lines:00073,Operations,2026-09-29T23:00:00Z
SYN-PL-0077,SYN-PO-0077,SYN-SL-0077,SYN-PR-0020,3,4260000,true,purchase_order_lines:00077,Operations,2026-09-29T23:00:00Z
SYN-PL-0045,SYN-PO-0045,SYN-SL-0045,SYN-PR-0037,2,3220000,true,purchase_order_lines:00045,Operations,2026-09-29T23:00:00Z
SYN-PL-0107,SYN-PO-0107,SYN-SL-0107,SYN-PR-0010,2,4880000,true,purchase_order_lines:00107,Operations,2026-09-29T23:00:00Z
SYN-PL-0038,SYN-PO-0038,SYN-SL-0038,SYN-PR-0027,1,3470000,true,purchase_order_lines:00038,Operations,2026-09-29T23:00:00Z
SYN-PL-0071,SYN-PO-0071,SYN-SL-0071,SYN-PR-0036,1,4930000,true,purchase_order_lines:00071,Operations,2026-09-29T23:00:00Z
SYN-PL-0050,SYN-PO-0050,SYN-SL-0050,SYN-PR-0022,1,4100000,true,purchase_order_lines:00050,Operations,2026-09-29T23:00:00Z
SYN-PL-0024,SYN-PO-0024,SYN-SL-0024,SYN-PR-0043,2,3600000,true,purchase_order_lines:00024,Operations,2026-09-29T23:00:00Z
SYN-PL-0086,SYN-PO-0086,SYN-SL-0086,SYN-PR-0038,2,4820000,true,purchase_order_lines:00086,Operations,2026-09-29T23:00:00Z
SYN-PL-0172,SYN-PO-0172,SYN-SL-0172,SYN-PR-0017,3,4170000,true,purchase_order_lines:00172,Operations,2026-09-29T23:00:00Z
SYN-PL-0111,SYN-PO-0111,SYN-SL-0111,SYN-PR-0017,1,4170000,true,purchase_order_lines:00111,Operations,2026-09-29T23:00:00Z
SYN-PL-0043,SYN-PO-0043,SYN-SL-0043,SYN-PR-0018,1,1370000,true,purchase_order_lines:00043,Operations,2026-09-29T23:00:00Z
SYN-PL-0113,SYN-PO-0113,SYN-SL-0113,SYN-PR-0003,3,1550000,true,purchase_order_lines:00113,Operations,2026-09-29T23:00:00Z
SYN-PL-0059,SYN-PO-0059,SYN-SL-0059,SYN-PR-0002,2,4910000,true,purchase_order_lines:00059,Operations,2026-09-29T23:00:00Z
SYN-PL-0197,SYN-PO-0197,SYN-SL-0197,SYN-PR-0008,2,4090000,true,purchase_order_lines:00197,Operations,2026-09-29T23:00:00Z
SYN-PL-0074,SYN-PO-0074,SYN-SL-0074,SYN-PR-0006,2,320000,true,purchase_order_lines:00074,Operations,2026-09-29T23:00:00Z
SYN-PL-0213,SYN-PO-0213,SYN-SL-0213,SYN-PR-0001,1,4400000,true,purchase_order_lines:00213,Operations,2026-09-29T23:00:00Z
SYN-PL-0009,SYN-PO-0009,SYN-SL-0009,SYN-PR-0015,2,3350000,YES,purchase_order_lines:00009,Operations,2026-09-29T23:00:00Z
SYN-PL-0126,SYN-PO-0126,SYN-SL-0126,SYN-PR-0037,3,"PKR 3,220,000.00",true,purchase_order_lines:00126,Operations,2026-09-29T23:00:00Z
SYN-PL-0206,SYN-PO-0206,SYN-SL-0206,SYN-PR-0033,3,2560000,true,purchase_order_lines:00206,Operations,2026-09-29T23:00:00Z
SYN-PL-0064,SYN-PO-0064,SYN-SL-0064,SYN-PR-0032,1,570000,true,purchase_order_lines:00064,Operations,2026-09-29T23:00:00Z
SYN-PL-0163,SYN-PO-0163,SYN-SL-0163,SYN-PR-0019,3,4440000,true,purchase_order_lines:00163,Operations,2026-09-29T23:00:00Z
SYN-PL-0177,SYN-PO-0177,SYN-SL-0177,SYN-PR-0031,1,3120000,true,purchase_order_lines:00177,Operations,2026-09-29T23:00:00Z
SYN-PL-0079,SYN-PO-0079,SYN-SL-0079,SYN-PR-0035,1,4150000,true,purchase_order_lines:00079,Operations,2026-09-29T23:00:00Z
SYN-PL-0096,SYN-PO-0096,SYN-SL-0096,SYN-PR-0020,2,4260000,true,purchase_order_lines:00096,Operations,2026-09-29T23:00:00Z
SYN-PL-0035,SYN-PO-0035,SYN-SL-0035,SYN-PR-0035,2,4150000,true,purchase_order_lines:00035,Operations,2026-09-29T23:00:00Z
SYN-PL-0179,SYN-PO-0179,SYN-SL-0179,SYN-PR-0038,2,4820000,true,purchase_order_lines:00179,Operations,2026-09-29T23:00:00Z
SYN-PL-0203,SYN-PO-0203,SYN-SL-0203,SYN-PR-0009,2,960000,true,purchase_order_lines:00203,Operations,2026-09-29T23:00:00Z
SYN-PL-0184,SYN-PO-0184,SYN-SL-0184,SYN-PR-0041,3,910000,true,purchase_order_lines:00184,Operations,2026-09-29T23:00:00Z
SYN-PL-0149,SYN-PO-0149,SYN-SL-0149,SYN-PR-0010,3,4880000,true,purchase_order_lines:00149,Operations,2026-09-29T23:00:00Z
SYN-PL-0154,SYN-PO-0154,SYN-SL-0154,SYN-PR-0041,2,910000,true,purchase_order_lines:00154,Operations,2026-09-29T23:00:00Z
SYN-PL-0198,SYN-PO-0198,SYN-SL-0198,SYN-PR-0046,2,"PKR 1,360,000.00",true,purchase_order_lines:00198,Operations,2026-09-29T23:00:00Z
SYN-PL-0099,SYN-PO-0099,SYN-SL-0099,SYN-PR-0020,1,4260000,true,purchase_order_lines:00099,Operations,2026-09-29T23:00:00Z
SYN-PL-0169,SYN-PO-0169,SYN-SL-0169,SYN-PR-0041,3,910000,true,purchase_order_lines:00169,Operations,2026-09-29T23:00:00Z
SYN-PL-0125,SYN-PO-0125,SYN-SL-0125,SYN-PR-0017,1,4170000,true,purchase_order_lines:00125,Operations,2026-09-29T23:00:00Z
SYN-PL-0178,SYN-PO-0178,SYN-SL-0178,SYN-PR-0040,1,4840000,true,purchase_order_lines:00178,Operations,2026-09-29T23:00:00Z
SYN-PL-0134,SYN-PO-0134,SYN-SL-0134,SYN-PR-0015,1,3350000,true,purchase_order_lines:00134,Operations,2026-09-29T23:00:00Z
SYN-PL-0199,SYN-PO-0199,SYN-SL-0199,SYN-PR-0047,1,1610000,YES,purchase_order_lines:00199,Operations,2026-09-29T23:00:00Z
SYN-PL-0020,SYN-PO-0020,SYN-SL-0020,SYN-PR-0019,3,4440000,true,purchase_order_lines:00020,Operations,2026-09-29T23:00:00Z
SYN-PL-0151,SYN-PO-0151,SYN-SL-0151,SYN-PR-0026,3,370000,true,purchase_order_lines:00151,Operations,2026-09-29T23:00:00Z
SYN-PL-0085,SYN-PO-0085,SYN-SL-0085,SYN-PR-0001,1,4400000,YES,purchase_order_lines:00085,Operations,2026-09-29T23:00:00Z
SYN-PL-0119,SYN-PO-0119,SYN-SL-0119,SYN-PR-0013,2,3230000,true,purchase_order_lines:00119,Operations,2026-09-29T23:00:00Z
SYN-PL-0028,SYN-PO-0028,SYN-SL-0028,SYN-PR-0039,1,3040000,YES,purchase_order_lines:00028,Operations,2026-09-29T23:00:00Z
SYN-PL-0153,SYN-PO-0153,SYN-SL-0153,SYN-PR-0037,3,3220000,true,purchase_order_lines:00153,Operations,2026-09-29T23:00:00Z
SYN-PL-0155,SYN-PO-0155,SYN-SL-0155,SYN-PR-0025,1,1920000,true,purchase_order_lines:00155,Operations,2026-09-29T23:00:00Z
SYN-PL-0148,SYN-PO-0148,SYN-SL-0148,SYN-PR-0033,2,2560000,true,purchase_order_lines:00148,Operations,2026-09-29T23:00:00Z
SYN-PL-0103,SYN-PO-0103,SYN-SL-0103,SYN-PR-0011,2,2870000,true,purchase_order_lines:00103,Operations,2026-09-29T23:00:00Z
SYN-PL-0090,SYN-PO-0090,SYN-SL-0090,SYN-PR-0018,1,"PKR 1,370,000.00",true,purchase_order_lines:00090,Operations,2026-09-29T23:00:00Z
SYN-PL-0072,SYN-PO-0072,SYN-SL-0072,SYN-PR-0008,3,4090000,true,purchase_order_lines:00072,Operations,2026-09-29T23:00:00Z
SYN-PL-0101,SYN-PO-0101,SYN-SL-0101,SYN-PR-0034,1,3780000,true,purchase_order_lines:00101,Operations,2026-09-29T23:00:00Z
SYN-PL-0006,SYN-PO-0006,SYN-SL-0006,SYN-PR-0044,3,"PKR 4,340,000.00",true,purchase_order_lines:00006,Operations,2026-09-29T23:00:00Z
SYN-PL-0004,SYN-PO-0004,SYN-SL-0004,SYN-PR-0019,2,4440000,true,purchase_order_lines:00004,Operations,2026-09-29T23:00:00Z
SYN-PL-0120,SYN-PO-0120,SYN-SL-0120,SYN-PR-0018,1,1370000,true,purchase_order_lines:00120,Operations,2026-09-29T23:00:00Z
SYN-PL-0193,SYN-PO-0193,SYN-SL-0193,SYN-PR-0025,2,1920000,true,purchase_order_lines:00193,Operations,2026-09-29T23:00:00Z
SYN-PL-0032,SYN-PO-0032,SYN-SL-0032,SYN-PR-0016,2,1090000,true,purchase_order_lines:DUP:00031,Operations,2026-09-29T23:00:00Z
SYN-PL-0087,SYN-PO-0087,SYN-SL-0087,SYN-PR-0002,2,4910000,true,purchase_order_lines:00087,Operations,2026-09-29T23:00:00Z
SYN-PL-0034,SYN-PO-0034,SYN-SL-0034,SYN-PR-0028,2,1880000,true,purchase_order_lines:00034,Operations,2026-09-29T23:00:00Z
SYN-PL-0144,SYN-PO-0144,SYN-SL-0144,SYN-PR-0015,1,3350000,true,purchase_order_lines:00144,Operations,2026-09-29T23:00:00Z
SYN-PL-0044,SYN-PO-0044,SYN-SL-0044,SYN-PR-0034,2,3780000,true,purchase_order_lines:00044,Operations,2026-09-29T23:00:00Z
SYN-PL-0098,SYN-PO-0098,SYN-SL-0098,SYN-PR-0039,1,3040000,true,purchase_order_lines:00098,Operations,2026-09-29T23:00:00Z
SYN-PL-0063,SYN-PO-0063,SYN-SL-0063,SYN-PR-0021,3,270000,true,purchase_order_lines:00063,Operations,2026-09-29T23:00:00Z
SYN-PL-0060,SYN-PO-0060,SYN-SL-0060,SYN-PR-0035,1,4150000,true,purchase_order_lines:00060,Operations,2026-09-29T23:00:00Z
SYN-PL-0127,SYN-PO-0127,SYN-SL-0127,SYN-PR-0019,2,4440000,true,purchase_order_lines:00127,Operations,2026-09-29T23:00:00Z
SYN-PL-0002,SYN-PO-0002,SYN-SL-0002,SYN-PR-0031,1,3120000,true,purchase_order_lines:00002,Operations,2026-09-29T23:00:00Z
SYN-PL-0030,SYN-PO-0030,SYN-SL-0030,SYN-PR-0031,1,"PKR 3,120,000.00",true,purchase_order_lines:00030,Operations,2026-09-29T23:00:00Z
SYN-PL-0033,SYN-PO-0033,SYN-SL-0033,SYN-PR-0032,1,570000,true,purchase_order_lines:00033,Operations,2026-09-29T23:00:00Z
SYN-PL-0117,SYN-PO-0117,SYN-SL-0117,SYN-PR-0046,2,1360000,true,purchase_order_lines:00117,Operations,2026-09-29T23:00:00Z
SYN-PL-0053,SYN-PO-0053,SYN-SL-0053,SYN-PR-0011,2,2870000,true,purchase_order_lines:00053,Operations,2026-09-29T23:00:00Z
SYN-PL-0070,SYN-PO-0070,SYN-SL-0070,SYN-PR-0025,3,1920000,true,purchase_order_lines:00070,Operations,2026-09-29T23:00:00Z
SYN-PL-0147,SYN-PO-0147,SYN-SL-0147,SYN-PR-0002,1,4910000,true,purchase_order_lines:00147,Operations,2026-09-29T23:00:00Z
SYN-PL-0061,SYN-PO-0061,SYN-SL-0061,SYN-PR-0016,2,1090000,true,purchase_order_lines:00061,Operations,2026-09-29T23:00:00Z
SYN-PL-0192,SYN-PO-0192,SYN-SL-0192,SYN-PR-0029,1,4750000,true,purchase_order_lines:00192,Operations,2026-09-29T23:00:00Z
SYN-PL-0171,SYN-PO-0171,SYN-SL-0171,SYN-PR-0023,1,3000000,true,purchase_order_lines:00171,Operations,2026-09-29T23:00:00Z
SYN-PL-0023,SYN-PO-0023,SYN-SL-0023,SYN-PR-0018,3,1370000,true,purchase_order_lines:00023,Operations,2026-09-29T23:00:00Z
SYN-PL-0129,SYN-PO-0129,SYN-SL-0129,SYN-PR-0015,2,3350000,true,purchase_order_lines:00129,Operations,2026-09-29T23:00:00Z
SYN-PL-0202,SYN-PO-0202,SYN-SL-0202,SYN-PR-0044,1,4340000,true,purchase_order_lines:00202,Operations,2026-09-29T23:00:00Z
SYN-PL-0130,SYN-PO-0130,SYN-SL-0130,SYN-PR-0045,2,1810000,true,purchase_order_lines:00130,Operations,2026-09-29T23:00:00Z
SYN-PL-0186,SYN-PO-0186,SYN-SL-0186,SYN-PR-0015,1,"PKR 3,350,000.00",true,purchase_order_lines:00186,Operations,2026-09-29T23:00:00Z
SYN-PL-0094,SYN-PO-0094,SYN-SL-0094,SYN-PR-0035,2,4150000,true,purchase_order_lines:DUP:00093,Operations,2026-09-29T23:00:00Z
SYN-PL-0032,SYN-PO-0032,SYN-SL-0032,SYN-PR-0016,2,1090000,true,purchase_order_lines:00032,Operations,2026-09-29T23:00:00Z
SYN-PL-0139,SYN-PO-0139,SYN-SL-0139,SYN-PR-0040,2,4840000,true,purchase_order_lines:00139,Operations,2026-09-29T23:00:00Z
SYN-PL-0100,SYN-PO-0100,SYN-SL-0100,SYN-PR-0044,3,4340000,true,purchase_order_lines:00100,Operations,2026-09-29T23:00:00Z
SYN-PL-0189,SYN-PO-0189,SYN-SL-0189,SYN-PR-0003,3,1550000,true,purchase_order_lines:00189,Operations,2026-09-29T23:00:00Z
SYN-PL-0110,SYN-PO-0110,SYN-SL-0110,SYN-PR-0031,1,3120000,true,purchase_order_lines:00110,Operations,2026-09-29T23:00:00Z
SYN-PL-0181,SYN-PO-0181,SYN-SL-0181,SYN-PR-0026,2,370000,true,purchase_order_lines:00181,Operations,2026-09-29T23:00:00Z
SYN-PL-0008,SYN-PO-0008,SYN-SL-0008,SYN-PR-0028,1,1880000,true,purchase_order_lines:00008,Operations,2026-09-29T23:00:00Z
SYN-PL-0052,SYN-PO-0052,SYN-SL-0052,SYN-PR-0035,3,4150000,true,purchase_order_lines:00052,Operations,2026-09-29T23:00:00Z
SYN-PL-0066,SYN-PO-0066,SYN-SL-0066,SYN-PR-0025,2,"PKR 1,920,000.00",YES,purchase_order_lines:00066,Operations,2026-09-29T23:00:00Z
SYN-PL-0190,SYN-PO-0190,SYN-SL-0190,SYN-PR-0009,3,960000,true,purchase_order_lines:00190,Operations,2026-09-29T23:00:00Z
SYN-PL-0140,SYN-PO-0140,SYN-SL-0140,SYN-PR-0002,1,4910000,true,purchase_order_lines:00140,Operations,2026-09-29T23:00:00Z
SYN-PL-0027,SYN-PO-0027,SYN-SL-0027,SYN-PR-0009,3,960000,true,purchase_order_lines:00027,Operations,2026-09-29T23:00:00Z
SYN-PL-0114,SYN-PO-0114,SYN-SL-0114,SYN-PR-0011,2,"PKR 2,870,000.00",true,purchase_order_lines:00114,Operations,2026-09-29T23:00:00Z
SYN-PL-0175,SYN-PO-0175,SYN-SL-0175,SYN-PR-0017,3,4170000,true,purchase_order_lines:00175,Operations,2026-09-29T23:00:00Z
SYN-PL-0016,SYN-PO-0016,SYN-SL-0016,SYN-PR-0040,3,4840000,true,purchase_order_lines:00016,Operations,2026-09-29T23:00:00Z
SYN-PL-0046,SYN-PO-0046,SYN-SL-0046,SYN-PR-0041,2,910000,true,purchase_order_lines:00046,Operations,2026-09-29T23:00:00Z
SYN-PL-0076,SYN-PO-0076,SYN-SL-0076,SYN-PR-0037,3,3220000,true,purchase_order_lines:00076,Operations,2026-09-29T23:00:00Z
SYN-PL-0018,SYN-PO-0018,SYN-SL-0018,SYN-PR-0043,1,"PKR 3,600,000.00",true,purchase_order_lines:00018,Operations,2026-09-29T23:00:00Z
SYN-PL-0019,SYN-PO-0019,SYN-SL-0019,SYN-PR-0035,2,4150000,true,purchase_order_lines:00019,Operations,2026-09-29T23:00:00Z
SYN-PL-0150,SYN-PO-0150,SYN-SL-0150,SYN-PR-0028,3,"PKR 1,880,000.00",true,purchase_order_lines:00150,Operations,2026-09-29T23:00:00Z
SYN-PL-0021,SYN-PO-0021,SYN-SL-0021,SYN-PR-0025,2,1920000,true,purchase_order_lines:00021,Operations,2026-09-29T23:00:00Z
SYN-PL-0118,SYN-PO-0118,SYN-SL-0118,SYN-PR-0038,3,4820000,true,purchase_order_lines:00118,Operations,2026-09-29T23:00:00Z
SYN-PL-0014,SYN-PO-0014,SYN-SL-0014,SYN-PR-0016,3,1090000,true,purchase_order_lines:00014,Operations,2026-09-29T23:00:00Z
SYN-PL-0122,SYN-PO-0122,SYN-SL-0122,SYN-PR-0018,3,1370000,true,purchase_order_lines:00122,Operations,2026-09-29T23:00:00Z
SYN-PL-0187,SYN-PO-0187,SYN-SL-0187,SYN-PR-0018,3,1370000,true,purchase_order_lines:00187,Operations,2026-09-29T23:00:00Z
SYN-PL-0183,SYN-PO-0183,SYN-SL-0183,SYN-PR-0028,1,1880000,true,purchase_order_lines:00183,Operations,2026-09-29T23:00:00Z
SYN-PL-0211,SYN-PO-0211,SYN-SL-0211,SYN-PR-0017,3,4170000,true,purchase_order_lines:00211,Operations,2026-09-29T23:00:00Z
SYN-PL-0156,SYN-PO-0156,SYN-SL-0156,SYN-PR-0002,3,4910000,true,purchase_order_lines:00156,Operations,2026-09-29T23:00:00Z
SYN-PL-0116,SYN-PO-0116,SYN-SL-0116,SYN-PR-0043,3,3600000,true,purchase_order_lines:00116,Operations,2026-09-29T23:00:00Z
SYN-PL-0005,SYN-PO-0005,SYN-SL-0005,SYN-PR-0033,1,2560000,true,purchase_order_lines:00005,Operations,2026-09-29T23:00:00Z
SYN-PL-0104,SYN-PO-0104,SYN-SL-0104,SYN-PR-0016,1,1090000,YES,purchase_order_lines:00104,Operations,2026-09-29T23:00:00Z
SYN-PL-0075,SYN-PO-0075,SYN-SL-0075,SYN-PR-0032,3,570000,true,purchase_order_lines:00075,Operations,2026-09-29T23:00:00Z
SYN-PL-0083,SYN-PO-0083,SYN-SL-0083,SYN-PR-0002,2,4910000,true,purchase_order_lines:00083,Operations,2026-09-29T23:00:00Z
SYN-PL-0108,SYN-PO-0108,SYN-SL-0108,SYN-PR-0040,3,4840000,true,purchase_order_lines:00108,Operations,2026-09-29T23:00:00Z
SYN-PL-0157,SYN-PO-0157,SYN-SL-0157,SYN-PR-0048,2,1890000,true,purchase_order_lines:00157,Operations,2026-09-29T23:00:00Z
SYN-PL-0173,SYN-PO-0173,SYN-SL-0173,SYN-PR-0032,3,570000,true,purchase_order_lines:00173,Operations,2026-09-29T23:00:00Z
SYN-PL-0200,SYN-PO-0200,SYN-SL-0200,SYN-PR-0004,2,4650000,true,purchase_order_lines:00200,Operations,2026-09-29T23:00:00Z
SYN-PL-0091,SYN-PO-0091,SYN-SL-0091,SYN-PR-0023,1,3000000,true,purchase_order_lines:00091,Operations,2026-09-29T23:00:00Z
SYN-PL-0212,SYN-PO-0212,SYN-SL-0212,SYN-PR-0007,2,1510000,true,purchase_order_lines:00212,Operations,2026-09-29T23:00:00Z
SYN-PL-0105,SYN-PO-0105,SYN-SL-0105,SYN-PR-0006,2,320000,true,purchase_order_lines:00105,Operations,2026-09-29T23:00:00Z
SYN-PL-0159,SYN-PO-0159,SYN-SL-0159,SYN-PR-0031,3,3120000,true,purchase_order_lines:00159,Operations,2026-09-29T23:00:00Z
SYN-PL-0022,SYN-PO-0022,SYN-SL-0022,SYN-PR-0012,3,4210000,true,purchase_order_lines:00022,Operations,2026-09-29T23:00:00Z
SYN-PL-0095,SYN-PO-0095,SYN-SL-0095,SYN-PR-0038,2,4820000,true,purchase_order_lines:00095,Operations,2026-09-29T23:00:00Z
