purchase_order_id,supplier_id,order_date,expected_receipt_date,status,currency,updated_at,is_synthetic,_source_row_id,_source_system,_extract_at
SYN-PO-0039,SYN-SU-0005,2026-04-12,2026-05-01,Received,PKR,2026-05-01T12:00:00Z,true,purchase_orders:00039,Operations,2026-09-29T23:00:00Z
SYN-PO-0082,SYN-SU-0004,2026-04-19,2026-05-08,Received,PKR,2026-05-08T12:00:00Z,true,purchase_orders:00082,Operations,2026-09-29T23:00:00Z
SYN-PO-0138,SYN-SU-0009,2026-02-12,2026-03-03,Received,PKR,2026-03-03T12:00:00Z,true,purchase_orders:00138,Operations,2026-09-29T23:00:00Z
SYN-PO-0206,SYN-SU-0009,2026-04-22,2026-05-11,Ordered,PKR,2026-04-22T12:00:00Z,true,purchase_orders:00206,Operations,2026-09-29T23:00:00Z
SYN-PO-0099,SYN-SU-0008,2026-01-26,2026-02-14,Received,PKR,2026-02-14T12:00:00Z,true,purchase_orders:00099,Operations,2026-09-29T23:00:00Z
SYN-PO-0190,SYN-SU-0009,2026-07-14,2026-08-02,Ordered,PKR,2026-07-14T12:00:00Z,true,purchase_orders:00190,Operations,2026-09-29T23:00:00Z
SYN-PO-0095,SYN-SU-0002,2026-05-15,2026-06-03,RECEIVED ,PKR,2026-06-03T12:00:00Z,true,purchase_orders:00095,Operations,2026-09-29T23:00:00Z
SYN-PO-0188,SYN-SU-0007,2026-06-21,2026-07-10,Ordered,PKR,2026-06-21T12:00:00Z,true,purchase_orders:00188,Operations,2026-09-29T23:00:00Z
SYN-PO-0108,SYN-SU-0004,2026-04-09,2026-04-28,Received,PKR,2026-04-28T12:00:00Z,true,purchase_orders:00108,Operations,2026-09-29T23:00:00Z
SYN-PO-0022,SYN-SU-0012,2026-01-20,2026-02-08,Received,PKR,2026-02-08T12:00:00Z,true,purchase_orders:00022,Operations,2026-09-29T23:00:00Z
SYN-PO-0112,SYN-SU-0012,15/04/2026,2026-05-04,Received,PKR,2026-05-04T12:00:00Z,true,purchase_orders:00112,Operations,2026-09-29T23:00:00Z
SYN-PO-0137,SYN-SU-0001,2026-06-08,2026-06-27,Received,PKR,2026-06-27T12:00:00Z,true,purchase_orders:00137,Operations,2026-09-29T23:00:00Z
SYN-PO-0111,SYN-SU-0005,2026-04-15,2026-05-04,Received,PKR,2026-05-04T12:00:00Z,true,purchase_orders:00111,Operations,2026-09-29T23:00:00Z
SYN-PO-0196,SYN-SU-0007,2026-04-23,2026-05-12,Ordered,PKR,2026-04-23T12:00:00Z,true,purchase_orders:00196,Operations,2026-09-29T23:00:00Z
SYN-PO-0059,SYN-SU-0002,2026-04-02,2026-04-21,Received,PKR,2026-04-21T12:00:00Z,true,purchase_orders:00059,Operations,2026-09-29T23:00:00Z
SYN-PO-0145,SYN-SU-0002,27/06/2026,2026-07-16,RECEIVED ,PKR,2026-07-16T12:00:00Z,true,purchase_orders:00145,Operations,2026-09-29T23:00:00Z
SYN-PO-0167,SYN-SU-0002,16/08/2026,2026-09-04,Received,PKR,2026-09-04T12:00:00Z,true,purchase_orders:00167,Operations,2026-09-29T23:00:00Z
SYN-PO-0054,SYN-SU-0001,2026-07-23,2026-08-11,Received,PKR,2026-08-11T12:00:00Z,true,purchase_orders:00054,Operations,2026-09-29T23:00:00Z
SYN-PO-0189,SYN-SU-0003,21/06/2026,2026-07-10,Ordered,PKR,2026-06-21T12:00:00Z,true,purchase_orders:00189,Operations,2026-09-29T23:00:00Z
SYN-PO-0150,SYN-SU-0004,2026-06-14,2026-07-03,Received,PKR,2026-07-03T12:00:00Z,true,purchase_orders:00150,Operations,2026-09-29T23:00:00Z
SYN-PO-0107,SYN-SU-0010,2026-04-09,2026-04-28,Received,PKR,2026-04-28T12:00:00Z,true,purchase_orders:00107,Operations,2026-09-29T23:00:00Z
SYN-PO-0168,SYN-SU-0008,2026-08-16,2026-09-04,Received,PKR,2026-09-04T12:00:00Z,true,purchase_orders:00168,Operations,2026-09-29T23:00:00Z
SYN-PO-0163,SYN-SU-0007,2026-08-01,2026-08-20,Received,PKR,2026-08-20T12:00:00Z,true,purchase_orders:00163,Operations,2026-09-29T23:00:00Z
SYN-PO-0056,SYN-SU-0009,2026-01-25,2026-02-13,Received,PKR,2026-02-13T12:00:00Z,true,purchase_orders:00056,Operations,2026-09-29T23:00:00Z
SYN-PO-0087,SYN-SU-0002,2026-08-03,2026-08-22,Received,PKR,2026-08-22T12:00:00Z,true,purchase_orders:00087,Operations,2026-09-29T23:00:00Z
SYN-PO-0118,SYN-SU-0002,2026-03-22,2026-04-10,Received,PKR,2026-04-10T12:00:00Z,true,purchase_orders:00118,Operations,2026-09-29T23:00:00Z
SYN-PO-0113,SYN-SU-0003,2026-05-29,2026-06-17,Received,PKR,2026-06-17T12:00:00Z,true,purchase_orders:00113,Operations,2026-09-29T23:00:00Z
SYN-PO-0053,SYN-SU-0011,2026-07-23,2026-08-11,Received,PKR,2026-08-11T12:00:00Z,true,purchase_orders:00053,Operations,2026-09-29T23:00:00Z
SYN-PO-0132,SYN-SU-0011,2026-03-31,2026-04-19,Received,PKR,2026-04-19T12:00:00Z,true,purchase_orders:00132,Operations,2026-09-29T23:00:00Z
SYN-PO-0034,SYN-SU-0004,2026-08-17,2026-09-05,Received,PKR,2026-09-05T12:00:00Z,true,purchase_orders:00034,Operations,2026-09-29T23:00:00Z
SYN-PO-0182,SYN-SU-0005,2026-07-08,2026-07-27,Ordered,PKR,2026-07-08T12:00:00Z,true,purchase_orders:00182,Operations,2026-09-29T23:00:00Z
SYN-PO-0141,SYN-SU-0010,2026-05-14,2026-06-02,Received,PKR,2026-06-02T12:00:00Z,true,purchase_orders:00141,Operations,2026-09-29T23:00:00Z
SYN-PO-0175,SYN-SU-0005,2026-06-24,2026-07-13,ORDERED ,PKR,2026-06-24T12:00:00Z,true,purchase_orders:00175,Operations,2026-09-29T23:00:00Z
SYN-PO-0001,SYN-SU-0012,2026-05-08,2026-05-27,Received,PKR,2026-05-27T12:00:00Z,true,purchase_orders:DUP:00000,Operations,2026-09-29T23:00:00Z
SYN-PO-0005,SYN-SU-0009,2026-05-12,2026-05-31,RECEIVED ,PKR,2026-05-31T12:00:00Z,true,purchase_orders:00005,Operations,2026-09-29T23:00:00Z
SYN-PO-0140,SYN-SU-0002,14-May-2026,2026-06-02,Received,PKR,2026-06-02T12:00:00Z,true,purchase_orders:00140,Operations,2026-09-29T23:00:00Z
SYN-PO-0031,SYN-SU-0003,2026-03-24,2026-04-12,Received,PKR,2026-04-12T12:00:00Z,true,purchase_orders:00031,Operations,2026-09-29T23:00:00Z
SYN-PO-0009,SYN-SU-0003,2026-07-05,2026-07-24,Received,PKR,2026-07-24T12:00:00Z,YES,purchase_orders:00009,Operations,2026-09-29T23:00:00Z
SYN-PO-0091,SYN-SU-0011,2026-01-22,2026-02-10,Received,PKR,2026-02-10T12:00:00Z,true,purchase_orders:00091,Operations,2026-09-29T23:00:00Z
SYN-PO-0125,SYN-SU-0005,2026-04-18,2026-05-07,RECEIVED ,PKR,2026-05-07T12:00:00Z,true,purchase_orders:00125,Operations,2026-09-29T23:00:00Z
SYN-PO-0114,SYN-SU-0011,2026-04-17,2026-05-06,Received,PKR,2026-05-06T12:00:00Z,true,purchase_orders:00114,Operations,2026-09-29T23:00:00Z
SYN-PO-0129,SYN-SU-0003,2026-05-14,2026-06-02,Received,PKR,2026-06-02T12:00:00Z,true,purchase_orders:00129,Operations,2026-09-29T23:00:00Z
SYN-PO-0012,SYN-SU-0005,2026-07-05,2026-07-24,Received,PKR,2026-07-24T12:00:00Z,true,purchase_orders:00012,Operations,2026-09-29T23:00:00Z
SYN-PO-0052,SYN-SU-0011,2026-06-23,2026-07-12,Received,PKR,2026-07-12T12:00:00Z,true,purchase_orders:00052,Operations,2026-09-29T23:00:00Z
SYN-PO-0133,SYN-SU-0011,2026-03-31,2026-04-19,Received,PKR,2026-04-19T12:00:00Z,true,purchase_orders:00133,Operations,2026-09-29T23:00:00Z
SYN-PO-0092,SYN-SU-0006,2026-01-22,2026-02-10,Received,PKR,2026-02-10T12:00:00Z,true,purchase_orders:00092,Operations,2026-09-29T23:00:00Z
SYN-PO-0025,SYN-SU-0004,2026-03-17,2026-04-05,RECEIVED ,PKR,2026-04-05T12:00:00Z,true,purchase_orders:00025,Operations,2026-09-29T23:00:00Z
SYN-PO-0180,SYN-SU-0002,2026-07-09,2026-07-28,Ordered,PKR,2026-07-09T12:00:00Z,YES,purchase_orders:00180,Operations,2026-09-29T23:00:00Z
SYN-PO-0185,SYN-SU-0006,2026-07-30,2026-08-18,ORDERED ,PKR,2026-07-30T12:00:00Z,true,purchase_orders:00185,Operations,2026-09-29T23:00:00Z
SYN-PO-0154,SYN-SU-0005,2026-04-11,2026-04-30,Received,PKR,2026-04-30T12:00:00Z,true,purchase_orders:00154,Operations,2026-09-29T23:00:00Z
SYN-PO-0176,SYN-SU-0007,2026-07-16,2026-08-04,Ordered,PKR,2026-07-16T12:00:00Z,true,purchase_orders:00176,Operations,2026-09-29T23:00:00Z
SYN-PO-0136,SYN-SU-0008,2026-06-08,2026-06-27,Received,PKR,2026-06-27T12:00:00Z,true,purchase_orders:00136,Operations,2026-09-29T23:00:00Z
SYN-PO-0117,SYN-SU-0010,2026-03-02,2026-03-21,Received,PKR,2026-03-21T12:00:00Z,true,purchase_orders:00117,Operations,2026-09-29T23:00:00Z
SYN-PO-0097,SYN-SU-0012,2026-07-01,2026-07-20,Received,PKR,2026-07-20T12:00:00Z,true,purchase_orders:00097,Operations,2026-09-29T23:00:00Z
SYN-PO-0036,SYN-SU-0003,2026-06-02,2026-06-21,Received,PKR,2026-06-21T12:00:00Z,true,purchase_orders:00036,Operations,2026-09-29T23:00:00Z
SYN-PO-0065,SYN-SU-0007,2026-01-23,2026-02-11,RECEIVED ,PKR,2026-02-11T12:00:00Z,true,purchase_orders:00065,Operations,2026-09-29T23:00:00Z
SYN-PO-0064,SYN-SU-0008,2026-01-23,2026-02-11,Received,PKR,2026-02-11T12:00:00Z,true,purchase_orders:00064,Operations,2026-09-29T23:00:00Z
SYN-PO-0029,SYN-SU-0001,2026-02-01,2026-02-20,Received,PKR,2026-02-20T12:00:00Z,true,purchase_orders:00029,Operations,2026-09-29T23:00:00Z
SYN-PO-0101,SYN-SU-0010,23/02/2026,2026-03-14,Received,PKR,2026-03-14T12:00:00Z,true,purchase_orders:00101,Operations,2026-09-29T23:00:00Z
SYN-PO-0212,SYN-SU-0007,2026-06-15,2026-07-04,Ordered,PKR,2026-06-15T12:00:00Z,true,purchase_orders:00212,Operations,2026-09-29T23:00:00Z
SYN-PO-0088,SYN-SU-0002,2026-03-05,2026-03-24,Received,PKR,2026-03-24T12:00:00Z,true,purchase_orders:00088,Operations,2026-09-29T23:00:00Z
SYN-PO-0047,SYN-SU-0001,2026-05-09,2026-05-28,Received,PKR,2026-05-28T12:00:00Z,YES,purchase_orders:00047,Operations,2026-09-29T23:00:00Z
SYN-PO-0187,SYN-SU-0006,2026-06-21,2026-07-10,Ordered,PKR,2026-06-21T12:00:00Z,true,purchase_orders:00187,Operations,2026-09-29T23:00:00Z
SYN-PO-0013,SYN-SU-0007,13/08/2026,2026-09-01,Received,PKR,2026-09-01T12:00:00Z,true,purchase_orders:00013,Operations,2026-09-29T23:00:00Z
SYN-PO-0006,SYN-SU-0008,2026-02-10,2026-03-01,Received,PKR,2026-03-01T12:00:00Z,true,purchase_orders:00006,Operations,2026-09-29T23:00:00Z
SYN-PO-0086,SYN-SU-0002,2026-08-03,2026-08-22,Received,PKR,2026-08-22T12:00:00Z,true,purchase_orders:00086,Operations,2026-09-29T23:00:00Z
SYN-PO-0204,SYN-SU-0002,2026-04-24,2026-05-13,Ordered,PKR,2026-04-24T12:00:00Z,true,purchase_orders:00204,Operations,2026-09-29T23:00:00Z
SYN-PO-0207,SYN-SU-0006,2026-04-22,2026-05-11,Ordered,PKR,2026-04-22T12:00:00Z,true,purchase_orders:00207,Operations,2026-09-29T23:00:00Z
SYN-PO-0050,SYN-SU-0010,2026-06-06,2026-06-25,Received,PKR,2026-06-25T12:00:00Z,true,purchase_orders:00050,Operations,2026-09-29T23:00:00Z
SYN-PO-0102,SYN-SU-0005,2026-02-23,2026-03-14,Received,PKR,2026-03-14T12:00:00Z,true,purchase_orders:00102,Operations,2026-09-29T23:00:00Z
SYN-PO-0152,SYN-SU-0005,2026-06-14,2026-07-03,Received,PKR,2026-07-03T12:00:00Z,true,purchase_orders:00152,Operations,2026-09-29T23:00:00Z
SYN-PO-0125,SYN-SU-0005,2026-04-18,2026-05-07,RECEIVED ,PKR,2026-05-07T12:00:00Z,true,purchase_orders:DUP:00124,Operations,2026-09-29T23:00:00Z
SYN-PO-0197,SYN-SU-0008,2026-04-07,2026-04-26,Ordered,PKR,2026-04-07T12:00:00Z,true,purchase_orders:00197,Operations,2026-09-29T23:00:00Z
SYN-PO-0061,SYN-SU-0004,2026-04-02,2026-04-21,Received,PKR,2026-04-21T12:00:00Z,true,purchase_orders:00061,Operations,2026-09-29T23:00:00Z
SYN-PO-0032,SYN-SU-0004,2026-03-04,2026-03-23,Received,PKR,2026-03-23T12:00:00Z,true,purchase_orders:DUP:00031,Operations,2026-09-29T23:00:00Z
SYN-PO-0042,SYN-SU-0011,2026-03-31,2026-04-19,Received,PKR,2026-04-19T12:00:00Z,true,purchase_orders:00042,Operations,2026-09-29T23:00:00Z
SYN-PO-0187,SYN-SU-0006,2026-06-21,2026-07-10,Ordered,PKR,2026-06-21T12:00:00Z,true,purchase_orders:DUP:00186,Operations,2026-09-29T23:00:00Z
SYN-PO-0001,SYN-SU-0012,2026-05-08,2026-05-27,Received,PKR,2026-05-27T12:00:00Z,true,purchase_orders:00001,Operations,2026-09-29T23:00:00Z
SYN-PO-0172,SYN-SU-0005,2026-07-29,2026-08-17,Ordered,PKR,2026-07-29T12:00:00Z,true,purchase_orders:00172,Operations,2026-09-29T23:00:00Z
SYN-PO-0016,SYN-SU-0004,2026-03-22,2026-04-10,Received,PKR,2026-04-10T12:00:00Z,true,purchase_orders:00016,Operations,2026-09-29T23:00:00Z
SYN-PO-0069,SYN-SU-0004,2026-08-09,2026-08-28,Received,PKR,2026-08-28T12:00:00Z,true,purchase_orders:00069,Operations,2026-09-29T23:00:00Z
SYN-PO-0119,SYN-SU-0001,2026-08-16,2026-09-04,Received,PKR,2026-09-04T12:00:00Z,true,purchase_orders:00119,Operations,2026-09-29T23:00:00Z
SYN-PO-0213,SYN-SU-0001,2026-08-13,2026-09-01,Ordered,PKR,2026-08-13T12:00:00Z,true,purchase_orders:00213,Operations,2026-09-29T23:00:00Z
SYN-PO-0155,SYN-SU-0001,2026-04-11,2026-04-30,RECEIVED ,PKR,2026-04-30T12:00:00Z,true,purchase_orders:00155,Operations,2026-09-29T23:00:00Z
SYN-PO-0080,SYN-SU-0003,2026-04-19,2026-05-08,Received,PKR,2026-05-08T12:00:00Z,true,purchase_orders:00080,Operations,2026-09-29T23:00:00Z
SYN-PO-0046,SYN-SU-0005,09/05/2026,2026-05-28,Received,PKR,2026-05-28T12:00:00Z,true,purchase_orders:00046,Operations,2026-09-29T23:00:00Z
SYN-PO-0096,SYN-SU-0008,2026-07-01,2026-07-20,Received,PKR,2026-07-20T12:00:00Z,true,purchase_orders:00096,Operations,2026-09-29T23:00:00Z
SYN-PO-0007,SYN-SU-0003,2026-02-10,2026-03-01,Received,PKR,2026-03-01T12:00:00Z,true,purchase_orders:00007,Operations,2026-09-29T23:00:00Z
SYN-PO-0120,SYN-SU-0006,2026-08-16,2026-09-04,Received,PKR,2026-09-04T12:00:00Z,true,purchase_orders:00120,Operations,2026-09-29T23:00:00Z
SYN-PO-0028,SYN-SU-0003,2026-03-20,2026-04-08,Received,PKR,2026-04-08T12:00:00Z,YES,purchase_orders:00028,Operations,2026-09-29T23:00:00Z
SYN-PO-0051,SYN-SU-0002,2026-06-23,2026-07-12,Received,PKR,2026-07-12T12:00:00Z,true,purchase_orders:00051,Operations,2026-09-29T23:00:00Z
SYN-PO-0149,SYN-SU-0010,2026-04-21,2026-05-10,Received,PKR,2026-05-10T12:00:00Z,true,purchase_orders:00149,Operations,2026-09-29T23:00:00Z
SYN-PO-0079,SYN-SU-0011,13/04/2026,2026-05-02,Received,PKR,2026-05-02T12:00:00Z,true,purchase_orders:00079,Operations,2026-09-29T23:00:00Z
SYN-PO-0181,SYN-SU-0002,2026-08-21,2026-09-09,Ordered,PKR,2026-08-21T12:00:00Z,true,purchase_orders:00181,Operations,2026-09-29T23:00:00Z
SYN-PO-0177,SYN-SU-0007,2026-07-16,2026-08-04,Ordered,PKR,2026-07-16T12:00:00Z,true,purchase_orders:00177,Operations,2026-09-29T23:00:00Z
SYN-PO-0033,SYN-SU-0008,2026-08-17,2026-09-05,Received,PKR,2026-09-05T12:00:00Z,true,purchase_orders:00033,Operations,2026-09-29T23:00:00Z
SYN-PO-0068,SYN-SU-0004,09/08/2026,2026-08-28,Received,PKR,2026-08-28T12:00:00Z,true,purchase_orders:00068,Operations,2026-09-29T23:00:00Z
SYN-PO-0214,SYN-SU-0002,2026-07-16,2026-08-04,Ordered,PKR,2026-07-16T12:00:00Z,true,purchase_orders:00214,Operations,2026-09-29T23:00:00Z
SYN-PO-0062,SYN-SU-0004,2026-08-12,2026-08-31,Received,PKR,2026-08-31T12:00:00Z,true,purchase_orders:00062,Operations,2026-09-29T23:00:00Z
SYN-PO-0116,SYN-SU-0007,2026-03-02,2026-03-21,Received,PKR,2026-03-21T12:00:00Z,true,purchase_orders:00116,Operations,2026-09-29T23:00:00Z
SYN-PO-0157,SYN-SU-0012,15-Aug-2026,2026-09-03,Received,PKR,2026-09-03T12:00:00Z,true,purchase_orders:00157,Operations,2026-09-29T23:00:00Z
SYN-PO-0144,SYN-SU-0003,2026-06-27,2026-07-16,Received,PKR,2026-07-16T12:00:00Z,true,purchase_orders:00144,Operations,2026-09-29T23:00:00Z
SYN-PO-0003,SYN-SU-0004,2026-05-08,2026-05-27,Received,PKR,2026-05-27T12:00:00Z,true,purchase_orders:00003,Operations,2026-09-29T23:00:00Z
SYN-PO-0106,SYN-SU-0005,03-May-2026,2026-05-22,Received,PKR,2026-05-22T12:00:00Z,true,purchase_orders:00106,Operations,2026-09-29T23:00:00Z
SYN-PO-0038,SYN-SU-0003,12-Apr-2026,2026-05-01,Received,PKR,2026-05-01T12:00:00Z,true,purchase_orders:00038,Operations,2026-09-29T23:00:00Z
SYN-PO-0014,SYN-SU-0004,2026-08-13,2026-09-01,Received,PKR,2026-09-01T12:00:00Z,true,purchase_orders:00014,Operations,2026-09-29T23:00:00Z
SYN-PO-0205,SYN-SU-0003,2026-04-22,2026-05-11,ORDERED ,PKR,2026-04-22T12:00:00Z,true,purchase_orders:00205,Operations,2026-09-29T23:00:00Z
SYN-PO-0063,SYN-SU-0009,2026-04-10,2026-04-29,Received,PKR,2026-04-29T12:00:00Z,true,purchase_orders:00063,Operations,2026-09-29T23:00:00Z
SYN-PO-0156,SYN-SU-0002,24/03/2026,2026-04-12,Received,PKR,2026-04-12T12:00:00Z,true,purchase_orders:DUP:00155,Operations,2026-09-29T23:00:00Z
SYN-PO-0203,SYN-SU-0009,2026-04-24,2026-05-13,Ordered,PKR,2026-04-24T12:00:00Z,true,purchase_orders:00203,Operations,2026-09-29T23:00:00Z
SYN-PO-0008,SYN-SU-0004,2026-07-26,2026-08-14,Received,PKR,2026-08-14T12:00:00Z,true,purchase_orders:00008,Operations,2026-09-29T23:00:00Z
SYN-PO-0195,SYN-SU-0002,2026-04-23,2026-05-12,ORDERED ,PKR,2026-04-23T12:00:00Z,true,purchase_orders:00195,Operations,2026-09-29T23:00:00Z
SYN-PO-0151,SYN-SU-0002,2026-06-14,2026-07-03,Received,PKR,2026-07-03T12:00:00Z,true,purchase_orders:00151,Operations,2026-09-29T23:00:00Z
SYN-PO-0094,SYN-SU-0011,2026-05-15,2026-06-03,Received,PKR,2026-06-03T12:00:00Z,true,purchase_orders:00094,Operations,2026-09-29T23:00:00Z
SYN-PO-0004,SYN-SU-0007,08-May-2026,2026-05-27,Received,PKR,2026-05-27T12:00:00Z,true,purchase_orders:00004,Operations,2026-09-29T23:00:00Z
SYN-PO-0063,SYN-SU-0009,2026-04-10,2026-04-29,Received,PKR,2026-04-29T12:00:00Z,true,purchase_orders:DUP:00062,Operations,2026-09-29T23:00:00Z
SYN-PO-0148,SYN-SU-0009,2026-04-24,2026-05-13,Received,PKR,2026-05-13T12:00:00Z,true,purchase_orders:00148,Operations,2026-09-29T23:00:00Z
SYN-PO-0194,SYN-SU-0010,2026-07-27,2026-08-15,Ordered,PKR,2026-07-27T12:00:00Z,true,purchase_orders:00194,Operations,2026-09-29T23:00:00Z
SYN-PO-0146,SYN-SU-0012,2026-06-27,2026-07-16,Received,PKR,2026-07-16T12:00:00Z,true,purchase_orders:00146,Operations,2026-09-29T23:00:00Z
SYN-PO-0035,SYN-SU-0011,02/06/2026,2026-06-21,RECEIVED ,PKR,2026-06-21T12:00:00Z,true,purchase_orders:00035,Operations,2026-09-29T23:00:00Z
SYN-PO-0015,SYN-SU-0012,2026-08-13,2026-09-01,RECEIVED ,PKR,2026-09-01T12:00:00Z,true,purchase_orders:00015,Operations,2026-09-29T23:00:00Z
SYN-PO-0081,SYN-SU-0005,2026-04-19,2026-05-08,Received,PKR,2026-05-08T12:00:00Z,true,purchase_orders:00081,Operations,2026-09-29T23:00:00Z
SYN-PO-0100,SYN-SU-0008,2026-01-26,2026-02-14,Received,PKR,2026-02-14T12:00:00Z,true,purchase_orders:00100,Operations,2026-09-29T23:00:00Z
SYN-PO-0067,SYN-SU-0009,2026-08-09,2026-08-28,Received,PKR,2026-08-28T12:00:00Z,true,purchase_orders:00067,Operations,2026-09-29T23:00:00Z
SYN-PO-0165,SYN-SU-0007,2026-03-19,2026-04-07,RECEIVED ,PKR,2026-04-07T12:00:00Z,true,purchase_orders:00165,Operations,2026-09-29T23:00:00Z
SYN-PO-0211,SYN-SU-0005,15/06/2026,2026-07-04,Ordered,PKR,2026-06-15T12:00:00Z,true,purchase_orders:00211,Operations,2026-09-29T23:00:00Z
SYN-PO-0037,SYN-SU-0007,2026-07-28,2026-08-16,Received,PKR,2026-08-16T12:00:00Z,true,purchase_orders:00037,Operations,2026-09-29T23:00:00Z
SYN-PO-0208,SYN-SU-0006,30-Apr-2026,2026-05-19,Ordered,PKR,2026-04-30T12:00:00Z,true,purchase_orders:00208,Operations,2026-09-29T23:00:00Z
SYN-PO-0083,SYN-SU-0002,2026-07-31,2026-08-19,Received,PKR,2026-08-19T12:00:00Z,true,purchase_orders:00083,Operations,2026-09-29T23:00:00Z
SYN-PO-0089,SYN-SU-0006,17-Mar-2026,2026-04-05,Received,PKR,2026-04-05T12:00:00Z,true,purchase_orders:00089,Operations,2026-09-29T23:00:00Z
SYN-PO-0027,SYN-SU-0009,2026-03-17,2026-04-05,Received,PKR,2026-04-05T12:00:00Z,true,purchase_orders:00027,Operations,2026-09-29T23:00:00Z
SYN-PO-0200,SYN-SU-0004,11/05/2026,2026-05-30,Ordered,PKR,2026-05-11T12:00:00Z,true,purchase_orders:00200,Operations,2026-09-29T23:00:00Z
SYN-PO-0127,SYN-SU-0007,2026-07-04,2026-07-23,Received,PKR,2026-07-23T12:00:00Z,true,purchase_orders:00127,Operations,2026-09-29T23:00:00Z
SYN-PO-0024,SYN-SU-0007,23/02/2026,2026-03-14,Received,PKR,2026-03-14T12:00:00Z,true,purchase_orders:00024,Operations,2026-09-29T23:00:00Z
SYN-PO-0162,SYN-SU-0011,2026-08-01,2026-08-20,Received,PKR,2026-08-20T12:00:00Z,true,purchase_orders:00162,Operations,2026-09-29T23:00:00Z
SYN-PO-0066,SYN-SU-0001,2026-01-23,2026-02-11,Received,PKR,2026-02-11T12:00:00Z,YES,purchase_orders:00066,Operations,2026-09-29T23:00:00Z
SYN-PO-0076,SYN-SU-0001,2026-06-10,2026-06-29,Received,PKR,2026-06-29T12:00:00Z,true,purchase_orders:00076,Operations,2026-09-29T23:00:00Z
SYN-PO-0017,SYN-SU-0009,2026-07-24,2026-08-12,Received,PKR,2026-08-12T12:00:00Z,true,purchase_orders:00017,Operations,2026-09-29T23:00:00Z
SYN-PO-0130,SYN-SU-0009,2026-05-14,2026-06-02,Received,PKR,2026-06-02T12:00:00Z,true,purchase_orders:00130,Operations,2026-09-29T23:00:00Z
SYN-PO-0104,SYN-SU-0004,2026-05-03,2026-05-22,Received,PKR,2026-05-22T12:00:00Z,YES,purchase_orders:00104,Operations,2026-09-29T23:00:00Z
SYN-PO-0049,SYN-SU-0002,2026-04-19,2026-05-08,Received,PKR,2026-05-08T12:00:00Z,true,purchase_orders:00049,Operations,2026-09-29T23:00:00Z
SYN-PO-0183,SYN-SU-0004,2026-07-08,2026-07-27,Ordered,PKR,2026-07-08T12:00:00Z,true,purchase_orders:00183,Operations,2026-09-29T23:00:00Z
SYN-PO-0160,SYN-SU-0010,2026-08-15,2026-09-03,Received,PKR,2026-09-03T12:00:00Z,true,purchase_orders:00160,Operations,2026-09-29T23:00:00Z
SYN-PO-0002,SYN-SU-0007,08/05/2026,2026-05-27,Received,PKR,2026-05-27T12:00:00Z,true,purchase_orders:00002,Operations,2026-09-29T23:00:00Z
SYN-PO-0115,SYN-SU-0001,2026-03-02,2026-03-21,RECEIVED ,PKR,2026-03-21T12:00:00Z,true,purchase_orders:00115,Operations,2026-09-29T23:00:00Z
SYN-PO-0110,SYN-SU-0007,2026-04-15,2026-05-04,Received,PKR,2026-05-04T12:00:00Z,true,purchase_orders:00110,Operations,2026-09-29T23:00:00Z
SYN-PO-0164,SYN-SU-0008,2026-03-19,2026-04-07,Received,PKR,2026-04-07T12:00:00Z,true,purchase_orders:00164,Operations,2026-09-29T23:00:00Z
SYN-PO-0026,SYN-SU-0008,2026-03-17,2026-04-05,Received,PKR,2026-04-05T12:00:00Z,true,purchase_orders:00026,Operations,2026-09-29T23:00:00Z
SYN-PO-0135,SYN-SU-0011,2026-06-21,2026-07-10,RECEIVED ,PKR,2026-07-10T12:00:00Z,true,purchase_orders:00135,Operations,2026-09-29T23:00:00Z
SYN-PO-0021,SYN-SU-0001,20-Jan-2026,2026-02-08,Received,PKR,2026-02-08T12:00:00Z,true,purchase_orders:00021,Operations,2026-09-29T23:00:00Z
SYN-PO-0192,SYN-SU-0005,2026-07-27,2026-08-15,Ordered,PKR,2026-07-27T12:00:00Z,true,purchase_orders:00192,Operations,2026-09-29T23:00:00Z
SYN-PO-0131,SYN-SU-0009,2026-03-03,2026-03-22,Received,PKR,2026-03-22T12:00:00Z,true,purchase_orders:00131,Operations,2026-09-29T23:00:00Z
SYN-PO-0178,SYN-SU-0004,16/07/2026,2026-08-04,Ordered,PKR,2026-07-16T12:00:00Z,true,purchase_orders:00178,Operations,2026-09-29T23:00:00Z
SYN-PO-0215,SYN-SU-0002,2026-07-16,2026-08-04,ORDERED ,PKR,2026-07-16T12:00:00Z,true,purchase_orders:00215,Operations,2026-09-29T23:00:00Z
SYN-PO-0093,SYN-SU-0008,2026-01-22,2026-02-10,Received,PKR,2026-02-10T12:00:00Z,true,purchase_orders:00093,Operations,2026-09-29T23:00:00Z
SYN-PO-0143,SYN-SU-0005,2026-06-27,2026-07-16,Received,PKR,2026-07-16T12:00:00Z,true,purchase_orders:00143,Operations,2026-09-29T23:00:00Z
SYN-PO-0179,SYN-SU-0002,2026-07-09,2026-07-28,Ordered,PKR,2026-07-09T12:00:00Z,true,purchase_orders:00179,Operations,2026-09-29T23:00:00Z
SYN-PO-0044,SYN-SU-0010,2026-03-31,2026-04-19,Received,PKR,2026-04-19T12:00:00Z,true,purchase_orders:00044,Operations,2026-09-29T23:00:00Z
SYN-PO-0041,SYN-SU-0001,2026-04-12,2026-05-01,Received,PKR,2026-05-01T12:00:00Z,true,purchase_orders:00041,Operations,2026-09-29T23:00:00Z
SYN-PO-0126,SYN-SU-0001,2026-04-18,2026-05-07,Received,PKR,2026-05-07T12:00:00Z,true,purchase_orders:00126,Operations,2026-09-29T23:00:00Z
SYN-PO-0030,SYN-SU-0007,2026-02-01,2026-02-20,Received,PKR,2026-02-20T12:00:00Z,true,purchase_orders:00030,Operations,2026-09-29T23:00:00Z
SYN-PO-0074,SYN-SU-0006,2026-04-03,2026-04-22,Received,PKR,2026-04-22T12:00:00Z,true,purchase_orders:00074,Operations,2026-09-29T23:00:00Z
SYN-PO-0122,SYN-SU-0006,2026-02-01,2026-02-20,Received,PKR,2026-02-20T12:00:00Z,true,purchase_orders:00122,Operations,2026-09-29T23:00:00Z
SYN-PO-0124,SYN-SU-0012,2026-07-20,2026-08-08,Received,PKR,2026-08-08T12:00:00Z,true,purchase_orders:00124,Operations,2026-09-29T23:00:00Z
SYN-PO-0170,SYN-SU-0012,2026-05-12,2026-05-31,Received,PKR,2026-05-31T12:00:00Z,true,purchase_orders:00170,Operations,2026-09-29T23:00:00Z
SYN-PO-0142,SYN-SU-0008,2026-01-17,2026-02-05,Received,PKR,2026-02-05T12:00:00Z,YES,purchase_orders:00142,Operations,2026-09-29T23:00:00Z
SYN-PO-0058,SYN-SU-0012,2026-01-25,2026-02-13,Received,PKR,2026-02-13T12:00:00Z,true,purchase_orders:00058,Operations,2026-09-29T23:00:00Z
SYN-PO-0040,SYN-SU-0002,2026-04-12,2026-05-01,Received,PKR,2026-05-01T12:00:00Z,true,purchase_orders:00040,Operations,2026-09-29T23:00:00Z
SYN-PO-0103,SYN-SU-0011,2026-05-03,2026-05-22,Received,PKR,2026-05-22T12:00:00Z,true,purchase_orders:00103,Operations,2026-09-29T23:00:00Z
SYN-PO-0098,SYN-SU-0003,2026-07-01,2026-07-20,Received,PKR,2026-07-20T12:00:00Z,true,purchase_orders:00098,Operations,2026-09-29T23:00:00Z
SYN-PO-0186,SYN-SU-0003,2026-07-30,2026-08-18,Ordered,PKR,2026-07-30T12:00:00Z,true,purchase_orders:00186,Operations,2026-09-29T23:00:00Z
SYN-PO-0202,SYN-SU-0008,2026-04-24,2026-05-13,Ordered,PKR,2026-04-24T12:00:00Z,true,purchase_orders:00202,Operations,2026-09-29T23:00:00Z
SYN-PO-0198,SYN-SU-0010,2026-04-07,2026-04-26,Ordered,PKR,2026-04-07T12:00:00Z,true,purchase_orders:00198,Operations,2026-09-29T23:00:00Z
SYN-PO-0139,SYN-SU-0004,2026-02-12,2026-03-03,Received,PKR,2026-03-03T12:00:00Z,true,purchase_orders:00139,Operations,2026-09-29T23:00:00Z
SYN-PO-0011,SYN-SU-0001,2026-07-05,2026-07-24,Received,PKR,2026-07-24T12:00:00Z,true,purchase_orders:00011,Operations,2026-09-29T23:00:00Z
SYN-PO-0147,SYN-SU-0002,2026-04-24,2026-05-13,Received,PKR,2026-05-13T12:00:00Z,true,purchase_orders:00147,Operations,2026-09-29T23:00:00Z
SYN-PO-0156,SYN-SU-0002,24/03/2026,2026-04-12,Received,PKR,2026-04-12T12:00:00Z,true,purchase_orders:00156,Operations,2026-09-29T23:00:00Z
SYN-PO-0191,SYN-SU-0004,14-Jul-2026,2026-08-02,Ordered,PKR,2026-07-14T12:00:00Z,true,purchase_orders:00191,Operations,2026-09-29T23:00:00Z
SYN-PO-0171,SYN-SU-0011,2026-07-29,2026-08-17,Ordered,PKR,2026-07-29T12:00:00Z,true,purchase_orders:00171,Operations,2026-09-29T23:00:00Z
SYN-PO-0020,SYN-SU-0007,2026-01-20,2026-02-08,Received,PKR,2026-02-08T12:00:00Z,true,purchase_orders:00020,Operations,2026-09-29T23:00:00Z
SYN-PO-0010,SYN-SU-0001,2026-07-05,2026-07-24,Received,PKR,2026-07-24T12:00:00Z,true,purchase_orders:00010,Operations,2026-09-29T23:00:00Z
SYN-PO-0023,SYN-SU-0006,2026-02-23,2026-03-14,Received,PKR,2026-03-14T12:00:00Z,true,purchase_orders:00023,Operations,2026-09-29T23:00:00Z
SYN-PO-0090,SYN-SU-0006,17/03/2026,2026-04-05,Received,PKR,2026-04-05T12:00:00Z,true,purchase_orders:00090,Operations,2026-09-29T23:00:00Z
SYN-PO-0084,SYN-SU-0011,2026-08-03,2026-08-22,Received,PKR,2026-08-22T12:00:00Z,true,purchase_orders:00084,Operations,2026-09-29T23:00:00Z
SYN-PO-0073,SYN-SU-0002,2026-04-03,2026-04-22,Received,PKR,2026-04-22T12:00:00Z,true,purchase_orders:00073,Operations,2026-09-29T23:00:00Z
SYN-PO-0153,SYN-SU-0001,2026-03-01,2026-03-20,Received,PKR,2026-03-20T12:00:00Z,true,purchase_orders:00153,Operations,2026-09-29T23:00:00Z
SYN-PO-0043,SYN-SU-0006,2026-03-31,2026-04-19,Received,PKR,2026-04-19T12:00:00Z,true,purchase_orders:00043,Operations,2026-09-29T23:00:00Z
SYN-PO-0045,SYN-SU-0001,2026-05-09,2026-05-28,RECEIVED ,PKR,2026-05-28T12:00:00Z,true,purchase_orders:00045,Operations,2026-09-29T23:00:00Z
SYN-PO-0173,SYN-SU-0008,2026-07-29,2026-08-17,Ordered,PKR,2026-07-29T12:00:00Z,true,purchase_orders:00173,Operations,2026-09-29T23:00:00Z
SYN-PO-0158,SYN-SU-0003,2026-08-15,2026-09-03,Received,PKR,2026-09-03T12:00:00Z,true,purchase_orders:00158,Operations,2026-09-29T23:00:00Z
SYN-PO-0169,SYN-SU-0005,2026-05-12,2026-05-31,Received,PKR,2026-05-31T12:00:00Z,true,purchase_orders:00169,Operations,2026-09-29T23:00:00Z
SYN-PO-0174,SYN-SU-0001,29-Jul-2026,2026-08-17,Ordered,PKR,2026-07-29T12:00:00Z,true,purchase_orders:00174,Operations,2026-09-29T23:00:00Z
SYN-PO-0060,SYN-SU-0011,2026-04-02,2026-04-21,Received,PKR,2026-04-21T12:00:00Z,true,purchase_orders:00060,Operations,2026-09-29T23:00:00Z
SYN-PO-0072,SYN-SU-0008,14-Apr-2026,2026-05-03,Received,PKR,2026-05-03T12:00:00Z,true,purchase_orders:00072,Operations,2026-09-29T23:00:00Z
SYN-PO-0199,SYN-SU-0011,2026-04-07,2026-04-26,Ordered,PKR,2026-04-07T12:00:00Z,YES,purchase_orders:00199,Operations,2026-09-29T23:00:00Z
SYN-PO-0201,SYN-SU-0010,2026-05-11,2026-05-30,Ordered,PKR,2026-05-11T12:00:00Z,true,purchase_orders:00201,Operations,2026-09-29T23:00:00Z
SYN-PO-0210,SYN-SU-0006,2026-06-15,2026-07-04,Ordered,PKR,2026-06-15T12:00:00Z,true,purchase_orders:00210,Operations,2026-09-29T23:00:00Z
SYN-PO-0071,SYN-SU-0012,2026-04-14,2026-05-03,Received,PKR,2026-05-03T12:00:00Z,true,purchase_orders:00071,Operations,2026-09-29T23:00:00Z
SYN-PO-0105,SYN-SU-0006,2026-05-03,2026-05-22,RECEIVED ,PKR,2026-05-22T12:00:00Z,true,purchase_orders:00105,Operations,2026-09-29T23:00:00Z
SYN-PO-0057,SYN-SU-0001,25/01/2026,2026-02-13,Received,PKR,2026-02-13T12:00:00Z,true,purchase_orders:00057,Operations,2026-09-29T23:00:00Z
SYN-PO-0094,SYN-SU-0011,2026-05-15,2026-06-03,Received,PKR,2026-06-03T12:00:00Z,true,purchase_orders:DUP:00093,Operations,2026-09-29T23:00:00Z
SYN-PO-0123,SYN-SU-0010,20/07/2026,2026-08-08,Received,PKR,2026-08-08T12:00:00Z,YES,purchase_orders:00123,Operations,2026-09-29T23:00:00Z
SYN-PO-0048,SYN-SU-0007,2026-04-19,2026-05-08,Received,PKR,2026-05-08T12:00:00Z,true,purchase_orders:00048,Operations,2026-09-29T23:00:00Z
SYN-PO-0134,SYN-SU-0003,21/06/2026,2026-07-10,Received,PKR,2026-07-10T12:00:00Z,true,purchase_orders:00134,Operations,2026-09-29T23:00:00Z
SYN-PO-0078,SYN-SU-0005,2026-06-10,2026-06-29,Received,PKR,2026-06-29T12:00:00Z,true,purchase_orders:00078,Operations,2026-09-29T23:00:00Z
SYN-PO-0055,SYN-SU-0007,23-Jul-2026,2026-08-11,RECEIVED ,PKR,2026-08-11T12:00:00Z,true,purchase_orders:00055,Operations,2026-09-29T23:00:00Z
SYN-PO-0075,SYN-SU-0008,2026-04-03,2026-04-22,RECEIVED ,PKR,2026-04-22T12:00:00Z,true,purchase_orders:00075,Operations,2026-09-29T23:00:00Z
SYN-PO-0128,SYN-SU-0011,2026-05-14,2026-06-02,Received,PKR,2026-06-02T12:00:00Z,true,purchase_orders:00128,Operations,2026-09-29T23:00:00Z
SYN-PO-0019,SYN-SU-0011,2026-07-24,2026-08-12,Received,PKR,2026-08-12T12:00:00Z,true,purchase_orders:00019,Operations,2026-09-29T23:00:00Z
SYN-PO-0018,SYN-SU-0007,2026-07-24,2026-08-12,Received,PKR,2026-08-12T12:00:00Z,true,purchase_orders:00018,Operations,2026-09-29T23:00:00Z
SYN-PO-0070,SYN-SU-0001,2026-04-14,2026-05-03,Received,PKR,2026-05-03T12:00:00Z,true,purchase_orders:00070,Operations,2026-09-29T23:00:00Z
SYN-PO-0032,SYN-SU-0004,2026-03-04,2026-03-23,Received,PKR,2026-03-23T12:00:00Z,true,purchase_orders:00032,Operations,2026-09-29T23:00:00Z
SYN-PO-0077,SYN-SU-0008,2026-06-10,2026-06-29,Received,PKR,2026-06-29T12:00:00Z,true,purchase_orders:00077,Operations,2026-09-29T23:00:00Z
SYN-PO-0085,SYN-SU-0001,2026-08-03,2026-08-22,RECEIVED ,PKR,2026-08-22T12:00:00Z,YES,purchase_orders:00085,Operations,2026-09-29T23:00:00Z
SYN-PO-0184,SYN-SU-0005,2026-07-08,2026-07-27,Ordered,PKR,2026-07-08T12:00:00Z,true,purchase_orders:00184,Operations,2026-09-29T23:00:00Z
SYN-PO-0109,SYN-SU-0004,2026-04-09,2026-04-28,Received,PKR,2026-04-28T12:00:00Z,true,purchase_orders:00109,Operations,2026-09-29T23:00:00Z
SYN-PO-0193,SYN-SU-0001,2026-07-27,2026-08-15,Ordered,PKR,2026-07-27T12:00:00Z,true,purchase_orders:00193,Operations,2026-09-29T23:00:00Z
SYN-PO-0209,SYN-SU-0002,2026-06-15,2026-07-04,Ordered,PKR,2026-06-15T12:00:00Z,true,purchase_orders:00209,Operations,2026-09-29T23:00:00Z
SYN-PO-0159,SYN-SU-0007,2026-08-15,2026-09-03,Received,PKR,2026-09-03T12:00:00Z,true,purchase_orders:00159,Operations,2026-09-29T23:00:00Z
SYN-PO-0121,SYN-SU-0001,2026-08-16,2026-09-04,Received,PKR,2026-09-04T12:00:00Z,true,purchase_orders:00121,Operations,2026-09-29T23:00:00Z
SYN-PO-0161,SYN-SU-0009,2026-04-26,2026-05-15,Received,PKR,2026-05-15T12:00:00Z,YES,purchase_orders:00161,Operations,2026-09-29T23:00:00Z
SYN-PO-0166,SYN-SU-0008,2026-05-02,2026-05-21,Received,PKR,2026-05-21T12:00:00Z,true,purchase_orders:00166,Operations,2026-09-29T23:00:00Z
