quotation_id,opportunity_id,quotation_date,validity_days,quoted_value_pkr,revision_no,updated_at,is_synthetic,_source_row_id,_source_system,_extract_at
SYN-QT-0007,SYN-OP-0007,2026-02-25,30,2740000,1,2026-03-27T12:00:00Z,true,quotations:00007,CRM,2026-09-29T23:00:00Z
SYN-QT-0165,SYN-OP-0165,2026-02-22,90,2470000,1,2026-03-24T12:00:00Z,true,quotations:00165,CRM,2026-09-29T23:00:00Z
SYN-QT-0011,SYN-OP-0011,2026-03-05,90,6310000,1,2026-04-04T12:00:00Z,true,quotations:00011,CRM,2026-09-29T23:00:00Z
SYN-QT-0050,SYN-OP-0050,2026-04-06,90,7060000,1,2026-05-06T12:00:00Z,true,quotations:00050,CRM,2026-09-29T23:00:00Z
SYN-QT-0080,SYN-OP-0080,2026-04-16,30,3220000,1,2026-05-16T12:00:00Z,true,quotations:00080,CRM,2026-09-29T23:00:00Z
SYN-QT-0174,SYN-OP-0174,27-Jan-2026,60,"PKR 6,320,000.00",1,2026-02-26T12:00:00Z,true,quotations:00174,CRM,2026-09-29T23:00:00Z
SYN-QT-0110,SYN-OP-0110,2026-02-12,30,6880000,1,2026-03-14T12:00:00Z,true,quotations:00110,CRM,2026-09-29T23:00:00Z
SYN-QT-0032,SYN-OP-0032,2026-03-28,90,3320000,1,2026-04-27T12:00:00Z,true,quotations:DUP:00031,CRM,2026-09-29T23:00:00Z
SYN-QT-0105,SYN-OP-0105,2026-02-12,30,3820000,1,2026-03-14T12:00:00Z,true,quotations:00105,CRM,2026-09-29T23:00:00Z
SYN-QT-0151,SYN-OP-0151,2026-02-17,60,1130000,1,2026-03-19T12:00:00Z,true,quotations:00151,CRM,2026-09-29T23:00:00Z
SYN-QT-0136,SYN-OP-0136,2026-02-26,90,5740000,1,2026-03-28T12:00:00Z,true,quotations:00136,CRM,2026-09-29T23:00:00Z
SYN-QT-0101,SYN-OP-0101,25/03/2026,60,4130000,1,2026-04-24T12:00:00Z,true,quotations:00101,CRM,2026-09-29T23:00:00Z
SYN-QT-0114,SYN-OP-0114,2026-07-30,60,"PKR 2,060,000.00",1,2026-08-29T12:00:00Z,true,quotations:00114,CRM,2026-09-29T23:00:00Z
SYN-QT-0169,SYN-OP-0169,2026-05-16,120,5820000,1,2026-06-15T12:00:00Z,true,quotations:00169,CRM,2026-09-29T23:00:00Z
SYN-QT-0143,SYN-OP-0143,2026-02-04,30,5320000,1,2026-03-06T12:00:00Z,true,quotations:00143,CRM,2026-09-29T23:00:00Z
SYN-QT-0064,SYN-OP-0064,2026-04-17,30,8450000,1,2026-05-17T12:00:00Z,true,quotations:00064,CRM,2026-09-29T23:00:00Z
SYN-QT-0077,SYN-OP-0077,2026-03-09,90,1090000,1,2026-04-08T12:00:00Z,true,quotations:00077,CRM,2026-09-29T23:00:00Z
SYN-QT-0121,SYN-OP-0121,2026-05-08,90,3740000,1,2026-06-07T12:00:00Z,true,quotations:00121,CRM,2026-09-29T23:00:00Z
SYN-QT-0051,SYN-OP-0051,2026-02-03,90,9720000,1,2026-03-05T12:00:00Z,true,quotations:00051,CRM,2026-09-29T23:00:00Z
SYN-QT-0039,SYN-OP-0039,2026-02-03,30,9410000,1,2026-03-05T12:00:00Z,true,quotations:00039,CRM,2026-09-29T23:00:00Z
SYN-QT-0163,SYN-OP-0163,2026-06-02,30,390000,1,2026-07-02T12:00:00Z,true,quotations:00163,CRM,2026-09-29T23:00:00Z
SYN-QT-0118,SYN-OP-0118,2026-01-23,90,3280000,1,2026-02-22T12:00:00Z,true,quotations:00118,CRM,2026-09-29T23:00:00Z
SYN-QT-0180,SYN-OP-0180,2026-04-15,30,4760000,1,2026-05-15T12:00:00Z,YES,quotations:00180,CRM,2026-09-29T23:00:00Z
SYN-QT-0125,SYN-OP-0125,2026-04-14,60,3520000,1,2026-05-14T12:00:00Z,true,quotations:00125,CRM,2026-09-29T23:00:00Z
SYN-QT-0134,SYN-OP-0134,22/04/2026,30,9350000,1,2026-05-22T12:00:00Z,true,quotations:00134,CRM,2026-09-29T23:00:00Z
SYN-QT-0161,SYN-OP-0161,2026-03-09,120,8350000,1,2026-04-08T12:00:00Z,YES,quotations:00161,CRM,2026-09-29T23:00:00Z
SYN-QT-0168,SYN-OP-0168,2026-06-05,120,4900000,1,2026-07-05T12:00:00Z,true,quotations:00168,CRM,2026-09-29T23:00:00Z
SYN-QT-0043,SYN-OP-0043,2026-06-19,30,130000,1,2026-07-19T12:00:00Z,true,quotations:00043,CRM,2026-09-29T23:00:00Z
SYN-QT-0116,SYN-OP-0116,2026-06-07,30,870000,1,2026-07-07T12:00:00Z,true,quotations:00116,CRM,2026-09-29T23:00:00Z
SYN-QT-0098,SYN-OP-0098,2026-06-04,120,8570000,1,2026-07-04T12:00:00Z,true,quotations:00098,CRM,2026-09-29T23:00:00Z
SYN-QT-0087,SYN-OP-0087,2026-07-10,30,2240000,1,2026-08-09T12:00:00Z,true,quotations:00087,CRM,2026-09-29T23:00:00Z
SYN-QT-0069,SYN-OP-0069,2026-04-07,120,9360000,1,2026-05-07T12:00:00Z,true,quotations:00069,CRM,2026-09-29T23:00:00Z
SYN-QT-0178,SYN-OP-0178,17/03/2026,90,3970000,1,2026-04-16T12:00:00Z,true,quotations:00178,CRM,2026-09-29T23:00:00Z
SYN-QT-0033,SYN-OP-0033,2026-03-11,120,5800000,1,2026-04-10T12:00:00Z,true,quotations:00033,CRM,2026-09-29T23:00:00Z
SYN-QT-0021,SYN-OP-0021,17-Apr-2026,30,4650000,1,2026-05-17T12:00:00Z,true,quotations:00021,CRM,2026-09-29T23:00:00Z
SYN-QT-0146,SYN-OP-0146,2026-01-14,120,1480000,1,2026-02-13T12:00:00Z,true,quotations:00146,CRM,2026-09-29T23:00:00Z
SYN-QT-0131,SYN-OP-0131,2026-07-22,120,2650000,1,2026-08-21T12:00:00Z,true,quotations:00131,CRM,2026-09-29T23:00:00Z
SYN-QT-0171,SYN-OP-0171,2026-07-22,90,1710000,1,2026-08-21T12:00:00Z,true,quotations:00171,CRM,2026-09-29T23:00:00Z
SYN-QT-0154,SYN-OP-0154,2026-05-05,90,2950000,1,2026-06-04T12:00:00Z,true,quotations:00154,CRM,2026-09-29T23:00:00Z
SYN-QT-0038,SYN-OP-0038,13-Jul-2026,120,9640000,1,2026-08-12T12:00:00Z,true,quotations:00038,CRM,2026-09-29T23:00:00Z
SYN-QT-0005,SYN-OP-0005,2026-06-04,90,1740000,1,2026-07-04T12:00:00Z,true,quotations:00005,CRM,2026-09-29T23:00:00Z
SYN-QT-0086,SYN-OP-0086,2026-06-24,30,7830000,1,2026-07-24T12:00:00Z,true,quotations:00086,CRM,2026-09-29T23:00:00Z
SYN-QT-0049,SYN-OP-0049,2026-05-21,60,5900000,1,2026-06-20T12:00:00Z,true,quotations:00049,CRM,2026-09-29T23:00:00Z
SYN-QT-0065,SYN-OP-0065,2026-01-03,90,4820000,1,2026-02-02T12:00:00Z,true,quotations:00065,CRM,2026-09-29T23:00:00Z
SYN-QT-0026,SYN-OP-0026,2026-01-17,120,4900000,1,2026-02-16T12:00:00Z,true,quotations:00026,CRM,2026-09-29T23:00:00Z
SYN-QT-0048,SYN-OP-0048,2026-03-29,120,3500000,1,2026-04-28T12:00:00Z,true,quotations:00048,CRM,2026-09-29T23:00:00Z
SYN-QT-0179,SYN-OP-0179,2026-05-27,30,5220000,1,2026-06-26T12:00:00Z,true,quotations:00179,CRM,2026-09-29T23:00:00Z
SYN-QT-0140,SYN-OP-0140,15-Feb-2026,30,9620000,1,2026-03-17T12:00:00Z,true,quotations:00140,CRM,2026-09-29T23:00:00Z
SYN-QT-0125,SYN-OP-0125,2026-04-14,60,3520000,1,2026-05-14T12:00:00Z,true,quotations:DUP:00124,CRM,2026-09-29T23:00:00Z
SYN-QT-0028,SYN-OP-0028,2026-07-30,30,4710000,1,2026-08-29T12:00:00Z,YES,quotations:00028,CRM,2026-09-29T23:00:00Z
SYN-QT-0102,SYN-OP-0102,2026-03-28,120,"PKR 8,070,000.00",1,2026-04-27T12:00:00Z,true,quotations:00102,CRM,2026-09-29T23:00:00Z
SYN-QT-0090,SYN-OP-0090,05/07/2026,90,"PKR 5,460,000.00",1,2026-08-04T12:00:00Z,true,quotations:00090,CRM,2026-09-29T23:00:00Z
SYN-QT-0172,SYN-OP-0172,2026-02-11,30,8730000,1,2026-03-13T12:00:00Z,true,quotations:00172,CRM,2026-09-29T23:00:00Z
SYN-QT-0063,SYN-OP-0063,2026-01-15,120,3800000,1,2026-02-14T12:00:00Z,true,quotations:DUP:00062,CRM,2026-09-29T23:00:00Z
SYN-QT-0139,SYN-OP-0139,2026-07-26,60,1160000,1,2026-08-25T12:00:00Z,true,quotations:00139,CRM,2026-09-29T23:00:00Z
SYN-QT-0045,SYN-OP-0045,2026-01-27,90,280000,1,2026-02-26T12:00:00Z,true,quotations:00045,CRM,2026-09-29T23:00:00Z
SYN-QT-0061,SYN-OP-0061,2026-06-06,90,6510000,1,2026-07-06T12:00:00Z,true,quotations:00061,CRM,2026-09-29T23:00:00Z
SYN-QT-0153,SYN-OP-0153,2026-01-21,60,5900000,1,2026-02-20T12:00:00Z,true,quotations:00153,CRM,2026-09-29T23:00:00Z
SYN-QT-0076,SYN-OP-0076,2026-07-05,60,1010000,1,2026-08-04T12:00:00Z,true,quotations:00076,CRM,2026-09-29T23:00:00Z
SYN-QT-0053,SYN-OP-0053,2026-07-24,30,4180000,1,2026-08-23T12:00:00Z,true,quotations:00053,CRM,2026-09-29T23:00:00Z
SYN-QT-0022,SYN-OP-0022,2026-04-01,90,4480000,1,2026-05-01T12:00:00Z,true,quotations:00022,CRM,2026-09-29T23:00:00Z
SYN-QT-0054,SYN-OP-0054,2026-01-04,30,"PKR 680,000.00",1,2026-02-03T12:00:00Z,true,quotations:00054,CRM,2026-09-29T23:00:00Z
SYN-QT-0115,SYN-OP-0115,2026-05-30,60,2160000,1,2026-06-29T12:00:00Z,true,quotations:00115,CRM,2026-09-29T23:00:00Z
SYN-QT-0017,SYN-OP-0017,2026-05-06,30,3360000,1,2026-06-05T12:00:00Z,true,quotations:00017,CRM,2026-09-29T23:00:00Z
SYN-QT-0103,SYN-OP-0103,2026-01-13,120,8740000,1,2026-02-12T12:00:00Z,true,quotations:00103,CRM,2026-09-29T23:00:00Z
SYN-QT-0123,SYN-OP-0123,04/03/2026,60,870000,1,2026-04-03T12:00:00Z,YES,quotations:00123,CRM,2026-09-29T23:00:00Z
SYN-QT-0167,SYN-OP-0167,10/03/2026,90,4920000,1,2026-04-09T12:00:00Z,true,quotations:00167,CRM,2026-09-29T23:00:00Z
SYN-QT-0060,SYN-OP-0060,2026-03-17,90,2920000,1,2026-04-16T12:00:00Z,true,quotations:00060,CRM,2026-09-29T23:00:00Z
SYN-QT-0173,SYN-OP-0173,2026-07-16,30,8010000,1,2026-08-15T12:00:00Z,true,quotations:00173,CRM,2026-09-29T23:00:00Z
SYN-QT-0059,SYN-OP-0059,2026-02-18,60,5590000,1,2026-03-20T12:00:00Z,true,quotations:00059,CRM,2026-09-29T23:00:00Z
SYN-QT-0150,SYN-OP-0150,2026-05-18,90,"PKR 2,820,000.00",1,2026-06-17T12:00:00Z,true,quotations:00150,CRM,2026-09-29T23:00:00Z
SYN-QT-0135,SYN-OP-0135,2026-04-09,90,6330000,1,2026-05-09T12:00:00Z,true,quotations:00135,CRM,2026-09-29T23:00:00Z
SYN-QT-0113,SYN-OP-0113,2026-07-05,120,1500000,1,2026-08-04T12:00:00Z,true,quotations:00113,CRM,2026-09-29T23:00:00Z
SYN-QT-0148,SYN-OP-0148,2026-02-11,30,1570000,1,2026-03-13T12:00:00Z,true,quotations:00148,CRM,2026-09-29T23:00:00Z
SYN-QT-0156,SYN-OP-0156,17/03/2026,30,2340000,1,2026-04-16T12:00:00Z,true,quotations:DUP:00155,CRM,2026-09-29T23:00:00Z
SYN-QT-0122,SYN-OP-0122,2026-07-20,120,2510000,1,2026-08-19T12:00:00Z,true,quotations:00122,CRM,2026-09-29T23:00:00Z
SYN-QT-0160,SYN-OP-0160,2026-07-13,90,2970000,1,2026-08-12T12:00:00Z,true,quotations:00160,CRM,2026-09-29T23:00:00Z
SYN-QT-0108,SYN-OP-0108,2026-01-28,30,480000,1,2026-02-27T12:00:00Z,true,quotations:00108,CRM,2026-09-29T23:00:00Z
SYN-QT-0047,SYN-OP-0047,2026-03-18,30,450000,1,2026-04-17T12:00:00Z,YES,quotations:00047,CRM,2026-09-29T23:00:00Z
SYN-QT-0124,SYN-OP-0124,2026-03-05,90,9440000,1,2026-04-04T12:00:00Z,true,quotations:00124,CRM,2026-09-29T23:00:00Z
SYN-QT-0152,SYN-OP-0152,2026-03-26,120,510000,1,2026-04-25T12:00:00Z,true,quotations:00152,CRM,2026-09-29T23:00:00Z
SYN-QT-0032,SYN-OP-0032,2026-03-28,90,3320000,1,2026-04-27T12:00:00Z,true,quotations:00032,CRM,2026-09-29T23:00:00Z
SYN-QT-0107,SYN-OP-0107,2026-02-07,30,5420000,1,2026-03-09T12:00:00Z,true,quotations:00107,CRM,2026-09-29T23:00:00Z
SYN-QT-0129,SYN-OP-0129,2026-05-07,120,1110000,1,2026-06-06T12:00:00Z,true,quotations:00129,CRM,2026-09-29T23:00:00Z
SYN-QT-0009,SYN-OP-0009,2026-01-07,60,2250000,1,2026-02-06T12:00:00Z,YES,quotations:00009,CRM,2026-09-29T23:00:00Z
SYN-QT-0137,SYN-OP-0137,2026-03-10,90,6470000,1,2026-04-09T12:00:00Z,true,quotations:00137,CRM,2026-09-29T23:00:00Z
SYN-QT-0024,SYN-OP-0024,30/05/2026,30,7120000,1,2026-06-29T12:00:00Z,true,quotations:00024,CRM,2026-09-29T23:00:00Z
SYN-QT-0042,SYN-OP-0042,2026-04-28,90,"PKR 8,330,000.00",1,2026-05-28T12:00:00Z,true,quotations:00042,CRM,2026-09-29T23:00:00Z
SYN-QT-0157,SYN-OP-0157,10-May-2026,90,9230000,1,2026-06-09T12:00:00Z,true,quotations:00157,CRM,2026-09-29T23:00:00Z
SYN-QT-0010,SYN-OP-0010,2026-02-02,90,6510000,1,2026-03-04T12:00:00Z,true,quotations:00010,CRM,2026-09-29T23:00:00Z
SYN-QT-0159,SYN-OP-0159,2026-01-14,60,3520000,1,2026-02-13T12:00:00Z,true,quotations:00159,CRM,2026-09-29T23:00:00Z
SYN-QT-0095,SYN-OP-0095,2026-04-12,90,1360000,1,2026-05-12T12:00:00Z,true,quotations:00095,CRM,2026-09-29T23:00:00Z
SYN-QT-0003,SYN-OP-0003,2026-01-15,30,9910000,1,2026-02-14T12:00:00Z,true,quotations:00003,CRM,2026-09-29T23:00:00Z
SYN-QT-0079,SYN-OP-0079,24/07/2026,90,3170000,1,2026-08-23T12:00:00Z,true,quotations:00079,CRM,2026-09-29T23:00:00Z
SYN-QT-0170,SYN-OP-0170,2026-02-21,90,9610000,1,2026-03-23T12:00:00Z,true,quotations:00170,CRM,2026-09-29T23:00:00Z
SYN-QT-0037,SYN-OP-0037,2026-07-20,90,7450000,1,2026-08-19T12:00:00Z,true,quotations:00037,CRM,2026-09-29T23:00:00Z
SYN-QT-0132,SYN-OP-0132,2026-06-04,90,2800000,1,2026-07-04T12:00:00Z,true,quotations:00132,CRM,2026-09-29T23:00:00Z
SYN-QT-0081,SYN-OP-0081,2026-07-14,30,4580000,1,2026-08-13T12:00:00Z,true,quotations:00081,CRM,2026-09-29T23:00:00Z
SYN-QT-0040,SYN-OP-0040,2026-02-14,30,5020000,1,2026-03-16T12:00:00Z,true,quotations:00040,CRM,2026-09-29T23:00:00Z
SYN-QT-0089,SYN-OP-0089,27-Jun-2026,30,690000,1,2026-07-27T12:00:00Z,true,quotations:00089,CRM,2026-09-29T23:00:00Z
SYN-QT-0001,SYN-OP-0001,2026-04-10,30,6270000,1,2026-05-10T12:00:00Z,true,quotations:00001,CRM,2026-09-29T23:00:00Z
SYN-QT-0099,SYN-OP-0099,2026-07-17,90,7730000,1,2026-08-16T12:00:00Z,true,quotations:00099,CRM,2026-09-29T23:00:00Z
SYN-QT-0120,SYN-OP-0120,2026-07-01,120,9370000,1,2026-07-31T12:00:00Z,true,quotations:00120,CRM,2026-09-29T23:00:00Z
SYN-QT-0094,SYN-OP-0094,2026-04-11,120,8530000,1,2026-05-11T12:00:00Z,true,quotations:00094,CRM,2026-09-29T23:00:00Z
SYN-QT-0008,SYN-OP-0008,2026-07-01,120,9640000,1,2026-07-31T12:00:00Z,true,quotations:00008,CRM,2026-09-29T23:00:00Z
SYN-QT-0112,SYN-OP-0112,03/04/2026,120,9240000,1,2026-05-03T12:00:00Z,true,quotations:00112,CRM,2026-09-29T23:00:00Z
SYN-QT-0074,SYN-OP-0074,2026-07-22,120,2650000,1,2026-08-21T12:00:00Z,true,quotations:00074,CRM,2026-09-29T23:00:00Z
SYN-QT-0091,SYN-OP-0091,2026-03-29,120,8780000,1,2026-04-28T12:00:00Z,true,quotations:00091,CRM,2026-09-29T23:00:00Z
SYN-QT-0156,SYN-OP-0156,17/03/2026,30,2340000,1,2026-04-16T12:00:00Z,true,quotations:00156,CRM,2026-09-29T23:00:00Z
SYN-QT-0104,SYN-OP-0104,2026-05-30,90,170000,1,2026-06-29T12:00:00Z,YES,quotations:00104,CRM,2026-09-29T23:00:00Z
SYN-QT-0082,SYN-OP-0082,2026-06-12,60,5410000,1,2026-07-12T12:00:00Z,true,quotations:00082,CRM,2026-09-29T23:00:00Z
SYN-QT-0092,SYN-OP-0092,2026-03-25,60,7930000,1,2026-04-24T12:00:00Z,true,quotations:00092,CRM,2026-09-29T23:00:00Z
SYN-QT-0075,SYN-OP-0075,2026-03-27,120,5600000,1,2026-04-26T12:00:00Z,true,quotations:00075,CRM,2026-09-29T23:00:00Z
SYN-QT-0071,SYN-OP-0071,2026-02-15,60,2240000,1,2026-03-17T12:00:00Z,true,quotations:00071,CRM,2026-09-29T23:00:00Z
SYN-QT-0030,SYN-OP-0030,2026-01-07,120,"PKR 7,580,000.00",1,2026-02-06T12:00:00Z,true,quotations:00030,CRM,2026-09-29T23:00:00Z
SYN-QT-0044,SYN-OP-0044,2026-01-07,90,6530000,1,2026-02-06T12:00:00Z,true,quotations:00044,CRM,2026-09-29T23:00:00Z
SYN-QT-0015,SYN-OP-0015,2026-02-11,30,8500000,1,2026-03-13T12:00:00Z,true,quotations:00015,CRM,2026-09-29T23:00:00Z
SYN-QT-0176,SYN-OP-0176,2026-05-20,120,6480000,1,2026-06-19T12:00:00Z,true,quotations:00176,CRM,2026-09-29T23:00:00Z
SYN-QT-0058,SYN-OP-0058,2026-04-30,90,3290000,1,2026-05-30T12:00:00Z,true,quotations:00058,CRM,2026-09-29T23:00:00Z
SYN-QT-0036,SYN-OP-0036,2026-04-09,120,9030000,1,2026-05-09T12:00:00Z,true,quotations:00036,CRM,2026-09-29T23:00:00Z
SYN-QT-0128,SYN-OP-0128,2026-03-01,60,5670000,1,2026-03-31T12:00:00Z,true,quotations:00128,CRM,2026-09-29T23:00:00Z
SYN-QT-0145,SYN-OP-0145,17/04/2026,60,5430000,1,2026-05-17T12:00:00Z,true,quotations:00145,CRM,2026-09-29T23:00:00Z
SYN-QT-0117,SYN-OP-0117,2026-06-04,30,8890000,1,2026-07-04T12:00:00Z,true,quotations:00117,CRM,2026-09-29T23:00:00Z
SYN-QT-0088,SYN-OP-0088,2026-06-04,90,5340000,1,2026-07-04T12:00:00Z,true,quotations:00088,CRM,2026-09-29T23:00:00Z
SYN-QT-0004,SYN-OP-0004,01-Jul-2026,120,8630000,1,2026-07-31T12:00:00Z,true,quotations:00004,CRM,2026-09-29T23:00:00Z
SYN-QT-0055,SYN-OP-0055,07-Jul-2026,120,3370000,1,2026-08-06T12:00:00Z,true,quotations:00055,CRM,2026-09-29T23:00:00Z
SYN-QT-0166,SYN-OP-0166,2026-04-05,120,9770000,1,2026-05-05T12:00:00Z,true,quotations:00166,CRM,2026-09-29T23:00:00Z
SYN-QT-0078,SYN-OP-0078,2026-04-01,30,"PKR 9,170,000.00",1,2026-05-01T12:00:00Z,true,quotations:00078,CRM,2026-09-29T23:00:00Z
SYN-QT-0177,SYN-OP-0177,2026-06-13,60,3750000,1,2026-07-13T12:00:00Z,true,quotations:00177,CRM,2026-09-29T23:00:00Z
SYN-QT-0002,SYN-OP-0002,23/04/2026,30,8270000,1,2026-05-23T12:00:00Z,true,quotations:00002,CRM,2026-09-29T23:00:00Z
SYN-QT-0155,SYN-OP-0155,2026-04-07,120,5130000,1,2026-05-07T12:00:00Z,true,quotations:00155,CRM,2026-09-29T23:00:00Z
SYN-QT-0031,SYN-OP-0031,2026-07-17,90,9160000,1,2026-08-16T12:00:00Z,true,quotations:00031,CRM,2026-09-29T23:00:00Z
SYN-QT-0062,SYN-OP-0062,2026-05-22,30,1320000,1,2026-06-21T12:00:00Z,true,quotations:00062,CRM,2026-09-29T23:00:00Z
SYN-QT-0119,SYN-OP-0119,2026-06-23,30,1880000,1,2026-07-23T12:00:00Z,true,quotations:00119,CRM,2026-09-29T23:00:00Z
SYN-QT-0029,SYN-OP-0029,2026-03-11,90,5270000,1,2026-04-10T12:00:00Z,true,quotations:00029,CRM,2026-09-29T23:00:00Z
SYN-QT-0144,SYN-OP-0144,2026-05-11,90,9750000,1,2026-06-10T12:00:00Z,true,quotations:00144,CRM,2026-09-29T23:00:00Z
SYN-QT-0052,SYN-OP-0052,2026-02-20,120,6380000,1,2026-03-22T12:00:00Z,true,quotations:00052,CRM,2026-09-29T23:00:00Z
SYN-QT-0106,SYN-OP-0106,02-Jan-2026,30,6100000,1,2026-02-01T12:00:00Z,true,quotations:00106,CRM,2026-09-29T23:00:00Z
SYN-QT-0127,SYN-OP-0127,2026-07-28,90,6790000,1,2026-08-27T12:00:00Z,true,quotations:00127,CRM,2026-09-29T23:00:00Z
SYN-QT-0085,SYN-OP-0085,2026-07-22,30,390000,1,2026-08-21T12:00:00Z,YES,quotations:00085,CRM,2026-09-29T23:00:00Z
SYN-QT-0084,SYN-OP-0084,2026-06-08,30,7520000,1,2026-07-08T12:00:00Z,true,quotations:00084,CRM,2026-09-29T23:00:00Z
SYN-QT-0175,SYN-OP-0175,2026-07-13,90,240000,1,2026-08-12T12:00:00Z,true,quotations:00175,CRM,2026-09-29T23:00:00Z
SYN-QT-0006,SYN-OP-0006,2026-07-15,30,"PKR 1,080,000.00",1,2026-08-14T12:00:00Z,true,quotations:00006,CRM,2026-09-29T23:00:00Z
SYN-QT-0056,SYN-OP-0056,2026-04-10,30,6640000,1,2026-05-10T12:00:00Z,true,quotations:00056,CRM,2026-09-29T23:00:00Z
SYN-QT-0149,SYN-OP-0149,2026-07-17,60,4270000,1,2026-08-16T12:00:00Z,true,quotations:00149,CRM,2026-09-29T23:00:00Z
SYN-QT-0100,SYN-OP-0100,2026-06-20,90,4370000,1,2026-07-20T12:00:00Z,true,quotations:00100,CRM,2026-09-29T23:00:00Z
SYN-QT-0027,SYN-OP-0027,2026-03-18,30,1500000,1,2026-04-17T12:00:00Z,true,quotations:00027,CRM,2026-09-29T23:00:00Z
SYN-QT-0019,SYN-OP-0019,2026-04-04,120,5220000,1,2026-05-04T12:00:00Z,true,quotations:00019,CRM,2026-09-29T23:00:00Z
SYN-QT-0147,SYN-OP-0147,2026-07-07,60,2450000,1,2026-08-06T12:00:00Z,true,quotations:00147,CRM,2026-09-29T23:00:00Z
SYN-QT-0001,SYN-OP-0001,2026-04-10,30,6270000,1,2026-05-10T12:00:00Z,true,quotations:DUP:00000,CRM,2026-09-29T23:00:00Z
SYN-QT-0046,SYN-OP-0046,04/04/2026,120,8080000,1,2026-05-04T12:00:00Z,true,quotations:00046,CRM,2026-09-29T23:00:00Z
SYN-QT-0142,SYN-OP-0142,2026-06-15,60,5720000,1,2026-07-15T12:00:00Z,YES,quotations:00142,CRM,2026-09-29T23:00:00Z
SYN-QT-0138,SYN-OP-0138,2026-04-13,30,"PKR 2,670,000.00",1,2026-05-13T12:00:00Z,true,quotations:00138,CRM,2026-09-29T23:00:00Z
SYN-QT-0126,SYN-OP-0126,2026-05-15,90,"PKR 1,780,000.00",1,2026-06-14T12:00:00Z,true,quotations:00126,CRM,2026-09-29T23:00:00Z
SYN-QT-0070,SYN-OP-0070,2026-05-31,60,1910000,1,2026-06-30T12:00:00Z,true,quotations:00070,CRM,2026-09-29T23:00:00Z
SYN-QT-0013,SYN-OP-0013,11/01/2026,60,6270000,1,2026-02-10T12:00:00Z,true,quotations:00013,CRM,2026-09-29T23:00:00Z
SYN-QT-0067,SYN-OP-0067,2026-06-13,120,2630000,1,2026-07-13T12:00:00Z,true,quotations:00067,CRM,2026-09-29T23:00:00Z
SYN-QT-0073,SYN-OP-0073,2026-02-28,30,8450000,1,2026-03-30T12:00:00Z,true,quotations:00073,CRM,2026-09-29T23:00:00Z
SYN-QT-0018,SYN-OP-0018,2026-07-07,120,"PKR 4,960,000.00",1,2026-08-06T12:00:00Z,true,quotations:00018,CRM,2026-09-29T23:00:00Z
SYN-QT-0130,SYN-OP-0130,2026-07-28,120,3280000,1,2026-08-27T12:00:00Z,true,quotations:00130,CRM,2026-09-29T23:00:00Z
SYN-QT-0025,SYN-OP-0025,2026-06-27,120,8250000,1,2026-07-27T12:00:00Z,true,quotations:00025,CRM,2026-09-29T23:00:00Z
SYN-QT-0133,SYN-OP-0133,2026-03-13,120,4370000,1,2026-04-12T12:00:00Z,true,quotations:00133,CRM,2026-09-29T23:00:00Z
SYN-QT-0057,SYN-OP-0057,26/06/2026,90,5000000,1,2026-07-26T12:00:00Z,true,quotations:00057,CRM,2026-09-29T23:00:00Z
SYN-QT-0020,SYN-OP-0020,2026-03-02,60,7840000,1,2026-04-01T12:00:00Z,true,quotations:00020,CRM,2026-09-29T23:00:00Z
SYN-QT-0158,SYN-OP-0158,2026-05-12,90,5140000,1,2026-06-11T12:00:00Z,true,quotations:00158,CRM,2026-09-29T23:00:00Z
SYN-QT-0012,SYN-OP-0012,2026-03-03,90,5830000,1,2026-04-02T12:00:00Z,true,quotations:00012,CRM,2026-09-29T23:00:00Z
SYN-QT-0016,SYN-OP-0016,2026-07-25,60,3530000,1,2026-08-24T12:00:00Z,true,quotations:00016,CRM,2026-09-29T23:00:00Z
SYN-QT-0034,SYN-OP-0034,2026-05-29,30,1570000,1,2026-06-28T12:00:00Z,true,quotations:00034,CRM,2026-09-29T23:00:00Z
SYN-QT-0023,SYN-OP-0023,2026-05-20,60,9820000,1,2026-06-19T12:00:00Z,true,quotations:00023,CRM,2026-09-29T23:00:00Z
SYN-QT-0164,SYN-OP-0164,2026-05-13,90,8390000,1,2026-06-12T12:00:00Z,true,quotations:00164,CRM,2026-09-29T23:00:00Z
SYN-QT-0063,SYN-OP-0063,2026-01-15,120,3800000,1,2026-02-14T12:00:00Z,true,quotations:00063,CRM,2026-09-29T23:00:00Z
SYN-QT-0066,SYN-OP-0066,2026-06-07,60,"PKR 7,570,000.00",1,2026-07-07T12:00:00Z,YES,quotations:00066,CRM,2026-09-29T23:00:00Z
SYN-QT-0111,SYN-OP-0111,2026-03-07,60,9090000,1,2026-04-06T12:00:00Z,true,quotations:00111,CRM,2026-09-29T23:00:00Z
SYN-QT-0041,SYN-OP-0041,2026-01-07,120,9510000,1,2026-02-06T12:00:00Z,true,quotations:00041,CRM,2026-09-29T23:00:00Z
SYN-QT-0109,SYN-OP-0109,2026-02-19,60,8840000,1,2026-03-21T12:00:00Z,true,quotations:00109,CRM,2026-09-29T23:00:00Z
SYN-QT-0083,SYN-OP-0083,2026-06-27,90,4680000,1,2026-07-27T12:00:00Z,true,quotations:00083,CRM,2026-09-29T23:00:00Z
SYN-QT-0014,SYN-OP-0014,2026-03-05,120,2960000,1,2026-04-04T12:00:00Z,true,quotations:00014,CRM,2026-09-29T23:00:00Z
SYN-QT-0068,SYN-OP-0068,31/03/2026,60,7400000,1,2026-04-30T12:00:00Z,true,quotations:00068,CRM,2026-09-29T23:00:00Z
SYN-QT-0093,SYN-OP-0093,2026-04-16,120,4280000,1,2026-05-16T12:00:00Z,true,quotations:00093,CRM,2026-09-29T23:00:00Z
SYN-QT-0072,SYN-OP-0072,28-Mar-2026,120,8640000,1,2026-04-27T12:00:00Z,true,quotations:00072,CRM,2026-09-29T23:00:00Z
SYN-QT-0094,SYN-OP-0094,2026-04-11,120,8530000,1,2026-05-11T12:00:00Z,true,quotations:DUP:00093,CRM,2026-09-29T23:00:00Z
SYN-QT-0035,SYN-OP-0035,16/03/2026,30,3870000,1,2026-04-15T12:00:00Z,true,quotations:00035,CRM,2026-09-29T23:00:00Z
SYN-QT-0162,SYN-OP-0162,2026-02-10,60,"PKR 2,920,000.00",1,2026-03-12T12:00:00Z,true,quotations:00162,CRM,2026-09-29T23:00:00Z
SYN-QT-0097,SYN-OP-0097,2026-06-05,120,9830000,1,2026-07-05T12:00:00Z,true,quotations:00097,CRM,2026-09-29T23:00:00Z
SYN-QT-0096,SYN-OP-0096,2026-04-10,60,7380000,1,2026-05-10T12:00:00Z,true,quotations:00096,CRM,2026-09-29T23:00:00Z
SYN-QT-0141,SYN-OP-0141,2026-03-21,120,5690000,1,2026-04-20T12:00:00Z,true,quotations:00141,CRM,2026-09-29T23:00:00Z
