order_id,opportunity_id,customer_id,branch_id,order_date,promised_delivery_date,status,currency,updated_at,is_synthetic,_source_row_id,_source_system,_extract_at
SYN-SO-0068,SYN-OP-0068,SYN-CU-0040,SYN-BR-0002,23/04/2026,2026-05-18,Delivered,PKR,2026-05-21T12:00:00Z,true,sales_orders:00068,Operations,2026-09-29T23:00:00Z
SYN-SO-0094,SYN-OP-0094,SYN-CU-0055,SYN-BR-0003,2026-04-23,2026-05-18,Confirmed,PKR,2026-04-23T12:00:00Z,true,sales_orders:00094,Operations,2026-09-29T23:00:00Z
SYN-SO-0027,SYN-OP-0027,SYN-CU-0025,SYN-BR-0004,2026-04-01,2026-04-26,Delivered,PKR,2026-04-29T12:00:00Z,true,sales_orders:00027,Operations,2026-09-29T23:00:00Z
SYN-SO-0028,SYN-OP-0028,SYN-CU-0029,SYN-BR-0001,2026-08-11,2026-09-05,Delivered,PKR,2026-09-08T12:00:00Z,YES,sales_orders:00028,Operations,2026-09-29T23:00:00Z
SYN-SO-0074,SYN-OP-0074,SYN-CU-0014,SYN-BR-0003,2026-08-14,2026-09-08,Delivered,PKR,2026-09-11T12:00:00Z,true,sales_orders:00074,Operations,2026-09-29T23:00:00Z
SYN-SO-0049,SYN-OP-0049,SYN-CU-0007,SYN-BR-0002,2026-05-28,2026-06-22,Delivered,PKR,2026-06-25T12:00:00Z,true,sales_orders:00049,Operations,2026-09-29T23:00:00Z
SYN-SO-0006,SYN-OP-0006,SYN-CU-0004,SYN-BR-0001,2026-08-12,2026-09-06,Delivered,PKR,2026-09-09T12:00:00Z,true,sales_orders:00006,Operations,2026-09-29T23:00:00Z
SYN-SO-0089,SYN-OP-0089,SYN-CU-0001,SYN-BR-0005,13-Jul-2026,2026-08-07,Confirmed,PKR,2026-07-13T12:00:00Z,true,sales_orders:00089,Operations,2026-09-29T23:00:00Z
SYN-SO-0030,SYN-OP-0030,SYN-CU-0022,SYN-BR-0002,2026-01-22,2026-02-16,Delivered,PKR,2026-02-19T12:00:00Z,true,sales_orders:00030,Operations,2026-09-29T23:00:00Z
SYN-SO-0043,SYN-OP-0043,SYN-CU-0036,SYN-BR-0004,2026-06-30,2026-07-25,Delivered,PKR,2026-07-28T12:00:00Z,true,sales_orders:00043,Operations,2026-09-29T23:00:00Z
SYN-SO-0015,SYN-OP-0015,SYN-CU-0018,SYN-BR-0001,2026-03-03,2026-03-28,DELIVERED ,PKR,2026-03-31T12:00:00Z,true,sales_orders:00015,Operations,2026-09-29T23:00:00Z
SYN-SO-0046,SYN-OP-0046,SYN-CU-0042,SYN-BR-0001,02/05/2026,2026-05-27,Delivered,PKR,2026-05-30T12:00:00Z,true,sales_orders:00046,Operations,2026-09-29T23:00:00Z
SYN-SO-0007,SYN-OP-0007,SYN-CU-0037,SYN-BR-0005,2026-03-21,2026-04-15,Delivered,PKR,2026-04-18T12:00:00Z,true,sales_orders:00007,Operations,2026-09-29T23:00:00Z
SYN-SO-0020,SYN-OP-0020,SYN-CU-0052,SYN-BR-0001,2026-03-30,2026-04-24,Delivered,PKR,2026-04-27T12:00:00Z,true,sales_orders:00020,Operations,2026-09-29T23:00:00Z
SYN-SO-0097,SYN-OP-0097,SYN-CU-0054,SYN-BR-0005,2026-06-14,2026-07-09,Confirmed,PKR,2026-06-14T12:00:00Z,true,sales_orders:00097,Operations,2026-09-29T23:00:00Z
SYN-SO-0048,SYN-OP-0048,SYN-CU-0039,SYN-BR-0003,2026-04-14,2026-05-09,Delivered,PKR,2026-05-12T12:00:00Z,true,sales_orders:00048,Operations,2026-09-29T23:00:00Z
SYN-SO-0081,SYN-OP-0081,SYN-CU-0046,SYN-BR-0001,2026-07-28,2026-08-22,Confirmed,PKR,2026-07-28T12:00:00Z,true,sales_orders:00081,Operations,2026-09-29T23:00:00Z
SYN-SO-0073,SYN-OP-0073,SYN-CU-0004,SYN-BR-0004,2026-03-23,2026-04-17,Delivered,PKR,2026-04-20T12:00:00Z,true,sales_orders:00073,Operations,2026-09-29T23:00:00Z
SYN-SO-0078,SYN-OP-0078,SYN-CU-0005,SYN-BR-0003,2026-05-01,2026-05-26,Delivered,PKR,2026-05-29T12:00:00Z,true,sales_orders:00078,Operations,2026-09-29T23:00:00Z
SYN-SO-0071,SYN-OP-0071,SYN-CU-0057,SYN-BR-0004,2026-02-28,2026-03-25,Delivered,PKR,2026-03-28T12:00:00Z,true,sales_orders:00071,Operations,2026-09-29T23:00:00Z
SYN-SO-0010,SYN-OP-0010,SYN-CU-0031,SYN-BR-0002,2026-02-22,2026-03-19,Delivered,PKR,2026-03-22T12:00:00Z,true,sales_orders:00010,Operations,2026-09-29T23:00:00Z
SYN-SO-0077,SYN-OP-0077,SYN-CU-0026,SYN-BR-0004,2026-03-18,2026-04-12,Delivered,PKR,2026-04-15T12:00:00Z,true,sales_orders:00077,Operations,2026-09-29T23:00:00Z
SYN-SO-0019,SYN-OP-0019,SYN-CU-0005,SYN-BR-0002,2026-04-11,2026-05-06,Delivered,PKR,2026-05-09T12:00:00Z,true,sales_orders:00019,Operations,2026-09-29T23:00:00Z
SYN-SO-0053,SYN-OP-0053,SYN-CU-0045,SYN-BR-0005,2026-08-15,2026-09-09,Delivered,PKR,2026-09-12T12:00:00Z,true,sales_orders:00053,Operations,2026-09-29T23:00:00Z
SYN-SO-0005,SYN-OP-0005,SYN-CU-0036,SYN-BR-0003,2026-07-04,2026-07-29,DELIVERED ,PKR,2026-08-01T12:00:00Z,true,sales_orders:00005,Operations,2026-09-29T23:00:00Z
SYN-SO-0099,SYN-OP-0099,SYN-CU-0044,SYN-BR-0001,2026-08-12,2026-09-06,Confirmed,PKR,2026-08-12T12:00:00Z,true,sales_orders:00099,Operations,2026-09-29T23:00:00Z
SYN-SO-0044,SYN-OP-0044,SYN-CU-0031,SYN-BR-0002,2026-01-25,2026-02-19,Delivered,PKR,2026-02-22T12:00:00Z,true,sales_orders:00044,Operations,2026-09-29T23:00:00Z
SYN-SO-0057,SYN-OP-0057,SYN-CU-0003,SYN-BR-0003,03/07/2026,2026-07-28,Delivered,PKR,2026-07-31T12:00:00Z,true,sales_orders:00057,Operations,2026-09-29T23:00:00Z
SYN-SO-0098,SYN-OP-0098,SYN-CU-0015,SYN-BR-0001,2026-06-14,2026-07-09,Confirmed,PKR,2026-06-14T12:00:00Z,true,sales_orders:00098,Operations,2026-09-29T23:00:00Z
SYN-SO-0009,SYN-OP-0009,SYN-CU-0028,SYN-BR-0001,2026-01-19,2026-02-13,Delivered,PKR,2026-02-16T12:00:00Z,YES,sales_orders:00009,Operations,2026-09-29T23:00:00Z
SYN-SO-0060,SYN-OP-0060,SYN-CU-0053,SYN-BR-0004,2026-03-30,2026-04-24,Delivered,PKR,2026-04-27T12:00:00Z,true,sales_orders:00060,Operations,2026-09-29T23:00:00Z
SYN-SO-0035,SYN-OP-0035,SYN-CU-0019,SYN-BR-0002,12/04/2026,2026-05-07,DELIVERED ,PKR,2026-05-10T12:00:00Z,true,sales_orders:00035,Operations,2026-09-29T23:00:00Z
SYN-SO-0092,SYN-OP-0092,SYN-CU-0021,SYN-BR-0005,2026-04-06,2026-05-01,Confirmed,PKR,2026-04-06T12:00:00Z,true,sales_orders:00092,Operations,2026-09-29T23:00:00Z
SYN-SO-0021,SYN-OP-0021,SYN-CU-0046,SYN-BR-0003,08-May-2026,2026-06-02,Delivered,PKR,2026-06-05T12:00:00Z,true,sales_orders:00021,Operations,2026-09-29T23:00:00Z
SYN-SO-0084,SYN-OP-0084,SYN-CU-0015,SYN-BR-0002,2026-07-08,2026-08-02,Confirmed,PKR,2026-07-08T12:00:00Z,true,sales_orders:00084,Operations,2026-09-29T23:00:00Z
SYN-SO-0056,SYN-OP-0056,SYN-CU-0029,SYN-BR-0001,2026-04-17,2026-05-12,Delivered,PKR,2026-05-15T12:00:00Z,true,sales_orders:00056,Operations,2026-09-29T23:00:00Z
SYN-SO-0058,SYN-OP-0058,SYN-CU-0020,SYN-BR-0005,2026-05-13,2026-06-07,Delivered,PKR,2026-06-10T12:00:00Z,true,sales_orders:00058,Operations,2026-09-29T23:00:00Z
SYN-SO-0070,SYN-OP-0070,SYN-CU-0060,SYN-BR-0001,2026-06-13,2026-07-08,Delivered,PKR,2026-07-11T12:00:00Z,true,sales_orders:00070,Operations,2026-09-29T23:00:00Z
SYN-SO-0042,SYN-OP-0042,SYN-CU-0013,SYN-BR-0002,2026-05-14,2026-06-08,Delivered,PKR,2026-06-11T12:00:00Z,true,sales_orders:00042,Operations,2026-09-29T23:00:00Z
SYN-SO-0087,SYN-OP-0087,SYN-CU-0040,SYN-BR-0002,2026-07-29,2026-08-23,Confirmed,PKR,2026-07-29T12:00:00Z,true,sales_orders:00087,Operations,2026-09-29T23:00:00Z
SYN-SO-0016,SYN-OP-0016,SYN-CU-0051,SYN-BR-0005,2026-08-16,2026-09-10,Delivered,PKR,2026-09-13T12:00:00Z,true,sales_orders:00016,Operations,2026-09-29T23:00:00Z
SYN-SO-0040,SYN-OP-0040,SYN-CU-0035,SYN-BR-0001,2026-03-16,2026-04-10,Delivered,PKR,2026-04-13T12:00:00Z,true,sales_orders:00040,Operations,2026-09-29T23:00:00Z
SYN-SO-0011,SYN-OP-0011,SYN-CU-0005,SYN-BR-0002,2026-03-16,2026-04-10,Delivered,PKR,2026-04-13T12:00:00Z,true,sales_orders:00011,Operations,2026-09-29T23:00:00Z
SYN-SO-0023,SYN-OP-0023,SYN-CU-0040,SYN-BR-0004,2026-06-05,2026-06-30,Delivered,PKR,2026-07-03T12:00:00Z,true,sales_orders:00023,Operations,2026-09-29T23:00:00Z
SYN-SO-0059,SYN-OP-0059,SYN-CU-0007,SYN-BR-0001,2026-03-02,2026-03-27,Delivered,PKR,2026-03-30T12:00:00Z,true,sales_orders:00059,Operations,2026-09-29T23:00:00Z
SYN-SO-0029,SYN-OP-0029,SYN-CU-0034,SYN-BR-0003,2026-04-09,2026-05-04,Delivered,PKR,2026-05-07T12:00:00Z,true,sales_orders:00029,Operations,2026-09-29T23:00:00Z
SYN-SO-0047,SYN-OP-0047,SYN-CU-0032,SYN-BR-0005,2026-04-08,2026-05-03,Delivered,PKR,2026-05-06T12:00:00Z,YES,sales_orders:00047,Operations,2026-09-29T23:00:00Z
SYN-SO-0085,SYN-OP-0085,SYN-CU-0013,SYN-BR-0004,2026-08-20,2026-09-14,CONFIRMED ,PKR,2026-08-20T12:00:00Z,YES,sales_orders:00085,Operations,2026-09-29T23:00:00Z
SYN-SO-0093,SYN-OP-0093,SYN-CU-0022,SYN-BR-0001,2026-05-10,2026-06-04,Confirmed,PKR,2026-05-10T12:00:00Z,true,sales_orders:00093,Operations,2026-09-29T23:00:00Z
SYN-SO-0018,SYN-OP-0018,SYN-CU-0008,SYN-BR-0005,2026-07-27,2026-08-21,Delivered,PKR,2026-08-24T12:00:00Z,true,sales_orders:00018,Operations,2026-09-29T23:00:00Z
SYN-SO-0045,SYN-OP-0045,SYN-CU-0037,SYN-BR-0004,2026-02-22,2026-03-19,DELIVERED ,PKR,2026-03-22T12:00:00Z,true,sales_orders:00045,Operations,2026-09-29T23:00:00Z
SYN-SO-0064,SYN-OP-0064,SYN-CU-0014,SYN-BR-0002,2026-05-13,2026-06-07,Delivered,PKR,2026-06-10T12:00:00Z,true,sales_orders:00064,Operations,2026-09-29T23:00:00Z
SYN-SO-0014,SYN-OP-0014,SYN-CU-0035,SYN-BR-0005,2026-03-23,2026-04-17,Delivered,PKR,2026-04-20T12:00:00Z,true,sales_orders:00014,Operations,2026-09-29T23:00:00Z
SYN-SO-0026,SYN-OP-0026,SYN-CU-0016,SYN-BR-0004,2026-01-24,2026-02-18,Delivered,PKR,2026-02-21T12:00:00Z,true,sales_orders:00026,Operations,2026-09-29T23:00:00Z
SYN-SO-0001,SYN-OP-0001,SYN-CU-0055,SYN-BR-0005,2026-05-07,2026-06-01,Delivered,PKR,2026-06-04T12:00:00Z,true,sales_orders:DUP:00000,Operations,2026-09-29T23:00:00Z
SYN-SO-0050,SYN-OP-0050,SYN-CU-0033,SYN-BR-0001,2026-04-16,2026-05-11,Delivered,PKR,2026-05-14T12:00:00Z,true,sales_orders:00050,Operations,2026-09-29T23:00:00Z
SYN-SO-0022,SYN-OP-0022,SYN-CU-0054,SYN-BR-0002,2026-04-18,2026-05-13,Delivered,PKR,2026-05-16T12:00:00Z,true,sales_orders:00022,Operations,2026-09-29T23:00:00Z
SYN-SO-0033,SYN-OP-0033,SYN-CU-0014,SYN-BR-0002,2026-04-02,2026-04-27,Delivered,PKR,2026-04-30T12:00:00Z,true,sales_orders:00033,Operations,2026-09-29T23:00:00Z
SYN-SO-0080,SYN-OP-0080,SYN-CU-0042,SYN-BR-0003,2026-05-11,2026-06-05,Delivered,PKR,2026-06-08T12:00:00Z,true,sales_orders:00080,Operations,2026-09-29T23:00:00Z
SYN-SO-0076,SYN-OP-0076,SYN-CU-0032,SYN-BR-0004,2026-07-31,2026-08-25,Delivered,PKR,2026-08-28T12:00:00Z,true,sales_orders:00076,Operations,2026-09-29T23:00:00Z
SYN-SO-0090,SYN-OP-0090,SYN-CU-0058,SYN-BR-0003,26/07/2026,2026-08-20,Confirmed,PKR,2026-07-26T12:00:00Z,true,sales_orders:00090,Operations,2026-09-29T23:00:00Z
SYN-SO-0012,SYN-OP-0012,SYN-CU-0042,SYN-BR-0005,2026-03-19,2026-04-13,Delivered,PKR,2026-04-16T12:00:00Z,true,sales_orders:00012,Operations,2026-09-29T23:00:00Z
SYN-SO-0063,SYN-OP-0063,SYN-CU-0049,SYN-BR-0005,2026-02-11,2026-03-08,Delivered,PKR,2026-03-11T12:00:00Z,true,sales_orders:DUP:00062,Operations,2026-09-29T23:00:00Z
SYN-SO-0001,SYN-OP-0001,SYN-CU-0055,SYN-BR-0005,2026-05-07,2026-06-01,Delivered,PKR,2026-06-04T12:00:00Z,true,sales_orders:00001,Operations,2026-09-29T23:00:00Z
SYN-SO-0002,SYN-OP-0002,SYN-CU-0057,SYN-BR-0001,11/05/2026,2026-06-05,Delivered,PKR,2026-06-08T12:00:00Z,true,sales_orders:00002,Operations,2026-09-29T23:00:00Z
SYN-SO-0017,SYN-OP-0017,SYN-CU-0048,SYN-BR-0002,2026-06-01,2026-06-26,Delivered,PKR,2026-06-29T12:00:00Z,true,sales_orders:00017,Operations,2026-09-29T23:00:00Z
SYN-SO-0038,SYN-OP-0038,SYN-CU-0003,SYN-BR-0005,02-Aug-2026,2026-08-27,Delivered,PKR,2026-08-30T12:00:00Z,true,sales_orders:00038,Operations,2026-09-29T23:00:00Z
SYN-SO-0065,SYN-OP-0065,SYN-CU-0035,SYN-BR-0001,2026-01-16,2026-02-10,DELIVERED ,PKR,2026-02-13T12:00:00Z,true,sales_orders:00065,Operations,2026-09-29T23:00:00Z
SYN-SO-0088,SYN-OP-0088,SYN-CU-0009,SYN-BR-0002,2026-06-20,2026-07-15,Confirmed,PKR,2026-06-20T12:00:00Z,true,sales_orders:00088,Operations,2026-09-29T23:00:00Z
SYN-SO-0063,SYN-OP-0063,SYN-CU-0049,SYN-BR-0005,2026-02-11,2026-03-08,Delivered,PKR,2026-03-11T12:00:00Z,true,sales_orders:00063,Operations,2026-09-29T23:00:00Z
SYN-SO-0066,SYN-OP-0066,SYN-CU-0010,SYN-BR-0002,2026-06-26,2026-07-21,Delivered,PKR,2026-07-24T12:00:00Z,YES,sales_orders:00066,Operations,2026-09-29T23:00:00Z
SYN-SO-0013,SYN-OP-0013,SYN-CU-0018,SYN-BR-0002,31/01/2026,2026-02-25,Delivered,PKR,2026-02-28T12:00:00Z,true,sales_orders:00013,Operations,2026-09-29T23:00:00Z
SYN-SO-0034,SYN-OP-0034,SYN-CU-0049,SYN-BR-0003,2026-06-09,2026-07-04,Delivered,PKR,2026-07-07T12:00:00Z,true,sales_orders:00034,Operations,2026-09-29T23:00:00Z
SYN-SO-0055,SYN-OP-0055,SYN-CU-0041,SYN-BR-0005,19-Jul-2026,2026-08-13,DELIVERED ,PKR,2026-08-16T12:00:00Z,true,sales_orders:00055,Operations,2026-09-29T23:00:00Z
SYN-SO-0003,SYN-OP-0003,SYN-CU-0017,SYN-BR-0003,2026-02-09,2026-03-06,Delivered,PKR,2026-03-09T12:00:00Z,true,sales_orders:00003,Operations,2026-09-29T23:00:00Z
SYN-SO-0052,SYN-OP-0052,SYN-CU-0016,SYN-BR-0005,2026-03-21,2026-04-15,Delivered,PKR,2026-04-18T12:00:00Z,true,sales_orders:00052,Operations,2026-09-29T23:00:00Z
SYN-SO-0094,SYN-OP-0094,SYN-CU-0055,SYN-BR-0003,2026-04-23,2026-05-18,Confirmed,PKR,2026-04-23T12:00:00Z,true,sales_orders:DUP:00093,Operations,2026-09-29T23:00:00Z
SYN-SO-0062,SYN-OP-0062,SYN-CU-0048,SYN-BR-0001,2026-06-07,2026-07-02,Delivered,PKR,2026-07-05T12:00:00Z,true,sales_orders:00062,Operations,2026-09-29T23:00:00Z
SYN-SO-0079,SYN-OP-0079,SYN-CU-0007,SYN-BR-0002,15/08/2026,2026-09-09,Delivered,PKR,2026-09-12T12:00:00Z,true,sales_orders:00079,Operations,2026-09-29T23:00:00Z
SYN-SO-0008,SYN-OP-0008,SYN-CU-0028,SYN-BR-0005,2026-07-23,2026-08-17,Delivered,PKR,2026-08-20T12:00:00Z,true,sales_orders:00008,Operations,2026-09-29T23:00:00Z
SYN-SO-0061,SYN-OP-0061,SYN-CU-0015,SYN-BR-0004,2026-06-20,2026-07-15,Delivered,PKR,2026-07-18T12:00:00Z,true,sales_orders:00061,Operations,2026-09-29T23:00:00Z
SYN-SO-0054,SYN-OP-0054,SYN-CU-0020,SYN-BR-0002,2026-01-31,2026-02-25,Delivered,PKR,2026-02-28T12:00:00Z,true,sales_orders:00054,Operations,2026-09-29T23:00:00Z
SYN-SO-0041,SYN-OP-0041,SYN-CU-0046,SYN-BR-0001,2026-01-21,2026-02-15,Delivered,PKR,2026-02-18T12:00:00Z,true,sales_orders:00041,Operations,2026-09-29T23:00:00Z
SYN-SO-0037,SYN-OP-0037,SYN-CU-0014,SYN-BR-0004,2026-07-30,2026-08-24,Delivered,PKR,2026-08-27T12:00:00Z,true,sales_orders:00037,Operations,2026-09-29T23:00:00Z
SYN-SO-0075,SYN-OP-0075,SYN-CU-0052,SYN-BR-0002,2026-04-25,2026-05-20,DELIVERED ,PKR,2026-05-23T12:00:00Z,true,sales_orders:00075,Operations,2026-09-29T23:00:00Z
SYN-SO-0067,SYN-OP-0067,SYN-CU-0040,SYN-BR-0002,2026-06-26,2026-07-21,Delivered,PKR,2026-07-24T12:00:00Z,true,sales_orders:00067,Operations,2026-09-29T23:00:00Z
SYN-SO-0082,SYN-OP-0082,SYN-CU-0032,SYN-BR-0001,2026-06-23,2026-07-18,Confirmed,PKR,2026-06-23T12:00:00Z,true,sales_orders:00082,Operations,2026-09-29T23:00:00Z
SYN-SO-0095,SYN-OP-0095,SYN-CU-0021,SYN-BR-0004,2026-04-21,2026-05-16,CONFIRMED ,PKR,2026-04-21T12:00:00Z,true,sales_orders:00095,Operations,2026-09-29T23:00:00Z
SYN-SO-0031,SYN-OP-0031,SYN-CU-0025,SYN-BR-0001,2026-08-08,2026-09-02,Delivered,PKR,2026-09-05T12:00:00Z,true,sales_orders:00031,Operations,2026-09-29T23:00:00Z
SYN-SO-0096,SYN-OP-0096,SYN-CU-0054,SYN-BR-0005,2026-04-29,2026-05-24,Confirmed,PKR,2026-04-29T12:00:00Z,true,sales_orders:00096,Operations,2026-09-29T23:00:00Z
SYN-SO-0051,SYN-OP-0051,SYN-CU-0028,SYN-BR-0003,2026-03-01,2026-03-26,Delivered,PKR,2026-03-29T12:00:00Z,true,sales_orders:00051,Operations,2026-09-29T23:00:00Z
SYN-SO-0086,SYN-OP-0086,SYN-CU-0020,SYN-BR-0004,2026-07-07,2026-08-01,Confirmed,PKR,2026-07-07T12:00:00Z,true,sales_orders:00086,Operations,2026-09-29T23:00:00Z
SYN-SO-0100,SYN-OP-0100,SYN-CU-0060,SYN-BR-0005,2026-07-15,2026-08-09,Confirmed,PKR,2026-07-15T12:00:00Z,true,sales_orders:00100,Operations,2026-09-29T23:00:00Z
SYN-SO-0004,SYN-OP-0004,SYN-CU-0004,SYN-BR-0005,25-Jul-2026,2026-08-19,Delivered,PKR,2026-08-22T12:00:00Z,true,sales_orders:00004,Operations,2026-09-29T23:00:00Z
SYN-SO-0083,SYN-OP-0083,SYN-CU-0009,SYN-BR-0001,2026-07-15,2026-08-09,Confirmed,PKR,2026-07-15T12:00:00Z,true,sales_orders:00083,Operations,2026-09-29T23:00:00Z
SYN-SO-0039,SYN-OP-0039,SYN-CU-0013,SYN-BR-0001,2026-03-04,2026-03-29,Delivered,PKR,2026-04-01T12:00:00Z,true,sales_orders:00039,Operations,2026-09-29T23:00:00Z
SYN-SO-0032,SYN-OP-0032,SYN-CU-0045,SYN-BR-0004,2026-04-13,2026-05-08,Delivered,PKR,2026-05-11T12:00:00Z,true,sales_orders:00032,Operations,2026-09-29T23:00:00Z
SYN-SO-0069,SYN-OP-0069,SYN-CU-0021,SYN-BR-0005,2026-04-20,2026-05-15,Delivered,PKR,2026-05-18T12:00:00Z,true,sales_orders:00069,Operations,2026-09-29T23:00:00Z
SYN-SO-0036,SYN-OP-0036,SYN-CU-0040,SYN-BR-0003,2026-04-18,2026-05-13,Delivered,PKR,2026-05-16T12:00:00Z,true,sales_orders:00036,Operations,2026-09-29T23:00:00Z
SYN-SO-0032,SYN-OP-0032,SYN-CU-0045,SYN-BR-0004,2026-04-13,2026-05-08,Delivered,PKR,2026-05-11T12:00:00Z,true,sales_orders:DUP:00031,Operations,2026-09-29T23:00:00Z
SYN-SO-0091,SYN-OP-0091,SYN-CU-0033,SYN-BR-0001,2026-04-22,2026-05-17,Confirmed,PKR,2026-04-22T12:00:00Z,true,sales_orders:00091,Operations,2026-09-29T23:00:00Z
SYN-SO-0025,SYN-OP-0025,SYN-CU-0035,SYN-BR-0003,2026-07-22,2026-08-16,DELIVERED ,PKR,2026-08-19T12:00:00Z,true,sales_orders:00025,Operations,2026-09-29T23:00:00Z
SYN-SO-0072,SYN-OP-0072,SYN-CU-0053,SYN-BR-0002,10-Apr-2026,2026-05-05,Delivered,PKR,2026-05-08T12:00:00Z,true,sales_orders:00072,Operations,2026-09-29T23:00:00Z
SYN-SO-0024,SYN-OP-0024,SYN-CU-0023,SYN-BR-0001,22/06/2026,2026-07-17,Delivered,PKR,2026-07-20T12:00:00Z,true,sales_orders:00024,Operations,2026-09-29T23:00:00Z
