order_line_id,order_id,product_id,quantity,unit_price_pkr,discount_rate,line_net_pkr,updated_at,is_synthetic,_source_row_id,_source_system,_extract_at
SYN-SL-0143,SYN-SO-0066,SYN-PR-0017,2,5629500,0.05,10696050,2026-06-26T12:00:00Z,true,sales_order_lines:00143,Operations,2026-09-29T23:00:00Z
SYN-SL-0034,SYN-SO-0016,SYN-PR-0028,2,2538000,0,5076000,2026-08-16T12:00:00Z,true,sales_order_lines:00034,Operations,2026-09-29T23:00:00Z
SYN-SL-0069,SYN-SO-0031,SYN-PR-0016,2,1471500,0,2943000,2026-08-08T12:00:00Z,true,sales_order_lines:00069,Operations,2026-09-29T23:00:00Z
SYN-SL-0139,SYN-SO-0063,SYN-PR-0040,2,6534000,0.05,12414600,2026-02-11T12:00:00Z,true,sales_order_lines:00139,Operations,2026-09-29T23:00:00Z
SYN-SL-0017,SYN-SO-0008,SYN-PR-0045,1,2443500,0.05,2321325,2026-07-23T12:00:00Z,true,sales_order_lines:00017,Operations,2026-09-29T23:00:00Z
SYN-SL-0197,SYN-SO-0092,SYN-PR-0008,2,5521500,0.05,10490850,2026-04-06T12:00:00Z,true,sales_order_lines:00197,Operations,2026-09-29T23:00:00Z
SYN-SL-0048,SYN-SO-0022,SYN-PR-0043,3,4860000,0.0%,14580000,2026-04-18T12:00:00Z,true,sales_order_lines:00048,Operations,2026-09-29T23:00:00Z
SYN-SL-0074,SYN-SO-0033,SYN-PR-0006,2,432000,0,864000,2026-04-02T12:00:00Z,true,sales_order_lines:00074,Operations,2026-09-29T23:00:00Z
SYN-SL-0077,SYN-SO-0034,SYN-PR-0020,3,5751000,0.1,15527700,2026-06-09T12:00:00Z,true,sales_order_lines:00077,Operations,2026-09-29T23:00:00Z
SYN-SL-0014,SYN-SO-0006,SYN-PR-0016,3,1471500,0.1,3973050,2026-08-12T12:00:00Z,true,sales_order_lines:00014,Operations,2026-09-29T23:00:00Z
SYN-SL-0030,SYN-SO-0013,SYN-PR-0031,1,"PKR 4,212,000.00",5.0%,4001400,2026-01-31T12:00:00Z,true,sales_order_lines:00030,Operations,2026-09-29T23:00:00Z
SYN-SL-0062,SYN-SO-0028,SYN-PR-0004,1,6277500,0,6277500,2026-08-11T12:00:00Z,true,sales_order_lines:00062,Operations,2026-09-29T23:00:00Z
SYN-SL-0135,SYN-SO-0061,SYN-PR-0023,1,4050000,0.05,3847500,2026-06-20T12:00:00Z,true,sales_order_lines:00135,Operations,2026-09-29T23:00:00Z
SYN-SL-0187,SYN-SO-0088,SYN-PR-0018,3,1849500,0.05,5271075,2026-06-20T12:00:00Z,true,sales_order_lines:00187,Operations,2026-09-29T23:00:00Z
SYN-SL-0188,SYN-SO-0088,SYN-PR-0007,2,2038500,0.1,3669300,2026-06-20T12:00:00Z,true,sales_order_lines:00188,Operations,2026-09-29T23:00:00Z
SYN-SL-0122,SYN-SO-0054,SYN-PR-0018,3,1849500,0.1,4993650,2026-01-31T12:00:00Z,true,sales_order_lines:00122,Operations,2026-09-29T23:00:00Z
SYN-SL-0180,SYN-SO-0084,SYN-PR-0038,2,6507000,0.05,12363300,2026-07-08T12:00:00Z,YES,sales_order_lines:00180,Operations,2026-09-29T23:00:00Z
SYN-SL-0199,SYN-SO-0092,SYN-PR-0047,1,2173500,0.05,2064825,2026-04-06T12:00:00Z,YES,sales_order_lines:00199,Operations,2026-09-29T23:00:00Z
SYN-SL-0206,SYN-SO-0095,SYN-PR-0033,3,3456000,0.1,9331200,2026-04-21T12:00:00Z,true,sales_order_lines:00206,Operations,2026-09-29T23:00:00Z
SYN-SL-0113,SYN-SO-0049,SYN-PR-0003,3,2092500,0,6277500,2026-05-28T12:00:00Z,true,sales_order_lines:00113,Operations,2026-09-29T23:00:00Z
SYN-SL-0130,SYN-SO-0058,SYN-PR-0045,2,2443500,0.1,4398300,2026-05-13T12:00:00Z,true,sales_order_lines:00130,Operations,2026-09-29T23:00:00Z
SYN-SL-0032,SYN-SO-0015,SYN-PR-0016,2,1471500,0.1,2648700,2026-03-03T12:00:00Z,true,sales_order_lines:00032,Operations,2026-09-29T23:00:00Z
SYN-SL-0098,SYN-SO-0043,SYN-PR-0039,1,4104000,0.1,3693600,2026-06-30T12:00:00Z,true,sales_order_lines:00098,Operations,2026-09-29T23:00:00Z
SYN-SL-0104,SYN-SO-0046,SYN-PR-0016,1,1471500,0,1471500,2026-05-02T12:00:00Z,YES,sales_order_lines:00104,Operations,2026-09-29T23:00:00Z
SYN-SL-0211,SYN-SO-0098,SYN-PR-0017,3,5629500,0.05,16044075,2026-06-14T12:00:00Z,true,sales_order_lines:00211,Operations,2026-09-29T23:00:00Z
SYN-SL-0009,SYN-SO-0005,SYN-PR-0015,2,4522500,0.05,8592750,2026-07-04T12:00:00Z,YES,sales_order_lines:00009,Operations,2026-09-29T23:00:00Z
SYN-SL-0165,SYN-SO-0077,SYN-PR-0007,2,2038500,0.0%,4077000,2026-03-18T12:00:00Z,true,sales_order_lines:00165,Operations,2026-09-29T23:00:00Z
SYN-SL-0043,SYN-SO-0020,SYN-PR-0018,1,1849500,0,1849500,2026-03-30T12:00:00Z,true,sales_order_lines:00043,Operations,2026-09-29T23:00:00Z
SYN-SL-0097,SYN-SO-0043,SYN-PR-0012,3,5683500,0.05,16197975,2026-06-30T12:00:00Z,true,sales_order_lines:00097,Operations,2026-09-29T23:00:00Z
SYN-SL-0148,SYN-SO-0068,SYN-PR-0033,2,3456000,0.05,6566400,2026-04-23T12:00:00Z,true,sales_order_lines:00148,Operations,2026-09-29T23:00:00Z
SYN-SL-0099,SYN-SO-0044,SYN-PR-0020,1,5751000,0,5751000,2026-01-25T12:00:00Z,true,sales_order_lines:00099,Operations,2026-09-29T23:00:00Z
SYN-SL-0192,SYN-SO-0090,SYN-PR-0029,1,6412500,5.0%,6091875,2026-07-26T12:00:00Z,true,sales_order_lines:00192,Operations,2026-09-29T23:00:00Z
SYN-SL-0024,SYN-SO-0010,SYN-PR-0043,2,4860000,0.1,8748000,2026-02-22T12:00:00Z,true,sales_order_lines:00024,Operations,2026-09-29T23:00:00Z
SYN-SL-0116,SYN-SO-0051,SYN-PR-0043,3,4860000,0.1,13122000,2026-03-01T12:00:00Z,true,sales_order_lines:00116,Operations,2026-09-29T23:00:00Z
SYN-SL-0013,SYN-SO-0006,SYN-PR-0031,2,4212000,0.1,7581600,2026-08-12T12:00:00Z,true,sales_order_lines:00013,Operations,2026-09-29T23:00:00Z
SYN-SL-0056,SYN-SO-0026,SYN-PR-0009,2,1296000,0,2592000,2026-01-24T12:00:00Z,true,sales_order_lines:00056,Operations,2026-09-29T23:00:00Z
SYN-SL-0090,SYN-SO-0040,SYN-PR-0018,1,"PKR 1,849,500.00",0.1,1664550,2026-03-16T12:00:00Z,true,sales_order_lines:00090,Operations,2026-09-29T23:00:00Z
SYN-SL-0114,SYN-SO-0050,SYN-PR-0011,2,"PKR 3,874,500.00",0.05,7361550,2026-04-16T12:00:00Z,true,sales_order_lines:00114,Operations,2026-09-29T23:00:00Z
SYN-SL-0046,SYN-SO-0021,SYN-PR-0041,2,1228500,0,2457000,2026-05-08T12:00:00Z,true,sales_order_lines:00046,Operations,2026-09-29T23:00:00Z
SYN-SL-0060,SYN-SO-0027,SYN-PR-0035,1,5602500,0.1,5042250,2026-04-01T12:00:00Z,true,sales_order_lines:00060,Operations,2026-09-29T23:00:00Z
SYN-SL-0012,SYN-SO-0005,SYN-PR-0005,1,1026000,10.0%,923400,2026-07-04T12:00:00Z,true,sales_order_lines:00012,Operations,2026-09-29T23:00:00Z
SYN-SL-0203,SYN-SO-0094,SYN-PR-0009,2,1296000,0.1,2332800,2026-04-23T12:00:00Z,true,sales_order_lines:00203,Operations,2026-09-29T23:00:00Z
SYN-SL-0091,SYN-SO-0041,SYN-PR-0023,1,4050000,0.05,3847500,2026-01-21T12:00:00Z,true,sales_order_lines:00091,Operations,2026-09-29T23:00:00Z
SYN-SL-0033,SYN-SO-0016,SYN-PR-0032,1,769500,0.05,731025,2026-08-16T12:00:00Z,true,sales_order_lines:00033,Operations,2026-09-29T23:00:00Z
SYN-SL-0166,SYN-SO-0078,SYN-PR-0008,3,5521500,0.1,14908050,2026-05-01T12:00:00Z,true,sales_order_lines:00166,Operations,2026-09-29T23:00:00Z
SYN-SL-0087,SYN-SO-0038,SYN-PR-0002,2,6628500,0.05,12594150,2026-08-02T12:00:00Z,true,sales_order_lines:00087,Operations,2026-09-29T23:00:00Z
SYN-SL-0028,SYN-SO-0012,SYN-PR-0039,1,4104000,0.1,3693600,2026-03-19T12:00:00Z,YES,sales_order_lines:00028,Operations,2026-09-29T23:00:00Z
SYN-SL-0134,SYN-SO-0061,SYN-PR-0015,1,4522500,0,4522500,2026-06-20T12:00:00Z,true,sales_order_lines:00134,Operations,2026-09-29T23:00:00Z
SYN-SL-0142,SYN-SO-0065,SYN-PR-0044,2,5859000,0,11718000,2026-01-16T12:00:00Z,YES,sales_order_lines:00142,Operations,2026-09-29T23:00:00Z
SYN-SL-0214,SYN-SO-0100,SYN-PR-0002,3,6628500,0.1,17896950,2026-07-15T12:00:00Z,true,sales_order_lines:00214,Operations,2026-09-29T23:00:00Z
SYN-SL-0004,SYN-SO-0001,SYN-PR-0019,2,5994000,0.1,10789200,2026-05-07T12:00:00Z,true,sales_order_lines:00004,Operations,2026-09-29T23:00:00Z
SYN-SL-0015,SYN-SO-0006,SYN-PR-0024,3,3510000,0.05,10003500,2026-08-12T12:00:00Z,true,sales_order_lines:00015,Operations,2026-09-29T23:00:00Z
SYN-SL-0044,SYN-SO-0020,SYN-PR-0034,2,5103000,0.1,9185400,2026-03-30T12:00:00Z,true,sales_order_lines:00044,Operations,2026-09-29T23:00:00Z
SYN-SL-0158,SYN-SO-0074,SYN-PR-0015,1,4522500,0,4522500,2026-08-14T12:00:00Z,true,sales_order_lines:00158,Operations,2026-09-29T23:00:00Z
SYN-SL-0131,SYN-SO-0059,SYN-PR-0033,3,3456000,0.05,9849600,2026-03-02T12:00:00Z,true,sales_order_lines:00131,Operations,2026-09-29T23:00:00Z
SYN-SL-0083,SYN-SO-0037,SYN-PR-0002,2,6628500,0.05,12594150,2026-07-30T12:00:00Z,true,sales_order_lines:00083,Operations,2026-09-29T23:00:00Z
SYN-SL-0168,SYN-SO-0079,SYN-PR-0044,3,5859000,0.1,15819300,2026-08-15T12:00:00Z,true,sales_order_lines:00168,Operations,2026-09-29T23:00:00Z
SYN-SL-0092,SYN-SO-0041,SYN-PR-0030,2,4279500,0,8559000,2026-01-21T12:00:00Z,true,sales_order_lines:00092,Operations,2026-09-29T23:00:00Z
SYN-SL-0117,SYN-SO-0051,SYN-PR-0046,2,1836000,0.1,3304800,2026-03-01T12:00:00Z,true,sales_order_lines:00117,Operations,2026-09-29T23:00:00Z
SYN-SL-0082,SYN-SO-0036,SYN-PR-0016,1,1471500,0.05,1397925,2026-04-18T12:00:00Z,true,sales_order_lines:00082,Operations,2026-09-29T23:00:00Z
SYN-SL-0109,SYN-SO-0047,SYN-PR-0004,3,6277500,0.05,17890875,2026-04-08T12:00:00Z,true,sales_order_lines:00109,Operations,2026-09-29T23:00:00Z
SYN-SL-0068,SYN-SO-0031,SYN-PR-0004,1,6277500,0.1,5649750,2026-08-08T12:00:00Z,true,sales_order_lines:00068,Operations,2026-09-29T23:00:00Z
SYN-SL-0195,SYN-SO-0091,SYN-PR-0038,3,6507000,0.05,18544950,2026-04-22T12:00:00Z,true,sales_order_lines:00195,Operations,2026-09-29T23:00:00Z
SYN-SL-0120,SYN-SO-0053,SYN-PR-0018,1,1849500,10.0%,1664550,2026-08-15T12:00:00Z,true,sales_order_lines:00120,Operations,2026-09-29T23:00:00Z
SYN-SL-0101,SYN-SO-0045,SYN-PR-0034,1,5103000,0,1,2026-02-22T12:00:00Z,true,sales_order_lines:00101,Operations,2026-09-29T23:00:00Z
SYN-SL-0052,SYN-SO-0024,SYN-PR-0035,3,5602500,0,16807500,2026-06-22T12:00:00Z,true,sales_order_lines:00052,Operations,2026-09-29T23:00:00Z
SYN-SL-0038,SYN-SO-0019,SYN-PR-0027,1,4684500,0,4684500,2026-04-11T12:00:00Z,true,sales_order_lines:00038,Operations,2026-09-29T23:00:00Z
SYN-SL-0039,SYN-SO-0019,SYN-PR-0005,1,1026000,5.0%,974700,2026-04-11T12:00:00Z,true,sales_order_lines:00039,Operations,2026-09-29T23:00:00Z
SYN-SL-0051,SYN-SO-0024,SYN-PR-0026,3,499500,0.1,1348650,2026-06-22T12:00:00Z,true,sales_order_lines:00051,Operations,2026-09-29T23:00:00Z
SYN-SL-0162,SYN-SO-0076,SYN-PR-0047,2,"PKR 2,173,500.00",0,4347000,2026-07-31T12:00:00Z,true,sales_order_lines:00162,Operations,2026-09-29T23:00:00Z
SYN-SL-0007,SYN-SO-0003,SYN-PR-0027,3,4684500,0,14053500,2026-02-09T12:00:00Z,true,sales_order_lines:00007,Operations,2026-09-29T23:00:00Z
SYN-SL-0207,SYN-SO-0095,SYN-PR-0030,1,4279500,0.1,3851550,2026-04-21T12:00:00Z,true,sales_order_lines:00207,Operations,2026-09-29T23:00:00Z
SYN-SL-0173,SYN-SO-0081,SYN-PR-0032,3,769500,0.1,2077650,2026-07-28T12:00:00Z,true,sales_order_lines:00173,Operations,2026-09-29T23:00:00Z
SYN-SL-0049,SYN-SO-0022,SYN-PR-0026,1,499500,0,499500,2026-04-18T12:00:00Z,true,sales_order_lines:00049,Operations,2026-09-29T23:00:00Z
SYN-SL-0128,SYN-SO-0058,SYN-PR-0047,2,2173500,0,4347000,2026-05-13T12:00:00Z,true,sales_order_lines:00128,Operations,2026-09-29T23:00:00Z
SYN-SL-0176,SYN-SO-0083,SYN-PR-0043,3,4860000,0,14580000,2026-07-15T12:00:00Z,true,sales_order_lines:00176,Operations,2026-09-29T23:00:00Z
SYN-SL-0127,SYN-SO-0057,SYN-PR-0019,2,5994000,0,11988000,2026-07-03T12:00:00Z,true,sales_order_lines:00127,Operations,2026-09-29T23:00:00Z
SYN-SL-0147,SYN-SO-0068,SYN-PR-0002,1,6628500,10.0%,5965650,2026-04-23T12:00:00Z,true,sales_order_lines:00147,Operations,2026-09-29T23:00:00Z
SYN-SL-0157,SYN-SO-0074,SYN-PR-0048,2,2551500,0.1,4592700,2026-08-14T12:00:00Z,true,sales_order_lines:00157,Operations,2026-09-29T23:00:00Z
SYN-SL-0125,SYN-SO-0056,SYN-PR-0017,1,5629500,0.05,5348025,2026-04-17T12:00:00Z,true,sales_order_lines:DUP:00124,Operations,2026-09-29T23:00:00Z
SYN-SL-0163,SYN-SO-0076,SYN-PR-0019,3,5994000,0.1,16183800,2026-07-31T12:00:00Z,true,sales_order_lines:00163,Operations,2026-09-29T23:00:00Z
SYN-SL-0198,SYN-SO-0092,SYN-PR-0046,2,"PKR 1,836,000.00",0.1,3304800,2026-04-06T12:00:00Z,true,sales_order_lines:00198,Operations,2026-09-29T23:00:00Z
SYN-SL-0094,SYN-SO-0042,SYN-PR-0035,2,5602500,0.1,10084500,2026-05-14T12:00:00Z,true,sales_order_lines:DUP:00093,Operations,2026-09-29T23:00:00Z
SYN-SL-0159,SYN-SO-0074,SYN-PR-0031,3,4212000,0.05,12004200,2026-08-14T12:00:00Z,true,sales_order_lines:00159,Operations,2026-09-29T23:00:00Z
SYN-SL-0107,SYN-SO-0047,SYN-PR-0010,2,6588000,0.05,12517200,2026-04-08T12:00:00Z,true,sales_order_lines:00107,Operations,2026-09-29T23:00:00Z
SYN-SL-0209,SYN-SO-0097,SYN-PR-0002,3,6628500,0,19885500,2026-06-14T12:00:00Z,true,sales_order_lines:00209,Operations,2026-09-29T23:00:00Z
SYN-SL-0088,SYN-SO-0039,SYN-PR-0014,2,1431000,0.05,2718900,2026-03-04T12:00:00Z,true,sales_order_lines:00088,Operations,2026-09-29T23:00:00Z
SYN-SL-0080,SYN-SO-0036,SYN-PR-0015,3,4522500,0,13567500,2026-04-18T12:00:00Z,true,sales_order_lines:00080,Operations,2026-09-29T23:00:00Z
SYN-SL-0174,SYN-SO-0081,SYN-PR-0025,1,"PKR 2,592,000.00",5.0%,2462400,2026-07-28T12:00:00Z,true,sales_order_lines:00174,Operations,2026-09-29T23:00:00Z
SYN-SL-0072,SYN-SO-0032,SYN-PR-0008,3,5521500,0.05,15736275,2026-04-13T12:00:00Z,true,sales_order_lines:00072,Operations,2026-09-29T23:00:00Z
SYN-SL-0196,SYN-SO-0091,SYN-PR-0019,3,5994000,0.1,16183800,2026-04-22T12:00:00Z,true,sales_order_lines:00196,Operations,2026-09-29T23:00:00Z
SYN-SL-0071,SYN-SO-0032,SYN-PR-0036,-3,6655500,0,6655500,2026-04-13T12:00:00Z,true,sales_order_lines:00071,Operations,2026-09-29T23:00:00Z
SYN-SL-0025,SYN-SO-0011,SYN-PR-0028,1,2538000,0,2538000,2026-03-16T12:00:00Z,true,sales_order_lines:00025,Operations,2026-09-29T23:00:00Z
SYN-SL-0070,SYN-SO-0032,SYN-PR-0025,3,2592000,0.1,6998400,2026-04-13T12:00:00Z,true,sales_order_lines:00070,Operations,2026-09-29T23:00:00Z
SYN-SL-0115,SYN-SO-0051,SYN-PR-0013,2,4360500,0,8721000,2026-03-01T12:00:00Z,true,sales_order_lines:00115,Operations,2026-09-29T23:00:00Z
SYN-SL-0110,SYN-SO-0048,SYN-PR-0031,1,4212000,0.1,3790800,2026-04-14T12:00:00Z,true,sales_order_lines:00110,Operations,2026-09-29T23:00:00Z
SYN-SL-0124,SYN-SO-0055,SYN-PR-0024,2,3510000,0.1,6318000,2026-07-19T12:00:00Z,true,sales_order_lines:00124,Operations,2026-09-29T23:00:00Z
SYN-SL-0194,SYN-SO-0090,SYN-PR-0046,3,1836000,0,5508000,2026-07-26T12:00:00Z,true,sales_order_lines:00194,Operations,2026-09-29T23:00:00Z
SYN-SL-0121,SYN-SO-0053,SYN-PR-0001,1,5940000,0.05,5643000,2026-08-15T12:00:00Z,true,sales_order_lines:00121,Operations,2026-09-29T23:00:00Z
SYN-SL-0144,SYN-SO-0066,SYN-PR-0015,1,4522500,0,4522500,2026-06-26T12:00:00Z,true,sales_order_lines:00144,Operations,2026-09-29T23:00:00Z
SYN-SL-0210,SYN-SO-0097,SYN-PR-0042,2,"PKR 5,778,000.00",10.0%,10400400,2026-06-14T12:00:00Z,true,sales_order_lines:00210,Operations,2026-09-29T23:00:00Z
SYN-SL-0137,SYN-SO-0062,SYN-PR-0025,3,2592000,0,7776000,2026-06-07T12:00:00Z,true,sales_order_lines:00137,Operations,2026-09-29T23:00:00Z
SYN-SL-0085,SYN-SO-0038,SYN-PR-0001,1,5940000,0.1,5346000,2026-08-02T12:00:00Z,YES,sales_order_lines:00085,Operations,2026-09-29T23:00:00Z
SYN-SL-0041,SYN-SO-0019,SYN-PR-9999,2,2592000,0.1,4665600,2026-04-11T12:00:00Z,true,sales_order_lines:00041,Operations,2026-09-29T23:00:00Z
SYN-SL-0095,SYN-SO-0042,SYN-PR-0038,2,6507000,0,13014000,2026-05-14T12:00:00Z,true,sales_order_lines:00095,Operations,2026-09-29T23:00:00Z
SYN-SL-0185,SYN-SO-0087,SYN-PR-0006,2,432000,0.1,777600,2026-07-29T12:00:00Z,true,sales_order_lines:00185,Operations,2026-09-29T23:00:00Z
SYN-SL-0089,SYN-SO-0040,SYN-PR-0030,2,4279500,0,8559000,2026-03-16T12:00:00Z,true,sales_order_lines:00089,Operations,2026-09-29T23:00:00Z
SYN-SL-0186,SYN-SO-0087,SYN-PR-0015,1,"PKR 4,522,500.00",0.05,4296375,2026-07-29T12:00:00Z,true,sales_order_lines:00186,Operations,2026-09-29T23:00:00Z
SYN-SL-0133,SYN-SO-0060,SYN-PR-0047,1,2173500,0.1,1956150,2026-03-30T12:00:00Z,true,sales_order_lines:00133,Operations,2026-09-29T23:00:00Z
SYN-SL-0141,SYN-SO-0064,SYN-PR-0022,1,5535000,0.1,4981500,2026-05-13T12:00:00Z,true,sales_order_lines:00141,Operations,2026-09-29T23:00:00Z
SYN-SL-0140,SYN-SO-0064,SYN-PR-0002,1,6628500,0,6628500,2026-05-13T12:00:00Z,true,sales_order_lines:00140,Operations,2026-09-29T23:00:00Z
SYN-SL-0181,SYN-SO-0085,SYN-PR-0026,2,499500,0.1,899100,2026-08-20T12:00:00Z,true,sales_order_lines:00181,Operations,2026-09-29T23:00:00Z
SYN-SL-0079,SYN-SO-0035,SYN-PR-0035,1,5602500,0.05,5322375,2026-04-12T12:00:00Z,true,sales_order_lines:00079,Operations,2026-09-29T23:00:00Z
SYN-SL-0193,SYN-SO-0090,SYN-PR-0025,2,2592000,0,5184000,2026-07-26T12:00:00Z,true,sales_order_lines:00193,Operations,2026-09-29T23:00:00Z
SYN-SL-0086,SYN-SO-0038,SYN-PR-0038,2,6507000,0,13014000,2026-08-02T12:00:00Z,true,sales_order_lines:00086,Operations,2026-09-29T23:00:00Z
SYN-SL-0123,SYN-SO-0055,SYN-PR-0022,1,5535000,0.1,4981500,2026-07-19T12:00:00Z,YES,sales_order_lines:00123,Operations,2026-09-29T23:00:00Z
SYN-SL-0177,SYN-SO-0083,SYN-PR-0031,1,4212000,0.05,4001400,2026-07-15T12:00:00Z,true,sales_order_lines:00177,Operations,2026-09-29T23:00:00Z
SYN-SL-0105,SYN-SO-0046,SYN-PR-0006,2,432000,0,864000,2026-05-02T12:00:00Z,true,sales_order_lines:00105,Operations,2026-09-29T23:00:00Z
SYN-SL-0215,SYN-SO-0100,SYN-PR-0038,3,6507000,0,19521000,2026-07-15T12:00:00Z,true,sales_order_lines:00215,Operations,2026-09-29T23:00:00Z
SYN-SL-0016,SYN-SO-0007,SYN-PR-0040,3,6534000,0.05,18621900,2026-03-21T12:00:00Z,true,sales_order_lines:00016,Operations,2026-09-29T23:00:00Z
SYN-SL-0008,SYN-SO-0004,SYN-PR-0028,1,2538000,0.1,2284200,2026-07-25T12:00:00Z,true,sales_order_lines:00008,Operations,2026-09-29T23:00:00Z
SYN-SL-0164,SYN-SO-0077,SYN-PR-0044,2,5859000,0,11718000,2026-03-18T12:00:00Z,true,sales_order_lines:00164,Operations,2026-09-29T23:00:00Z
SYN-SL-0189,SYN-SO-0088,SYN-PR-0003,3,2092500,0.05,5963625,2026-06-20T12:00:00Z,true,sales_order_lines:00189,Operations,2026-09-29T23:00:00Z
SYN-SL-0076,SYN-SO-0034,SYN-PR-0037,3,4347000,0.1,11736900,2026-06-09T12:00:00Z,true,sales_order_lines:00076,Operations,2026-09-29T23:00:00Z
SYN-SL-0032,SYN-SO-0015,SYN-PR-0016,2,1471500,0.1,2648700,2026-03-03T12:00:00Z,true,sales_order_lines:DUP:00031,Operations,2026-09-29T23:00:00Z
SYN-SL-0031,SYN-SO-0014,SYN-PR-0003,-3,2092500,0,6277500,2026-03-23T12:00:00Z,true,sales_order_lines:00031,Operations,2026-09-29T23:00:00Z
SYN-SL-0050,SYN-SO-0023,SYN-PR-0022,1,5535000,0.05,5258250,2026-06-05T12:00:00Z,true,sales_order_lines:00050,Operations,2026-09-29T23:00:00Z
SYN-SL-0045,SYN-SO-0021,SYN-PR-0037,2,4347000,0.05,8259300,2026-05-08T12:00:00Z,true,sales_order_lines:00045,Operations,2026-09-29T23:00:00Z
SYN-SL-0136,SYN-SO-0062,SYN-PR-0044,1,5859000,0,5859000,2026-06-07T12:00:00Z,true,sales_order_lines:00136,Operations,2026-09-29T23:00:00Z
SYN-SL-0053,SYN-SO-0025,SYN-PR-0011,2,3874500,0,7749000,2026-07-22T12:00:00Z,true,sales_order_lines:00053,Operations,2026-09-29T23:00:00Z
SYN-SL-0019,SYN-SO-0008,SYN-PR-0035,2,5602500,0.05,10644750,2026-07-23T12:00:00Z,true,sales_order_lines:00019,Operations,2026-09-29T23:00:00Z
SYN-SL-0020,SYN-SO-0009,SYN-PR-0019,3,5994000,0,17982000,2026-01-19T12:00:00Z,true,sales_order_lines:00020,Operations,2026-09-29T23:00:00Z
SYN-SL-0057,SYN-SO-0026,SYN-PR-0001,2,5940000,10.0%,10692000,2026-01-24T12:00:00Z,true,sales_order_lines:00057,Operations,2026-09-29T23:00:00Z
SYN-SL-0169,SYN-SO-0080,SYN-PR-0041,3,1228500,0.05,3501225,2026-05-11T12:00:00Z,true,sales_order_lines:00169,Operations,2026-09-29T23:00:00Z
SYN-SL-0054,SYN-SO-0025,SYN-PR-0025,1,"PKR 2,592,000.00",0,2592000,2026-07-22T12:00:00Z,true,sales_order_lines:00054,Operations,2026-09-29T23:00:00Z
SYN-SL-0149,SYN-SO-0069,SYN-PR-0010,3,6588000,0.1,17787600,2026-04-20T12:00:00Z,true,sales_order_lines:00149,Operations,2026-09-29T23:00:00Z
SYN-SL-0160,SYN-SO-0074,SYN-PR-0034,2,5103000,0,10206000,2026-08-14T12:00:00Z,true,sales_order_lines:00160,Operations,2026-09-29T23:00:00Z
SYN-SL-0167,SYN-SO-0079,SYN-PR-0014,1,1431000,0.05,1359450,2026-08-15T12:00:00Z,true,sales_order_lines:00167,Operations,2026-09-29T23:00:00Z
SYN-SL-0001,SYN-SO-0001,SYN-PR-0024,1,3510000,0,3510000,2026-05-07T12:00:00Z,true,sales_order_lines:DUP:00000,Operations,2026-09-29T23:00:00Z
SYN-SL-0027,SYN-SO-0011,SYN-PR-0009,3,1296000,0.1,3499200,2026-03-16T12:00:00Z,true,sales_order_lines:00027,Operations,2026-09-29T23:00:00Z
SYN-SL-0021,SYN-SO-0009,SYN-PR-0025,2,2592000,10.0%,4665600,2026-01-19T12:00:00Z,true,sales_order_lines:00021,Operations,2026-09-29T23:00:00Z
SYN-SL-0029,SYN-SO-0013,SYN-PR-0025,2,2592000,0,5184000,2026-01-31T12:00:00Z,true,sales_order_lines:00029,Operations,2026-09-29T23:00:00Z
SYN-SL-0006,SYN-SO-0003,SYN-PR-0044,3,"PKR 5,859,000.00",0,17577000,2026-02-09T12:00:00Z,true,sales_order_lines:00006,Operations,2026-09-29T23:00:00Z
SYN-SL-0151,SYN-SO-0070,SYN-PR-0026,3,499500,0,1498500,2026-06-13T12:00:00Z,true,sales_order_lines:00151,Operations,2026-09-29T23:00:00Z
SYN-SL-0059,SYN-SO-0027,SYN-PR-0002,2,6628500,0,13257000,2026-04-01T12:00:00Z,true,sales_order_lines:00059,Operations,2026-09-29T23:00:00Z
SYN-SL-0063,SYN-SO-0029,SYN-PR-0021,3,364500,0,1093500,2026-04-09T12:00:00Z,true,sales_order_lines:DUP:00062,Operations,2026-09-29T23:00:00Z
SYN-SL-0200,SYN-SO-0093,SYN-PR-0004,2,6277500,0.05,11927250,2026-05-10T12:00:00Z,true,sales_order_lines:00200,Operations,2026-09-29T23:00:00Z
SYN-SL-0212,SYN-SO-0098,SYN-PR-0007,2,2038500,0,4077000,2026-06-14T12:00:00Z,true,sales_order_lines:00212,Operations,2026-09-29T23:00:00Z
SYN-SL-0002,SYN-SO-0001,SYN-PR-0031,1,4212000,0.1,3790800,2026-05-07T12:00:00Z,true,sales_order_lines:00002,Operations,2026-09-29T23:00:00Z
SYN-SL-0125,SYN-SO-0056,SYN-PR-0017,1,5629500,0.05,5348025,2026-04-17T12:00:00Z,true,sales_order_lines:00125,Operations,2026-09-29T23:00:00Z
SYN-SL-0153,SYN-SO-0071,SYN-PR-0037,3,4347000,0.05,12388950,2026-02-28T12:00:00Z,true,sales_order_lines:00153,Operations,2026-09-29T23:00:00Z
SYN-SL-0171,SYN-SO-0081,SYN-PR-0023,1,4050000,0.05,3847500,2026-07-28T12:00:00Z,true,sales_order_lines:00171,Operations,2026-09-29T23:00:00Z
SYN-SL-0047,SYN-SO-0021,SYN-PR-0025,1,2592000,0,2592000,2026-05-08T12:00:00Z,YES,sales_order_lines:00047,Operations,2026-09-29T23:00:00Z
SYN-SL-0058,SYN-SO-0026,SYN-PR-0012,3,5683500,0,17050500,2026-01-24T12:00:00Z,true,sales_order_lines:00058,Operations,2026-09-29T23:00:00Z
SYN-SL-0001,SYN-SO-0001,SYN-PR-0024,1,3510000,0,3510000,2026-05-07T12:00:00Z,true,sales_order_lines:00001,Operations,2026-09-29T23:00:00Z
SYN-SL-0208,SYN-SO-0096,SYN-PR-0030,1,4279500,0.05,4065525,2026-04-29T12:00:00Z,true,sales_order_lines:00208,Operations,2026-09-29T23:00:00Z
SYN-SL-0011,SYN-SO-0005,SYN-PR-0013,3,4360500,0,13081500,2026-07-04T12:00:00Z,true,sales_order_lines:00011,Operations,2026-09-29T23:00:00Z
SYN-SL-0213,SYN-SO-0099,SYN-PR-0001,1,5940000,0.05,5643000,2026-08-12T12:00:00Z,true,sales_order_lines:00213,Operations,2026-09-29T23:00:00Z
SYN-SL-0172,SYN-SO-0081,SYN-PR-0017,3,5629500,0.1,15199650,2026-07-28T12:00:00Z,true,sales_order_lines:00172,Operations,2026-09-29T23:00:00Z
SYN-SL-0129,SYN-SO-0058,SYN-PR-0015,2,4522500,10.0%,8140500,2026-05-13T12:00:00Z,true,sales_order_lines:00129,Operations,2026-09-29T23:00:00Z
SYN-SL-0022,SYN-SO-0009,SYN-PR-0012,3,5683500,0.1,15345450,2026-01-19T12:00:00Z,true,sales_order_lines:00022,Operations,2026-09-29T23:00:00Z
SYN-SL-0075,SYN-SO-0033,SYN-PR-0032,3,769500,5.0%,2193075,2026-04-02T12:00:00Z,true,sales_order_lines:00075,Operations,2026-09-29T23:00:00Z
SYN-SL-0138,SYN-SO-0063,SYN-PR-0045,3,"PKR 2,443,500.00",0.0%,7330500,2026-02-11T12:00:00Z,true,sales_order_lines:00138,Operations,2026-09-29T23:00:00Z
SYN-SL-0154,SYN-SO-0072,SYN-PR-0041,2,1228500,0,2457000,2026-04-10T12:00:00Z,true,sales_order_lines:00154,Operations,2026-09-29T23:00:00Z
SYN-SL-0179,SYN-SO-0084,SYN-PR-0038,2,6507000,0.1,11712600,2026-07-08T12:00:00Z,true,sales_order_lines:00179,Operations,2026-09-29T23:00:00Z
SYN-SL-0187,SYN-SO-0088,SYN-PR-0018,3,1849500,0.05,5271075,2026-06-20T12:00:00Z,true,sales_order_lines:DUP:00186,Operations,2026-09-29T23:00:00Z
SYN-SL-0191,SYN-SO-0089,SYN-PR-0040,3,6534000,0.05,18621900,2026-07-13T12:00:00Z,true,sales_order_lines:00191,Operations,2026-09-29T23:00:00Z
SYN-SL-0084,SYN-SO-0038,SYN-PR-0047,1,2173500,0.0%,2173500,2026-08-02T12:00:00Z,true,sales_order_lines:00084,Operations,2026-09-29T23:00:00Z
SYN-SL-0061,SYN-SO-0027,SYN-PR-0016,2,1471500,0,2943000,2026-04-01T12:00:00Z,true,sales_order_lines:00061,Operations,2026-09-29T23:00:00Z
SYN-SL-0182,SYN-SO-0086,SYN-PR-0029,3,6412500,0.05,18275625,2026-07-07T12:00:00Z,true,sales_order_lines:00182,Operations,2026-09-29T23:00:00Z
SYN-SL-0063,SYN-SO-0029,SYN-PR-0021,3,364500,0,1093500,2026-04-09T12:00:00Z,true,sales_order_lines:00063,Operations,2026-09-29T23:00:00Z
SYN-SL-0152,SYN-SO-0070,SYN-PR-0017,2,5629500,0.05,10696050,2026-06-13T12:00:00Z,true,sales_order_lines:00152,Operations,2026-09-29T23:00:00Z
SYN-SL-0132,SYN-SO-0060,SYN-PR-0011,1,3874500,0.05,3680775,2026-03-30T12:00:00Z,true,sales_order_lines:00132,Operations,2026-09-29T23:00:00Z
SYN-SL-0146,SYN-SO-0067,SYN-PR-0012,2,5683500,0.1,10230300,2026-06-26T12:00:00Z,true,sales_order_lines:00146,Operations,2026-09-29T23:00:00Z
SYN-SL-0205,SYN-SO-0095,SYN-PR-0003,2,2092500,0.1,3766500,2026-04-21T12:00:00Z,true,sales_order_lines:00205,Operations,2026-09-29T23:00:00Z
SYN-SL-0175,SYN-SO-0082,SYN-PR-0017,3,5629500,0.05,16044075,2026-06-23T12:00:00Z,true,sales_order_lines:00175,Operations,2026-09-29T23:00:00Z
SYN-SL-0103,SYN-SO-0046,SYN-PR-0011,2,3874500,0,7749000,2026-05-02T12:00:00Z,true,sales_order_lines:00103,Operations,2026-09-29T23:00:00Z
SYN-SL-0026,SYN-SO-0011,SYN-PR-0032,3,769500,0.1,2077650,2026-03-16T12:00:00Z,true,sales_order_lines:00026,Operations,2026-09-29T23:00:00Z
SYN-SL-0005,SYN-SO-0002,SYN-PR-0033,1,3456000,0,3456000,2026-05-11T12:00:00Z,true,sales_order_lines:00005,Operations,2026-09-29T23:00:00Z
SYN-SL-0178,SYN-SO-0083,SYN-PR-0040,1,6534000,0.05,6207300,2026-07-15T12:00:00Z,true,sales_order_lines:00178,Operations,2026-09-29T23:00:00Z
SYN-SL-0111,SYN-SO-0048,SYN-PR-0017,-3,5629500,5.0%,5348025,2026-04-14T12:00:00Z,true,sales_order_lines:00111,Operations,2026-09-29T23:00:00Z
SYN-SL-0161,SYN-SO-0075,SYN-PR-0021,1,364500,0.05,346275,2026-04-25T12:00:00Z,YES,sales_order_lines:00161,Operations,2026-09-29T23:00:00Z
SYN-SL-0096,SYN-SO-0043,SYN-PR-0020,2,5751000,0,11502000,2026-06-30T12:00:00Z,true,sales_order_lines:00096,Operations,2026-09-29T23:00:00Z
SYN-SL-0065,SYN-SO-0030,SYN-PR-0007,3,2038500,0.05,5809725,2026-01-22T12:00:00Z,true,sales_order_lines:00065,Operations,2026-09-29T23:00:00Z
SYN-SL-0003,SYN-SO-0001,SYN-PR-0004,2,6277500,10.0%,11299500,2026-05-07T12:00:00Z,true,sales_order_lines:00003,Operations,2026-09-29T23:00:00Z
SYN-SL-0081,SYN-SO-0036,SYN-PR-9999,1,6412500,0.1,5771250,2026-04-18T12:00:00Z,true,sales_order_lines:00081,Operations,2026-09-29T23:00:00Z
SYN-SL-0040,SYN-SO-0019,SYN-PR-0014,1,1431000,0.1,1287900,2026-04-11T12:00:00Z,true,sales_order_lines:00040,Operations,2026-09-29T23:00:00Z
SYN-SL-0119,SYN-SO-0053,SYN-PR-0013,2,4360500,0.05,8284950,2026-08-15T12:00:00Z,true,sales_order_lines:00119,Operations,2026-09-29T23:00:00Z
SYN-SL-0042,SYN-SO-0020,SYN-PR-0047,1,"PKR 2,173,500.00",0.05,2064825,2026-03-30T12:00:00Z,true,sales_order_lines:00042,Operations,2026-09-29T23:00:00Z
SYN-SL-0064,SYN-SO-0030,SYN-PR-0032,1,769500,0.05,731025,2026-01-22T12:00:00Z,true,sales_order_lines:00064,Operations,2026-09-29T23:00:00Z
SYN-SL-0066,SYN-SO-0030,SYN-PR-0025,2,"PKR 2,592,000.00",0.0%,5184000,2026-01-22T12:00:00Z,YES,sales_order_lines:00066,Operations,2026-09-29T23:00:00Z
SYN-SL-0156,SYN-SO-0073,SYN-PR-0002,3,6628500,5.0%,18891225,2026-03-23T12:00:00Z,true,sales_order_lines:00156,Operations,2026-09-29T23:00:00Z
SYN-SL-0202,SYN-SO-0094,SYN-PR-0044,1,5859000,0.05,5566050,2026-04-23T12:00:00Z,true,sales_order_lines:00202,Operations,2026-09-29T23:00:00Z
SYN-SL-0106,SYN-SO-0046,SYN-PR-0041,2,1228500,0.1,2211300,2026-05-02T12:00:00Z,true,sales_order_lines:00106,Operations,2026-09-29T23:00:00Z
SYN-SL-0010,SYN-SO-0005,SYN-PR-0013,2,4360500,0.05,8284950,2026-07-04T12:00:00Z,true,sales_order_lines:00010,Operations,2026-09-29T23:00:00Z
SYN-SL-0118,SYN-SO-0052,SYN-PR-0038,3,6507000,0.05,18544950,2026-03-21T12:00:00Z,true,sales_order_lines:00118,Operations,2026-09-29T23:00:00Z
SYN-SL-0184,SYN-SO-0086,SYN-PR-0041,3,1228500,0,3685500,2026-07-07T12:00:00Z,true,sales_order_lines:00184,Operations,2026-09-29T23:00:00Z
SYN-SL-0067,SYN-SO-0031,SYN-PR-0033,1,3456000,0.1,3110400,2026-08-08T12:00:00Z,true,sales_order_lines:00067,Operations,2026-09-29T23:00:00Z
SYN-SL-0126,SYN-SO-0056,SYN-PR-0037,3,"PKR 4,347,000.00",0.05,12388950,2026-04-17T12:00:00Z,true,sales_order_lines:00126,Operations,2026-09-29T23:00:00Z
SYN-SL-0204,SYN-SO-0094,SYN-PR-0002,2,6628500,0.1,11931300,2026-04-23T12:00:00Z,true,sales_order_lines:00204,Operations,2026-09-29T23:00:00Z
SYN-SL-0078,SYN-SO-0034,SYN-PR-0041,1,"PKR 1,228,500.00",0.1,1105650,2026-06-09T12:00:00Z,true,sales_order_lines:00078,Operations,2026-09-29T23:00:00Z
SYN-SL-0100,SYN-SO-0044,SYN-PR-0044,3,5859000,0.1,15819300,2026-01-25T12:00:00Z,true,sales_order_lines:00100,Operations,2026-09-29T23:00:00Z
SYN-SL-0094,SYN-SO-0042,SYN-PR-0035,2,5602500,0.1,10084500,2026-05-14T12:00:00Z,true,sales_order_lines:00094,Operations,2026-09-29T23:00:00Z
SYN-SL-0170,SYN-SO-0080,SYN-PR-0048,1,2551500,0.1,2296350,2026-05-11T12:00:00Z,true,sales_order_lines:00170,Operations,2026-09-29T23:00:00Z
SYN-SL-0035,SYN-SO-0017,SYN-PR-0035,2,5602500,0.1,10084500,2026-06-01T12:00:00Z,true,sales_order_lines:00035,Operations,2026-09-29T23:00:00Z
SYN-SL-0018,SYN-SO-0008,SYN-PR-0043,1,"PKR 4,860,000.00",0.05,4617000,2026-07-23T12:00:00Z,true,sales_order_lines:00018,Operations,2026-09-29T23:00:00Z
SYN-SL-0037,SYN-SO-0018,SYN-PR-0007,2,2038500,0.05,3873150,2026-07-27T12:00:00Z,true,sales_order_lines:00037,Operations,2026-09-29T23:00:00Z
SYN-SL-0102,SYN-SO-0045,SYN-PR-0005,3,"PKR 1,026,000.00",10.0%,2770200,2026-02-22T12:00:00Z,true,sales_order_lines:00102,Operations,2026-09-29T23:00:00Z
SYN-SL-0150,SYN-SO-0070,SYN-PR-0028,3,"PKR 2,538,000.00",0.05,7233300,2026-06-13T12:00:00Z,true,sales_order_lines:00150,Operations,2026-09-29T23:00:00Z
SYN-SL-0036,SYN-SO-0017,SYN-PR-0003,2,2092500,0,4185000,2026-06-01T12:00:00Z,true,sales_order_lines:00036,Operations,2026-09-29T23:00:00Z
SYN-SL-0145,SYN-SO-0067,SYN-PR-0026,3,499500,0.05,1423575,2026-06-26T12:00:00Z,true,sales_order_lines:00145,Operations,2026-09-29T23:00:00Z
SYN-SL-0073,SYN-SO-0033,SYN-PR-0038,3,6507000,0.05,18544950,2026-04-02T12:00:00Z,true,sales_order_lines:00073,Operations,2026-09-29T23:00:00Z
SYN-SL-0156,SYN-SO-0073,SYN-PR-0002,3,6628500,5.0%,18891225,2026-03-23T12:00:00Z,true,sales_order_lines:DUP:00155,Operations,2026-09-29T23:00:00Z
SYN-SL-0190,SYN-SO-0089,SYN-PR-0009,3,1296000,0.05,3693600,2026-07-13T12:00:00Z,true,sales_order_lines:00190,Operations,2026-09-29T23:00:00Z
SYN-SL-0108,SYN-SO-0047,SYN-PR-0040,3,6534000,0,19602000,2026-04-08T12:00:00Z,true,sales_order_lines:00108,Operations,2026-09-29T23:00:00Z
SYN-SL-0155,SYN-SO-0072,SYN-PR-0025,1,2592000,0.05,2462400,2026-04-10T12:00:00Z,true,sales_order_lines:00155,Operations,2026-09-29T23:00:00Z
SYN-SL-0023,SYN-SO-0010,SYN-PR-0018,3,1849500,0.1,4993650,2026-02-22T12:00:00Z,true,sales_order_lines:00023,Operations,2026-09-29T23:00:00Z
SYN-SL-0183,SYN-SO-0086,SYN-PR-0028,1,2538000,0.0%,2538000,2026-07-07T12:00:00Z,true,sales_order_lines:00183,Operations,2026-09-29T23:00:00Z
SYN-SL-0201,SYN-SO-0093,SYN-PR-0046,1,1836000,5.0%,1744200,2026-05-10T12:00:00Z,true,sales_order_lines:00201,Operations,2026-09-29T23:00:00Z
SYN-SL-0055,SYN-SO-0025,SYN-PR-0007,3,2038500,0.1,5503950,2026-07-22T12:00:00Z,true,sales_order_lines:00055,Operations,2026-09-29T23:00:00Z
SYN-SL-0093,SYN-SO-0041,SYN-PR-0032,2,769500,5.0%,1462050,2026-01-21T12:00:00Z,true,sales_order_lines:00093,Operations,2026-09-29T23:00:00Z
SYN-SL-0112,SYN-SO-0048,SYN-PR-0012,3,5683500,0,17050500,2026-04-14T12:00:00Z,true,sales_order_lines:00112,Operations,2026-09-29T23:00:00Z
