training_id,order_id,trainer_employee_id,session_date,topic,participants,duration_hours,feedback_score,is_synthetic,_source_row_id,_source_system,_extract_at
SYN-TR-0031,SYN-SO-0031,SYN-EM-0001,2026-09-06,Operation and basic maintenance,13,4,3,true,training_sessions:00031,ServiceLog,2026-09-29T23:00:00Z
SYN-TR-0024,SYN-SO-0024,SYN-EM-0001,21/07/2026,Operation and basic maintenance,13,4,5,true,training_sessions:00024,ServiceLog,2026-09-29T23:00:00Z
SYN-TR-0063,SYN-SO-0063,SYN-EM-0001,2026-03-12,Operation and basic maintenance,8,8,3,true,training_sessions:00063,ServiceLog,2026-09-29T23:00:00Z
SYN-TR-0056,SYN-SO-0056,SYN-EM-0001,2026-05-16,Operation and basic maintenance,5,2,3,true,training_sessions:00056,ServiceLog,2026-09-29T23:00:00Z
SYN-TR-0016,SYN-SO-0016,SYN-EM-0001,2026-09-14,Operation and basic maintenance,13,8,3,true,training_sessions:00016,ServiceLog,2026-09-29T23:00:00Z
SYN-TR-0020,SYN-SO-0020,SYN-EM-0001,2026-04-28,Operation and basic maintenance,5,2,3,true,training_sessions:00020,ServiceLog,2026-09-29T23:00:00Z
SYN-TR-0055,SYN-SO-0055,SYN-EM-0001,17-Aug-2026,Operation and basic maintenance,9,2,3,true,training_sessions:00055,ServiceLog,2026-09-29T23:00:00Z
SYN-TR-0051,SYN-SO-0051,SYN-EM-0001,2026-03-30,Operation and basic maintenance,13,8,4,true,training_sessions:00051,ServiceLog,2026-09-29T23:00:00Z
SYN-TR-0025,SYN-SO-0025,SYN-EM-0001,2026-08-20,Operation and basic maintenance,7,2,4,true,training_sessions:00025,ServiceLog,2026-09-29T23:00:00Z
SYN-TR-0060,SYN-SO-0060,SYN-EM-0001,2026-04-28,Operation and basic maintenance,13,2,4,true,training_sessions:00060,ServiceLog,2026-09-29T23:00:00Z
SYN-TR-0037,SYN-SO-0037,SYN-EM-0001,2026-08-28,Operation and basic maintenance,8,4,3,true,training_sessions:00037,ServiceLog,2026-09-29T23:00:00Z
SYN-TR-0074,SYN-SO-0074,SYN-EM-0001,2026-09-12,Operation and basic maintenance,3,4,3,true,training_sessions:00074,ServiceLog,2026-09-29T23:00:00Z
SYN-TR-0027,SYN-SO-0027,SYN-EM-0001,2026-04-30,Operation and basic maintenance,8,2,4,true,training_sessions:00027,ServiceLog,2026-09-29T23:00:00Z
SYN-TR-0065,SYN-SO-0065,SYN-EM-0001,2026-02-14,Operation and basic maintenance,15,8,3,true,training_sessions:00065,ServiceLog,2026-09-29T23:00:00Z
SYN-TR-0049,SYN-SO-0049,SYN-EM-0001,2026-06-26,Operation and basic maintenance,15,4,3,true,training_sessions:00049,ServiceLog,2026-09-29T23:00:00Z
SYN-TR-0005,SYN-SO-0005,SYN-EM-0001,2026-08-02,Operation and basic maintenance,3,8,3,true,training_sessions:00005,ServiceLog,2026-09-29T23:00:00Z
SYN-TR-0038,SYN-SO-0038,SYN-EM-0001,31-Aug-2026,Operation and basic maintenance,14,2,5,true,training_sessions:00038,ServiceLog,2026-09-29T23:00:00Z
SYN-TR-0066,SYN-SO-0066,SYN-EM-0001,2026-07-25,Operation and basic maintenance,14,4,5,YES,training_sessions:00066,ServiceLog,2026-09-29T23:00:00Z
SYN-TR-0029,SYN-SO-0029,SYN-EM-0001,2026-05-08,Operation and basic maintenance,10,2,5,true,training_sessions:00029,ServiceLog,2026-09-29T23:00:00Z
SYN-TR-0028,SYN-SO-0028,SYN-EM-0001,2026-09-09,Operation and basic maintenance,7,2,4,YES,training_sessions:00028,ServiceLog,2026-09-29T23:00:00Z
SYN-TR-0042,SYN-SO-0042,SYN-EM-0001,2026-06-12,Operation and basic maintenance,13,8,4,true,training_sessions:00042,ServiceLog,2026-09-29T23:00:00Z
SYN-TR-0004,SYN-SO-0004,SYN-EM-0001,23-Aug-2026,Operation and basic maintenance,9,2,3,true,training_sessions:00004,ServiceLog,2026-09-29T23:00:00Z
SYN-TR-0046,SYN-SO-0046,SYN-EM-0001,31/05/2026,Operation and basic maintenance,14,2,4,true,training_sessions:00046,ServiceLog,2026-09-29T23:00:00Z
SYN-TR-0039,SYN-SO-0039,SYN-EM-0001,2026-04-02,Operation and basic maintenance,5,4,4,true,training_sessions:00039,ServiceLog,2026-09-29T23:00:00Z
SYN-TR-0015,SYN-SO-0015,SYN-EM-0001,2026-04-01,Operation and basic maintenance,9,2,3,true,training_sessions:00015,ServiceLog,2026-09-29T23:00:00Z
SYN-TR-0017,SYN-SO-0017,SYN-EM-0001,2026-06-30,Operation and basic maintenance,10,2,4,true,training_sessions:00017,ServiceLog,2026-09-29T23:00:00Z
SYN-TR-0073,SYN-SO-0073,SYN-EM-0001,2026-04-21,Operation and basic maintenance,8,4,3,true,training_sessions:00073,ServiceLog,2026-09-29T23:00:00Z
SYN-TR-0018,SYN-SO-0018,SYN-EM-0001,2026-08-25,Operation and basic maintenance,15,8,5,true,training_sessions:00018,ServiceLog,2026-09-29T23:00:00Z
SYN-TR-0035,SYN-SO-0035,SYN-EM-0001,11/05/2026,Operation and basic maintenance,9,2,5,true,training_sessions:00035,ServiceLog,2026-09-29T23:00:00Z
SYN-TR-0007,SYN-SO-0007,SYN-EM-0001,2026-04-19,Operation and basic maintenance,14,8,4,true,training_sessions:00007,ServiceLog,2026-09-29T23:00:00Z
SYN-TR-0069,SYN-SO-0069,SYN-EM-0001,2026-05-19,Operation and basic maintenance,4,2,4,true,training_sessions:00069,ServiceLog,2026-09-29T23:00:00Z
SYN-TR-0032,SYN-SO-0032,SYN-EM-0001,2026-05-12,Operation and basic maintenance,12,8,3,true,training_sessions:DUP:00031,ServiceLog,2026-09-29T23:00:00Z
SYN-TR-0023,SYN-SO-0023,SYN-EM-0001,2026-07-04,Operation and basic maintenance,12,2,5,true,training_sessions:00023,ServiceLog,2026-09-29T23:00:00Z
SYN-TR-0022,SYN-SO-0022,SYN-EM-0001,2026-05-17,Operation and basic maintenance,8,4,5,true,training_sessions:00022,ServiceLog,2026-09-29T23:00:00Z
SYN-TR-0045,SYN-SO-0045,SYN-EM-0001,2026-03-23,Operation and basic maintenance,3,4,4,true,training_sessions:00045,ServiceLog,2026-09-29T23:00:00Z
SYN-TR-0064,SYN-SO-0064,SYN-EM-0001,2026-06-11,Operation and basic maintenance,10,8,3,true,training_sessions:00064,ServiceLog,2026-09-29T23:00:00Z
SYN-TR-0070,SYN-SO-0070,SYN-EM-0001,2026-07-12,Operation and basic maintenance,6,8,5,true,training_sessions:00070,ServiceLog,2026-09-29T23:00:00Z
SYN-TR-0047,SYN-SO-0047,SYN-EM-0001,2026-05-07,Operation and basic maintenance,12,8,4,YES,training_sessions:00047,ServiceLog,2026-09-29T23:00:00Z
SYN-TR-0003,SYN-SO-0003,SYN-EM-0001,2026-03-10,Operation and basic maintenance,3,2,5,true,training_sessions:00003,ServiceLog,2026-09-29T23:00:00Z
SYN-TR-0013,SYN-SO-0013,SYN-EM-0001,01/03/2026,Operation and basic maintenance,5,2,4,true,training_sessions:00013,ServiceLog,2026-09-29T23:00:00Z
SYN-TR-0052,SYN-SO-0052,SYN-EM-0001,2026-04-19,Operation and basic maintenance,5,4,4,true,training_sessions:00052,ServiceLog,2026-09-29T23:00:00Z
SYN-TR-0075,SYN-SO-0075,SYN-EM-0001,2026-05-24,Operation and basic maintenance,5,8,3,true,training_sessions:00075,ServiceLog,2026-09-29T23:00:00Z
SYN-TR-0079,SYN-SO-0079,SYN-EM-0001,13/09/2026,Operation and basic maintenance,7,2,4,true,training_sessions:00079,ServiceLog,2026-09-29T23:00:00Z
SYN-TR-0021,SYN-SO-0021,SYN-EM-0001,06-Jun-2026,Operation and basic maintenance,4,8,5,true,training_sessions:00021,ServiceLog,2026-09-29T23:00:00Z
SYN-TR-0034,SYN-SO-0034,SYN-EM-0001,2026-07-08,Operation and basic maintenance,5,2,5,true,training_sessions:00034,ServiceLog,2026-09-29T23:00:00Z
SYN-TR-0043,SYN-SO-0043,SYN-EM-0001,2026-07-29,Operation and basic maintenance,6,2,5,true,training_sessions:00043,ServiceLog,2026-09-29T23:00:00Z
SYN-TR-0002,SYN-SO-0002,SYN-EM-0001,09/06/2026,Operation and basic maintenance,8,2,3,true,training_sessions:00002,ServiceLog,2026-09-29T23:00:00Z
SYN-TR-0080,SYN-SO-0080,SYN-EM-0001,2026-06-09,Operation and basic maintenance,9,2,4,true,training_sessions:00080,ServiceLog,2026-09-29T23:00:00Z
SYN-TR-0014,SYN-SO-0014,SYN-EM-0001,2026-04-21,Operation and basic maintenance,8,4,4,true,training_sessions:00014,ServiceLog,2026-09-29T23:00:00Z
SYN-TR-0072,SYN-SO-0072,SYN-EM-0001,09-May-2026,Operation and basic maintenance,4,4,3,true,training_sessions:00072,ServiceLog,2026-09-29T23:00:00Z
SYN-TR-0010,SYN-SO-0010,SYN-EM-0001,2026-03-23,Operation and basic maintenance,14,8,5,true,training_sessions:00010,ServiceLog,2026-09-29T23:00:00Z
SYN-TR-0071,SYN-SO-0071,SYN-EM-0001,2026-03-29,Operation and basic maintenance,3,8,3,true,training_sessions:00071,ServiceLog,2026-09-29T23:00:00Z
SYN-TR-0033,SYN-SO-0033,SYN-EM-0001,2026-05-01,Operation and basic maintenance,4,4,3,true,training_sessions:00033,ServiceLog,2026-09-29T23:00:00Z
SYN-TR-0057,SYN-SO-0057,SYN-EM-0001,01/08/2026,Operation and basic maintenance,11,8,4,true,training_sessions:00057,ServiceLog,2026-09-29T23:00:00Z
SYN-TR-0068,SYN-SO-0068,SYN-EM-0001,22/05/2026,Operation and basic maintenance,12,8,5,true,training_sessions:00068,ServiceLog,2026-09-29T23:00:00Z
SYN-TR-0008,SYN-SO-0008,SYN-EM-0001,2026-08-21,Operation and basic maintenance,6,8,3,true,training_sessions:00008,ServiceLog,2026-09-29T23:00:00Z
SYN-TR-0012,SYN-SO-0012,SYN-EM-0001,2026-04-17,Operation and basic maintenance,14,2,3,true,training_sessions:00012,ServiceLog,2026-09-29T23:00:00Z
SYN-TR-0061,SYN-SO-0061,SYN-EM-0001,2026-07-19,Operation and basic maintenance,6,4,5,true,training_sessions:00061,ServiceLog,2026-09-29T23:00:00Z
SYN-TR-0050,SYN-SO-0050,SYN-EM-0001,2026-05-15,Operation and basic maintenance,15,8,5,true,training_sessions:00050,ServiceLog,2026-09-29T23:00:00Z
SYN-TR-0076,SYN-SO-0076,SYN-EM-0001,2026-08-29,Operation and basic maintenance,10,4,3,true,training_sessions:00076,ServiceLog,2026-09-29T23:00:00Z
SYN-TR-0041,SYN-SO-0041,SYN-EM-0001,2026-02-19,Operation and basic maintenance,9,8,5,true,training_sessions:00041,ServiceLog,2026-09-29T23:00:00Z
SYN-TR-0036,SYN-SO-0036,SYN-EM-0001,2026-05-17,Operation and basic maintenance,13,8,4,true,training_sessions:00036,ServiceLog,2026-09-29T23:00:00Z
SYN-TR-0032,SYN-SO-0032,SYN-EM-0001,2026-05-12,Operation and basic maintenance,12,8,3,true,training_sessions:00032,ServiceLog,2026-09-29T23:00:00Z
SYN-TR-0001,SYN-SO-0001,SYN-EM-0001,2026-06-05,Operation and basic maintenance,4,4,3,true,training_sessions:00001,ServiceLog,2026-09-29T23:00:00Z
SYN-TR-0053,SYN-SO-0053,SYN-EM-0001,2026-09-13,Operation and basic maintenance,14,8,3,true,training_sessions:00053,ServiceLog,2026-09-29T23:00:00Z
SYN-TR-0009,SYN-SO-0009,SYN-EM-0001,2026-02-17,Operation and basic maintenance,14,4,3,YES,training_sessions:00009,ServiceLog,2026-09-29T23:00:00Z
SYN-TR-0054,SYN-SO-0054,SYN-EM-0001,2026-03-01,Operation and basic maintenance,5,4,3,true,training_sessions:00054,ServiceLog,2026-09-29T23:00:00Z
SYN-TR-0006,SYN-SO-0006,SYN-EM-0001,2026-09-10,Operation and basic maintenance,15,8,4,true,training_sessions:00006,ServiceLog,2026-09-29T23:00:00Z
SYN-TR-0001,SYN-SO-0001,SYN-EM-0001,2026-06-05,Operation and basic maintenance,4,4,3,true,training_sessions:DUP:00000,ServiceLog,2026-09-29T23:00:00Z
SYN-TR-0026,SYN-SO-0026,SYN-EM-0001,2026-02-22,Operation and basic maintenance,10,4,5,true,training_sessions:00026,ServiceLog,2026-09-29T23:00:00Z
SYN-TR-0062,SYN-SO-0062,SYN-EM-0001,2026-07-06,Operation and basic maintenance,11,4,3,true,training_sessions:00062,ServiceLog,2026-09-29T23:00:00Z
SYN-TR-0058,SYN-SO-0058,SYN-EM-0001,2026-06-11,Operation and basic maintenance,11,4,3,true,training_sessions:00058,ServiceLog,2026-09-29T23:00:00Z
SYN-TR-0059,SYN-SO-0059,SYN-EM-0001,2026-03-31,Operation and basic maintenance,13,2,4,true,training_sessions:00059,ServiceLog,2026-09-29T23:00:00Z
SYN-TR-0019,SYN-SO-0019,SYN-EM-0001,2026-05-10,Operation and basic maintenance,12,4,5,true,training_sessions:00019,ServiceLog,2026-09-29T23:00:00Z
SYN-TR-0048,SYN-SO-0048,SYN-EM-0001,2026-05-13,Operation and basic maintenance,9,2,3,true,training_sessions:00048,ServiceLog,2026-09-29T23:00:00Z
SYN-TR-0044,SYN-SO-0044,SYN-EM-0001,2026-02-23,Operation and basic maintenance,11,2,5,true,training_sessions:00044,ServiceLog,2026-09-29T23:00:00Z
SYN-TR-0030,SYN-SO-0030,SYN-EM-0001,2026-02-20,Operation and basic maintenance,5,8,3,true,training_sessions:00030,ServiceLog,2026-09-29T23:00:00Z
SYN-TR-0011,SYN-SO-0011,SYN-EM-0001,2026-04-14,Operation and basic maintenance,11,2,4,true,training_sessions:00011,ServiceLog,2026-09-29T23:00:00Z
SYN-TR-0040,SYN-SO-0040,SYN-EM-0001,2026-04-14,Operation and basic maintenance,14,2,5,true,training_sessions:00040,ServiceLog,2026-09-29T23:00:00Z
SYN-TR-0067,SYN-SO-0067,SYN-EM-0001,2026-07-25,Operation and basic maintenance,14,4,3,true,training_sessions:00067,ServiceLog,2026-09-29T23:00:00Z
SYN-TR-0077,SYN-SO-0077,SYN-EM-0001,2026-04-16,Operation and basic maintenance,7,2,4,true,training_sessions:00077,ServiceLog,2026-09-29T23:00:00Z
SYN-TR-0078,SYN-SO-0078,SYN-EM-0001,2026-05-30,Operation and basic maintenance,4,8,5,true,training_sessions:00078,ServiceLog,2026-09-29T23:00:00Z
SYN-TR-0063,SYN-SO-0063,SYN-EM-0001,2026-03-12,Operation and basic maintenance,8,8,3,true,training_sessions:DUP:00062,ServiceLog,2026-09-29T23:00:00Z
